id,school_id,assessment_id,enrolment_id,score,status,entered_by,updated_at
68295757-6856-5600-b091-d423842fc6ec,9341cf1e-f77b-5e4a-abbe-6a72f8c4a2fa,295b62d0-144b-543c-b4cb-a157d69afcb5,c1ab2734-46af-55dc-8766-b22b50c5d3cd,18,present,d0f5a97f-ad85-5433-8e7a-67a79da066d3,2026-03-20T10:00:00Z
b48cfe38-5d8f-5ed4-b77c-442419f7cadc,9341cf1e-f77b-5e4a-abbe-6a72f8c4a2fa,3a51d5c5-1b0c-5faf-915c-6dcdfcfa7e97,c1ab2734-46af-55dc-8766-b22b50c5d3cd,30,present,d0f5a97f-ad85-5433-8e7a-67a79da066d3,2026-03-20T10:00:00Z
aa360680-828f-5d4f-9311-32c64da649df,9341cf1e-f77b-5e4a-abbe-6a72f8c4a2fa,d8298013-3c62-575e-9439-d1205cfc8486,c1ab2734-46af-55dc-8766-b22b50c5d3cd,48,present,d0f5a97f-ad85-5433-8e7a-67a79da066d3,2026-03-20T10:00:00Z
75da3a44-6a5d-5e69-bcfc-309dc159e10c,9341cf1e-f77b-5e4a-abbe-6a72f8c4a2fa,fbbe343b-f09a-56b0-a841-19be50ab2fd8,c1ab2734-46af-55dc-8766-b22b50c5d3cd,9,present,0a9cf731-8101-5c94-8f1a-993db8f3bb9e,2026-03-20T10:00:00Z
05715578-c3cd-52e4-941f-37dc20dd2f21,9341cf1e-f77b-5e4a-abbe-6a72f8c4a2fa,7e566ea9-6a47-5f6d-b089-13a17ac37947,c1ab2734-46af-55dc-8766-b22b50c5d3cd,19,present,0a9cf731-8101-5c94-8f1a-993db8f3bb9e,2026-03-20T10:00:00Z
2c6dcc8a-34fe-51fa-81cb-6f619ab86b93,9341cf1e-f77b-5e4a-abbe-6a72f8c4a2fa,48047bf6-ece5-583f-a3d1-f1584b93a302,c1ab2734-46af-55dc-8766-b22b50c5d3cd,37,present,0a9cf731-8101-5c94-8f1a-993db8f3bb9e,2026-03-20T10:00:00Z
f705267a-ac2f-5cb5-83c6-279644320dbc,9341cf1e-f77b-5e4a-abbe-6a72f8c4a2fa,c026763c-6aba-599a-998c-9bc24aed6243,c1ab2734-46af-55dc-8766-b22b50c5d3cd,11,present,ea1ece68-bc07-53fd-ab08-d1c2b4a4002c,2026-03-20T10:00:00Z
2f33f9d1-3ac5-541c-9d0b-27e55410092f,9341cf1e-f77b-5e4a-abbe-6a72f8c4a2fa,0351afe7-904d-5b91-b7da-7dc782590538,c1ab2734-46af-55dc-8766-b22b50c5d3cd,18,present,ea1ece68-bc07-53fd-ab08-d1c2b4a4002c,2026-03-20T10:00:00Z
74f0185b-77a4-59cd-8501-fa19322b6012,9341cf1e-f77b-5e4a-abbe-6a72f8c4a2fa,f182b4f0-def1-5fd1-86ad-afd2edf95c93,c1ab2734-46af-55dc-8766-b22b50c5d3cd,35,present,ea1ece68-bc07-53fd-ab08-d1c2b4a4002c,2026-03-20T10:00:00Z
fbe7ff5c-0f11-5746-af80-8478b1585671,9341cf1e-f77b-5e4a-abbe-6a72f8c4a2fa,59c54e22-2387-5864-b143-c088eb20697c,c1ab2734-46af-55dc-8766-b22b50c5d3cd,8,present,6ad65213-e90f-5f74-ae79-ce3505408a84,2026-03-20T10:00:00Z
3e8f7a44-ed74-5466-981c-cb85007ca5e3,9341cf1e-f77b-5e4a-abbe-6a72f8c4a2fa,f5c87d4f-bd57-5c7b-a828-416bd41c64a1,c1ab2734-46af-55dc-8766-b22b50c5d3cd,14,present,6ad65213-e90f-5f74-ae79-ce3505408a84,2026-03-20T10:00:00Z
b6fdf0b0-a2d5-5d17-afbc-8813bdac124b,9341cf1e-f77b-5e4a-abbe-6a72f8c4a2fa,e524ccc0-2590-5992-bc30-3eb4b303145a,c1ab2734-46af-55dc-8766-b22b50c5d3cd,25,present,6ad65213-e90f-5f74-ae79-ce3505408a84,2026-03-20T10:00:00Z
9fa6578c-f2e5-5b4f-8a35-3ce28b32c3d4,9341cf1e-f77b-5e4a-abbe-6a72f8c4a2fa,39feee82-a2ba-5534-a5e8-49ccb3ef9712,c1ab2734-46af-55dc-8766-b22b50c5d3cd,14,present,6ad65213-e90f-5f74-ae79-ce3505408a84,2026-03-20T10:00:00Z
8d581f64-dc22-5b43-b120-1c694f2d9884,9341cf1e-f77b-5e4a-abbe-6a72f8c4a2fa,dee8a9a9-b2eb-5fd4-81bb-289aca910a20,c1ab2734-46af-55dc-8766-b22b50c5d3cd,28,present,6ad65213-e90f-5f74-ae79-ce3505408a84,2026-03-20T10:00:00Z
b8b6a7d9-dc58-5df1-a378-aeec7a6ac4ed,9341cf1e-f77b-5e4a-abbe-6a72f8c4a2fa,016321eb-1224-59af-b438-c0b7371bf14c,c1ab2734-46af-55dc-8766-b22b50c5d3cd,47,present,6ad65213-e90f-5f74-ae79-ce3505408a84,2026-03-20T10:00:00Z
0dcf100f-aed9-5a67-872e-fdfd97b5a945,9341cf1e-f77b-5e4a-abbe-6a72f8c4a2fa,04226b51-bde9-5501-a496-ab708381638c,c1ab2734-46af-55dc-8766-b22b50c5d3cd,7,present,cccdf135-6895-5e96-b2f4-e0c94b2971a0,2026-03-20T10:00:00Z
aca928d6-6038-5592-8151-bde5f1be2fce,9341cf1e-f77b-5e4a-abbe-6a72f8c4a2fa,0108a07f-d6e5-5c52-b504-432bff8b7c17,c1ab2734-46af-55dc-8766-b22b50c5d3cd,18,present,cccdf135-6895-5e96-b2f4-e0c94b2971a0,2026-03-20T10:00:00Z
b7dc68e5-e3cd-51f1-8ac1-e1845b17c750,9341cf1e-f77b-5e4a-abbe-6a72f8c4a2fa,902ec36b-35b0-5b0d-a7b6-eca574437864,c1ab2734-46af-55dc-8766-b22b50c5d3cd,34,present,cccdf135-6895-5e96-b2f4-e0c94b2971a0,2026-03-20T10:00:00Z
eb8f0aed-8fe4-511e-accc-17db7ad3bf51,9341cf1e-f77b-5e4a-abbe-6a72f8c4a2fa,79e9f29d-729f-5768-b59a-86726e8ec033,c1ab2734-46af-55dc-8766-b22b50c5d3cd,13,present,adbc96ac-0567-5b6b-9ca1-b7b285463f9c,2026-03-20T10:00:00Z
8d34e2eb-baf9-56e5-aeff-da19de2bb1c1,9341cf1e-f77b-5e4a-abbe-6a72f8c4a2fa,048c24e0-3ccc-5828-8001-e5d7773004ef,c1ab2734-46af-55dc-8766-b22b50c5d3cd,23,present,adbc96ac-0567-5b6b-9ca1-b7b285463f9c,2026-03-20T10:00:00Z
35a9a8c3-4f5f-5bd1-a93b-7111865187ba,9341cf1e-f77b-5e4a-abbe-6a72f8c4a2fa,f69163e1-9c6d-5a21-b624-963f0cbb6d6b,c1ab2734-46af-55dc-8766-b22b50c5d3cd,41,present,adbc96ac-0567-5b6b-9ca1-b7b285463f9c,2026-03-20T10:00:00Z
0cd2120e-b136-5b3d-8dd1-1958c05ef969,9341cf1e-f77b-5e4a-abbe-6a72f8c4a2fa,295b62d0-144b-543c-b4cb-a157d69afcb5,582ca7f0-d4be-5e7a-b090-a0208bf45af6,18,present,d0f5a97f-ad85-5433-8e7a-67a79da066d3,2026-03-20T10:00:00Z
e3be76a6-040d-5d2d-8ac8-267ab44a669e,9341cf1e-f77b-5e4a-abbe-6a72f8c4a2fa,3a51d5c5-1b0c-5faf-915c-6dcdfcfa7e97,582ca7f0-d4be-5e7a-b090-a0208bf45af6,26,present,d0f5a97f-ad85-5433-8e7a-67a79da066d3,2026-03-20T10:00:00Z
c7ade9ff-5412-5ed1-9d77-9c0e3b639f5a,9341cf1e-f77b-5e4a-abbe-6a72f8c4a2fa,d8298013-3c62-575e-9439-d1205cfc8486,582ca7f0-d4be-5e7a-b090-a0208bf45af6,56,present,d0f5a97f-ad85-5433-8e7a-67a79da066d3,2026-03-20T10:00:00Z
54491e48-51c9-56c2-a73b-b01effd4c86f,9341cf1e-f77b-5e4a-abbe-6a72f8c4a2fa,fbbe343b-f09a-56b0-a841-19be50ab2fd8,582ca7f0-d4be-5e7a-b090-a0208bf45af6,20,present,0a9cf731-8101-5c94-8f1a-993db8f3bb9e,2026-03-20T10:00:00Z
8bb9758d-d773-5778-8df8-5fc1529b6fe7,9341cf1e-f77b-5e4a-abbe-6a72f8c4a2fa,7e566ea9-6a47-5f6d-b089-13a17ac37947,582ca7f0-d4be-5e7a-b090-a0208bf45af6,33,present,0a9cf731-8101-5c94-8f1a-993db8f3bb9e,2026-03-20T10:00:00Z
e0dd1210-3df8-5924-8e7c-bf2d14d6f4c2,9341cf1e-f77b-5e4a-abbe-6a72f8c4a2fa,48047bf6-ece5-583f-a3d1-f1584b93a302,582ca7f0-d4be-5e7a-b090-a0208bf45af6,59,present,0a9cf731-8101-5c94-8f1a-993db8f3bb9e,2026-03-20T10:00:00Z
a3a53865-f8fd-5263-9056-4c7f83bce148,9341cf1e-f77b-5e4a-abbe-6a72f8c4a2fa,c026763c-6aba-599a-998c-9bc24aed6243,582ca7f0-d4be-5e7a-b090-a0208bf45af6,17,present,ea1ece68-bc07-53fd-ab08-d1c2b4a4002c,2026-03-20T10:00:00Z
6d28c534-271e-5411-a697-0d6cc7f416db,9341cf1e-f77b-5e4a-abbe-6a72f8c4a2fa,0351afe7-904d-5b91-b7da-7dc782590538,582ca7f0-d4be-5e7a-b090-a0208bf45af6,31,present,ea1ece68-bc07-53fd-ab08-d1c2b4a4002c,2026-03-20T10:00:00Z
08bab901-6e10-59e8-8d9e-64ce8c910d47,9341cf1e-f77b-5e4a-abbe-6a72f8c4a2fa,f182b4f0-def1-5fd1-86ad-afd2edf95c93,582ca7f0-d4be-5e7a-b090-a0208bf45af6,51,present,ea1ece68-bc07-53fd-ab08-d1c2b4a4002c,2026-03-20T10:00:00Z
e42182d7-e177-5e83-bec0-d5deae8afe23,9341cf1e-f77b-5e4a-abbe-6a72f8c4a2fa,6ede8b35-9205-5cb4-b818-95c48b220496,582ca7f0-d4be-5e7a-b090-a0208bf45af6,19,present,cccdf135-6895-5e96-b2f4-e0c94b2971a0,2026-03-20T10:00:00Z
384d033b-3cef-5e98-82b1-afb91009c45e,9341cf1e-f77b-5e4a-abbe-6a72f8c4a2fa,8df92841-b064-52f2-bba1-200736d3759f,582ca7f0-d4be-5e7a-b090-a0208bf45af6,31,present,cccdf135-6895-5e96-b2f4-e0c94b2971a0,2026-03-20T10:00:00Z
2bf93263-0d61-5357-8c74-eb3954a0dd50,9341cf1e-f77b-5e4a-abbe-6a72f8c4a2fa,daffef80-3525-558d-a911-ccc12aceee4c,582ca7f0-d4be-5e7a-b090-a0208bf45af6,63,present,cccdf135-6895-5e96-b2f4-e0c94b2971a0,2026-03-20T10:00:00Z
ab1612d4-fbd1-5660-ab5d-101d633fc65e,9341cf1e-f77b-5e4a-abbe-6a72f8c4a2fa,59c54e22-2387-5864-b143-c088eb20697c,582ca7f0-d4be-5e7a-b090-a0208bf45af6,17,present,6ad65213-e90f-5f74-ae79-ce3505408a84,2026-03-20T10:00:00Z
83f21dc9-527a-5bef-8caa-55ad2c11acbb,9341cf1e-f77b-5e4a-abbe-6a72f8c4a2fa,f5c87d4f-bd57-5c7b-a828-416bd41c64a1,582ca7f0-d4be-5e7a-b090-a0208bf45af6,27,present,6ad65213-e90f-5f74-ae79-ce3505408a84,2026-03-20T10:00:00Z
7061dab3-40d0-588d-b6b9-77204b03805d,9341cf1e-f77b-5e4a-abbe-6a72f8c4a2fa,e524ccc0-2590-5992-bc30-3eb4b303145a,582ca7f0-d4be-5e7a-b090-a0208bf45af6,50,present,6ad65213-e90f-5f74-ae79-ce3505408a84,2026-03-20T10:00:00Z
c1be160e-21ce-573b-9b9b-a856ec451d49,9341cf1e-f77b-5e4a-abbe-6a72f8c4a2fa,39feee82-a2ba-5534-a5e8-49ccb3ef9712,582ca7f0-d4be-5e7a-b090-a0208bf45af6,16,present,6ad65213-e90f-5f74-ae79-ce3505408a84,2026-03-20T10:00:00Z
7323b64d-fede-5e8f-9550-9224619f346e,9341cf1e-f77b-5e4a-abbe-6a72f8c4a2fa,dee8a9a9-b2eb-5fd4-81bb-289aca910a20,582ca7f0-d4be-5e7a-b090-a0208bf45af6,27,present,6ad65213-e90f-5f74-ae79-ce3505408a84,2026-03-20T10:00:00Z
0ab58bf6-405e-5a1d-bd33-fd2c62a5fc2d,9341cf1e-f77b-5e4a-abbe-6a72f8c4a2fa,016321eb-1224-59af-b438-c0b7371bf14c,582ca7f0-d4be-5e7a-b090-a0208bf45af6,61,present,6ad65213-e90f-5f74-ae79-ce3505408a84,2026-03-20T10:00:00Z
18bed44a-62f2-5950-895d-9ba7e9099082,9341cf1e-f77b-5e4a-abbe-6a72f8c4a2fa,0b630204-bf1a-5f3e-8708-72adf28087e9,582ca7f0-d4be-5e7a-b090-a0208bf45af6,15,present,9a7606a0-33db-5faa-9d93-a634e51b2733,2026-03-20T10:00:00Z
469370ff-0a2b-5295-b70d-4e772422d5e1,9341cf1e-f77b-5e4a-abbe-6a72f8c4a2fa,7cc2ec8a-26cc-54c9-9bba-842f754346fb,582ca7f0-d4be-5e7a-b090-a0208bf45af6,28,present,9a7606a0-33db-5faa-9d93-a634e51b2733,2026-03-20T10:00:00Z
4038bc8d-f9f9-570f-9bf3-0c0eb98d76fc,9341cf1e-f77b-5e4a-abbe-6a72f8c4a2fa,93dabbe1-8252-53b3-a931-cd9f606335b2,582ca7f0-d4be-5e7a-b090-a0208bf45af6,50,present,9a7606a0-33db-5faa-9d93-a634e51b2733,2026-03-20T10:00:00Z
363fc74e-a981-5ee7-b611-b5461eb07523,9341cf1e-f77b-5e4a-abbe-6a72f8c4a2fa,295b62d0-144b-543c-b4cb-a157d69afcb5,da76072c-a7aa-575b-b294-71d0628975d0,25,present,d0f5a97f-ad85-5433-8e7a-67a79da066d3,2026-03-20T10:00:00Z
8cfaf1af-171a-55a6-85d7-d789bd769033,9341cf1e-f77b-5e4a-abbe-6a72f8c4a2fa,3a51d5c5-1b0c-5faf-915c-6dcdfcfa7e97,da76072c-a7aa-575b-b294-71d0628975d0,40,present,d0f5a97f-ad85-5433-8e7a-67a79da066d3,2026-03-20T10:00:00Z
d11ac298-e2da-5578-941e-a517893943bb,9341cf1e-f77b-5e4a-abbe-6a72f8c4a2fa,d8298013-3c62-575e-9439-d1205cfc8486,da76072c-a7aa-575b-b294-71d0628975d0,82,present,d0f5a97f-ad85-5433-8e7a-67a79da066d3,2026-03-20T10:00:00Z
8adb0c80-7b23-5b91-b0b6-67227675fc21,9341cf1e-f77b-5e4a-abbe-6a72f8c4a2fa,fbbe343b-f09a-56b0-a841-19be50ab2fd8,da76072c-a7aa-575b-b294-71d0628975d0,23,present,0a9cf731-8101-5c94-8f1a-993db8f3bb9e,2026-03-20T10:00:00Z
b34d5a8e-33ea-5154-80a2-36fa4b707c2e,9341cf1e-f77b-5e4a-abbe-6a72f8c4a2fa,7e566ea9-6a47-5f6d-b089-13a17ac37947,da76072c-a7aa-575b-b294-71d0628975d0,35,present,0a9cf731-8101-5c94-8f1a-993db8f3bb9e,2026-03-20T10:00:00Z
14047ed1-c70f-5fd7-9d21-d27b79c8f493,9341cf1e-f77b-5e4a-abbe-6a72f8c4a2fa,48047bf6-ece5-583f-a3d1-f1584b93a302,da76072c-a7aa-575b-b294-71d0628975d0,77,present,0a9cf731-8101-5c94-8f1a-993db8f3bb9e,2026-03-20T10:00:00Z
5868b0a4-aae3-5a0f-a219-d9b2ad4f14cf,9341cf1e-f77b-5e4a-abbe-6a72f8c4a2fa,c026763c-6aba-599a-998c-9bc24aed6243,da76072c-a7aa-575b-b294-71d0628975d0,23,present,ea1ece68-bc07-53fd-ab08-d1c2b4a4002c,2026-03-20T10:00:00Z
487139c5-a47f-5e97-96b4-239fbf3ae9f1,9341cf1e-f77b-5e4a-abbe-6a72f8c4a2fa,0351afe7-904d-5b91-b7da-7dc782590538,da76072c-a7aa-575b-b294-71d0628975d0,47,present,ea1ece68-bc07-53fd-ab08-d1c2b4a4002c,2026-03-20T10:00:00Z
3c08c525-8d8a-5fce-8bbd-a222a10b425f,9341cf1e-f77b-5e4a-abbe-6a72f8c4a2fa,f182b4f0-def1-5fd1-86ad-afd2edf95c93,da76072c-a7aa-575b-b294-71d0628975d0,86,present,ea1ece68-bc07-53fd-ab08-d1c2b4a4002c,2026-03-20T10:00:00Z
cbb72563-161c-5319-af00-1d98ec19b5ad,9341cf1e-f77b-5e4a-abbe-6a72f8c4a2fa,337cbf4b-489f-5171-9d69-daddf75e91b6,da76072c-a7aa-575b-b294-71d0628975d0,22,present,41b489ac-92f6-5fc0-8bce-c587a1d85417,2026-03-20T10:00:00Z
5c7e7307-96b2-5b2b-ae5d-d42847da0749,9341cf1e-f77b-5e4a-abbe-6a72f8c4a2fa,82bf509a-6d46-5423-933b-a5e1da598e3e,da76072c-a7aa-575b-b294-71d0628975d0,38,present,41b489ac-92f6-5fc0-8bce-c587a1d85417,2026-03-20T10:00:00Z
5118b8d7-43f3-51f5-b8ed-b4796502a507,9341cf1e-f77b-5e4a-abbe-6a72f8c4a2fa,d050d710-def1-55b1-8852-62105d37170e,da76072c-a7aa-575b-b294-71d0628975d0,74,present,41b489ac-92f6-5fc0-8bce-c587a1d85417,2026-03-20T10:00:00Z
1c79324d-e2d4-5063-8315-a07e3878f00e,9341cf1e-f77b-5e4a-abbe-6a72f8c4a2fa,04226b51-bde9-5501-a496-ab708381638c,da76072c-a7aa-575b-b294-71d0628975d0,21,present,cccdf135-6895-5e96-b2f4-e0c94b2971a0,2026-03-20T10:00:00Z
6f960740-e0aa-58c6-9733-051f1572e583,9341cf1e-f77b-5e4a-abbe-6a72f8c4a2fa,0108a07f-d6e5-5c52-b504-432bff8b7c17,da76072c-a7aa-575b-b294-71d0628975d0,38,present,cccdf135-6895-5e96-b2f4-e0c94b2971a0,2026-03-20T10:00:00Z
61d9b186-d543-5e2e-98c4-f42db699dade,9341cf1e-f77b-5e4a-abbe-6a72f8c4a2fa,902ec36b-35b0-5b0d-a7b6-eca574437864,da76072c-a7aa-575b-b294-71d0628975d0,64,present,cccdf135-6895-5e96-b2f4-e0c94b2971a0,2026-03-20T10:00:00Z
dacaef10-9491-539a-8baa-ae1a46961a2e,9341cf1e-f77b-5e4a-abbe-6a72f8c4a2fa,59c54e22-2387-5864-b143-c088eb20697c,da76072c-a7aa-575b-b294-71d0628975d0,22,present,6ad65213-e90f-5f74-ae79-ce3505408a84,2026-03-20T10:00:00Z
ff03aebe-0717-544c-afcc-442524284cee,9341cf1e-f77b-5e4a-abbe-6a72f8c4a2fa,f5c87d4f-bd57-5c7b-a828-416bd41c64a1,da76072c-a7aa-575b-b294-71d0628975d0,37,present,6ad65213-e90f-5f74-ae79-ce3505408a84,2026-03-20T10:00:00Z
5f101475-1a39-5a8e-9198-770a24a60b56,9341cf1e-f77b-5e4a-abbe-6a72f8c4a2fa,e524ccc0-2590-5992-bc30-3eb4b303145a,da76072c-a7aa-575b-b294-71d0628975d0,68,present,6ad65213-e90f-5f74-ae79-ce3505408a84,2026-03-20T10:00:00Z
ef4d9d3d-9767-5bf7-9687-113635a4dd50,9341cf1e-f77b-5e4a-abbe-6a72f8c4a2fa,39feee82-a2ba-5534-a5e8-49ccb3ef9712,da76072c-a7aa-575b-b294-71d0628975d0,21,present,6ad65213-e90f-5f74-ae79-ce3505408a84,2026-03-20T10:00:00Z
46dc8222-1353-5d50-a7a4-40ca5e69cf94,9341cf1e-f77b-5e4a-abbe-6a72f8c4a2fa,dee8a9a9-b2eb-5fd4-81bb-289aca910a20,da76072c-a7aa-575b-b294-71d0628975d0,40,present,6ad65213-e90f-5f74-ae79-ce3505408a84,2026-03-20T10:00:00Z
8728f626-708a-5ed1-a894-5dbda865073c,9341cf1e-f77b-5e4a-abbe-6a72f8c4a2fa,016321eb-1224-59af-b438-c0b7371bf14c,da76072c-a7aa-575b-b294-71d0628975d0,70,present,6ad65213-e90f-5f74-ae79-ce3505408a84,2026-03-20T10:00:00Z
09435c33-7d1f-5086-a0d3-d8e89b312a1d,9341cf1e-f77b-5e4a-abbe-6a72f8c4a2fa,295b62d0-144b-543c-b4cb-a157d69afcb5,34ae0f30-6ce2-5e7e-a46c-1604f44e3985,21,present,d0f5a97f-ad85-5433-8e7a-67a79da066d3,2026-03-20T10:00:00Z
855d2819-ffe9-52bb-92d6-850ab88ffa32,9341cf1e-f77b-5e4a-abbe-6a72f8c4a2fa,3a51d5c5-1b0c-5faf-915c-6dcdfcfa7e97,34ae0f30-6ce2-5e7e-a46c-1604f44e3985,31,present,d0f5a97f-ad85-5433-8e7a-67a79da066d3,2026-03-20T10:00:00Z
d44589de-27d4-521e-991e-97214185152e,9341cf1e-f77b-5e4a-abbe-6a72f8c4a2fa,d8298013-3c62-575e-9439-d1205cfc8486,34ae0f30-6ce2-5e7e-a46c-1604f44e3985,61,present,d0f5a97f-ad85-5433-8e7a-67a79da066d3,2026-03-20T10:00:00Z
256d570a-de9e-59df-84ba-f877a1261c0c,9341cf1e-f77b-5e4a-abbe-6a72f8c4a2fa,fbbe343b-f09a-56b0-a841-19be50ab2fd8,34ae0f30-6ce2-5e7e-a46c-1604f44e3985,17,present,0a9cf731-8101-5c94-8f1a-993db8f3bb9e,2026-03-20T10:00:00Z
a0cbfaf7-6fae-5437-9267-41a79833acf2,9341cf1e-f77b-5e4a-abbe-6a72f8c4a2fa,7e566ea9-6a47-5f6d-b089-13a17ac37947,34ae0f30-6ce2-5e7e-a46c-1604f44e3985,27,present,0a9cf731-8101-5c94-8f1a-993db8f3bb9e,2026-03-20T10:00:00Z
54029ffb-a6a5-5859-8f2f-081924cb3cc4,9341cf1e-f77b-5e4a-abbe-6a72f8c4a2fa,48047bf6-ece5-583f-a3d1-f1584b93a302,34ae0f30-6ce2-5e7e-a46c-1604f44e3985,65,present,0a9cf731-8101-5c94-8f1a-993db8f3bb9e,2026-03-20T10:00:00Z
f1bd12b2-d871-5076-a3b0-a880befa0855,9341cf1e-f77b-5e4a-abbe-6a72f8c4a2fa,c026763c-6aba-599a-998c-9bc24aed6243,34ae0f30-6ce2-5e7e-a46c-1604f44e3985,20,present,ea1ece68-bc07-53fd-ab08-d1c2b4a4002c,2026-03-20T10:00:00Z
19bba998-e410-5f2b-89f6-109b8dc81e2e,9341cf1e-f77b-5e4a-abbe-6a72f8c4a2fa,0351afe7-904d-5b91-b7da-7dc782590538,34ae0f30-6ce2-5e7e-a46c-1604f44e3985,32,present,ea1ece68-bc07-53fd-ab08-d1c2b4a4002c,2026-03-20T10:00:00Z
98473cfe-5e2e-5451-9710-58718381be2f,9341cf1e-f77b-5e4a-abbe-6a72f8c4a2fa,f182b4f0-def1-5fd1-86ad-afd2edf95c93,34ae0f30-6ce2-5e7e-a46c-1604f44e3985,76,present,ea1ece68-bc07-53fd-ab08-d1c2b4a4002c,2026-03-20T10:00:00Z
bd50e059-710d-579c-9a6a-e1251ba7e20e,9341cf1e-f77b-5e4a-abbe-6a72f8c4a2fa,0b630204-bf1a-5f3e-8708-72adf28087e9,34ae0f30-6ce2-5e7e-a46c-1604f44e3985,19,present,9a7606a0-33db-5faa-9d93-a634e51b2733,2026-03-20T10:00:00Z
01d95258-ea8d-5b7e-b749-ed333ffd5be5,9341cf1e-f77b-5e4a-abbe-6a72f8c4a2fa,7cc2ec8a-26cc-54c9-9bba-842f754346fb,34ae0f30-6ce2-5e7e-a46c-1604f44e3985,26,present,9a7606a0-33db-5faa-9d93-a634e51b2733,2026-03-20T10:00:00Z
68c820f3-73bf-54b9-a5e3-6e3d6c4a243b,9341cf1e-f77b-5e4a-abbe-6a72f8c4a2fa,93dabbe1-8252-53b3-a931-cd9f606335b2,34ae0f30-6ce2-5e7e-a46c-1604f44e3985,51,present,9a7606a0-33db-5faa-9d93-a634e51b2733,2026-03-20T10:00:00Z
9641a1c3-ef44-5de7-b5f4-43f82949a8e7,9341cf1e-f77b-5e4a-abbe-6a72f8c4a2fa,04226b51-bde9-5501-a496-ab708381638c,34ae0f30-6ce2-5e7e-a46c-1604f44e3985,14,present,cccdf135-6895-5e96-b2f4-e0c94b2971a0,2026-03-20T10:00:00Z
0ec25844-5835-57b6-bab4-79877e1c2b30,9341cf1e-f77b-5e4a-abbe-6a72f8c4a2fa,0108a07f-d6e5-5c52-b504-432bff8b7c17,34ae0f30-6ce2-5e7e-a46c-1604f44e3985,25,present,cccdf135-6895-5e96-b2f4-e0c94b2971a0,2026-03-20T10:00:00Z
a73542d2-0b09-5a10-8a5c-5610f26552fa,9341cf1e-f77b-5e4a-abbe-6a72f8c4a2fa,902ec36b-35b0-5b0d-a7b6-eca574437864,34ae0f30-6ce2-5e7e-a46c-1604f44e3985,60,present,cccdf135-6895-5e96-b2f4-e0c94b2971a0,2026-03-20T10:00:00Z
4751805e-5da3-5e38-8073-67e1d50163dd,9341cf1e-f77b-5e4a-abbe-6a72f8c4a2fa,79e9f29d-729f-5768-b59a-86726e8ec033,34ae0f30-6ce2-5e7e-a46c-1604f44e3985,19,present,adbc96ac-0567-5b6b-9ca1-b7b285463f9c,2026-03-20T10:00:00Z
f617a310-edd7-50d7-9f32-dca7d35667b8,9341cf1e-f77b-5e4a-abbe-6a72f8c4a2fa,048c24e0-3ccc-5828-8001-e5d7773004ef,34ae0f30-6ce2-5e7e-a46c-1604f44e3985,38,present,adbc96ac-0567-5b6b-9ca1-b7b285463f9c,2026-03-20T10:00:00Z
7a74067f-6672-54ce-a691-d98a11eff4b2,9341cf1e-f77b-5e4a-abbe-6a72f8c4a2fa,f69163e1-9c6d-5a21-b624-963f0cbb6d6b,34ae0f30-6ce2-5e7e-a46c-1604f44e3985,65,present,adbc96ac-0567-5b6b-9ca1-b7b285463f9c,2026-03-20T10:00:00Z
70096b3b-b3ff-5c29-8a06-4a98282dc52b,9341cf1e-f77b-5e4a-abbe-6a72f8c4a2fa,39feee82-a2ba-5534-a5e8-49ccb3ef9712,34ae0f30-6ce2-5e7e-a46c-1604f44e3985,15,present,6ad65213-e90f-5f74-ae79-ce3505408a84,2026-03-20T10:00:00Z
cf01fe6f-d473-57c3-b878-cb85bc781e24,9341cf1e-f77b-5e4a-abbe-6a72f8c4a2fa,dee8a9a9-b2eb-5fd4-81bb-289aca910a20,34ae0f30-6ce2-5e7e-a46c-1604f44e3985,26,present,6ad65213-e90f-5f74-ae79-ce3505408a84,2026-03-20T10:00:00Z
a96f66a0-556d-568b-a39f-50f87eff6dee,9341cf1e-f77b-5e4a-abbe-6a72f8c4a2fa,016321eb-1224-59af-b438-c0b7371bf14c,34ae0f30-6ce2-5e7e-a46c-1604f44e3985,49,present,6ad65213-e90f-5f74-ae79-ce3505408a84,2026-03-20T10:00:00Z
385b2a46-315d-5417-a609-2089e1fabdce,9341cf1e-f77b-5e4a-abbe-6a72f8c4a2fa,295b62d0-144b-543c-b4cb-a157d69afcb5,73c2adbe-ffec-5ef3-a177-21dc252c73ab,20,present,d0f5a97f-ad85-5433-8e7a-67a79da066d3,2026-03-20T10:00:00Z
6ed97f72-8d0b-512a-9851-11cb0dc53852,9341cf1e-f77b-5e4a-abbe-6a72f8c4a2fa,3a51d5c5-1b0c-5faf-915c-6dcdfcfa7e97,73c2adbe-ffec-5ef3-a177-21dc252c73ab,34,present,d0f5a97f-ad85-5433-8e7a-67a79da066d3,2026-03-20T10:00:00Z
29c0da42-da74-5b5b-8091-9bbd368d7aa2,9341cf1e-f77b-5e4a-abbe-6a72f8c4a2fa,d8298013-3c62-575e-9439-d1205cfc8486,73c2adbe-ffec-5ef3-a177-21dc252c73ab,72,present,d0f5a97f-ad85-5433-8e7a-67a79da066d3,2026-03-20T10:00:00Z
6f49ed7c-4cb0-5f00-b6fc-b0c02e30be78,9341cf1e-f77b-5e4a-abbe-6a72f8c4a2fa,fbbe343b-f09a-56b0-a841-19be50ab2fd8,73c2adbe-ffec-5ef3-a177-21dc252c73ab,17,present,0a9cf731-8101-5c94-8f1a-993db8f3bb9e,2026-03-20T10:00:00Z
fd2df241-4f04-5721-8261-21c94b046852,9341cf1e-f77b-5e4a-abbe-6a72f8c4a2fa,7e566ea9-6a47-5f6d-b089-13a17ac37947,73c2adbe-ffec-5ef3-a177-21dc252c73ab,34,present,0a9cf731-8101-5c94-8f1a-993db8f3bb9e,2026-03-20T10:00:00Z
d59b9a99-a724-5576-8726-6e13d0c6e62e,9341cf1e-f77b-5e4a-abbe-6a72f8c4a2fa,48047bf6-ece5-583f-a3d1-f1584b93a302,73c2adbe-ffec-5ef3-a177-21dc252c73ab,60,present,0a9cf731-8101-5c94-8f1a-993db8f3bb9e,2026-03-20T10:00:00Z
6623ecc1-c56d-5e41-b309-240f3a674d01,9341cf1e-f77b-5e4a-abbe-6a72f8c4a2fa,c026763c-6aba-599a-998c-9bc24aed6243,73c2adbe-ffec-5ef3-a177-21dc252c73ab,19,present,ea1ece68-bc07-53fd-ab08-d1c2b4a4002c,2026-03-20T10:00:00Z
aab3062b-7870-5923-813c-7e93d745230b,9341cf1e-f77b-5e4a-abbe-6a72f8c4a2fa,0351afe7-904d-5b91-b7da-7dc782590538,73c2adbe-ffec-5ef3-a177-21dc252c73ab,35,present,ea1ece68-bc07-53fd-ab08-d1c2b4a4002c,2026-03-20T10:00:00Z
f141e94c-2fab-518d-bafd-a6c6a1071cf3,9341cf1e-f77b-5e4a-abbe-6a72f8c4a2fa,f182b4f0-def1-5fd1-86ad-afd2edf95c93,73c2adbe-ffec-5ef3-a177-21dc252c73ab,70,present,ea1ece68-bc07-53fd-ab08-d1c2b4a4002c,2026-03-20T10:00:00Z
7cddc237-0496-52fa-8c15-dc61c61b704d,9341cf1e-f77b-5e4a-abbe-6a72f8c4a2fa,04226b51-bde9-5501-a496-ab708381638c,73c2adbe-ffec-5ef3-a177-21dc252c73ab,18,present,cccdf135-6895-5e96-b2f4-e0c94b2971a0,2026-03-20T10:00:00Z
7612dbff-3836-5603-beb1-1f0e955262cc,9341cf1e-f77b-5e4a-abbe-6a72f8c4a2fa,0108a07f-d6e5-5c52-b504-432bff8b7c17,73c2adbe-ffec-5ef3-a177-21dc252c73ab,27,present,cccdf135-6895-5e96-b2f4-e0c94b2971a0,2026-03-20T10:00:00Z
10ffc70d-5321-5b1b-9796-e021ae5977ff,9341cf1e-f77b-5e4a-abbe-6a72f8c4a2fa,902ec36b-35b0-5b0d-a7b6-eca574437864,73c2adbe-ffec-5ef3-a177-21dc252c73ab,47,present,cccdf135-6895-5e96-b2f4-e0c94b2971a0,2026-03-20T10:00:00Z
83b727be-2de2-5639-acc3-80c0e55ada8f,9341cf1e-f77b-5e4a-abbe-6a72f8c4a2fa,337cbf4b-489f-5171-9d69-daddf75e91b6,73c2adbe-ffec-5ef3-a177-21dc252c73ab,17,present,41b489ac-92f6-5fc0-8bce-c587a1d85417,2026-03-20T10:00:00Z
9acdea68-5014-5fce-b90f-3c0858d843e9,9341cf1e-f77b-5e4a-abbe-6a72f8c4a2fa,82bf509a-6d46-5423-933b-a5e1da598e3e,73c2adbe-ffec-5ef3-a177-21dc252c73ab,27,present,41b489ac-92f6-5fc0-8bce-c587a1d85417,2026-03-20T10:00:00Z
71a5a2cb-a7f2-589d-aa59-44d9873a1078,9341cf1e-f77b-5e4a-abbe-6a72f8c4a2fa,d050d710-def1-55b1-8852-62105d37170e,73c2adbe-ffec-5ef3-a177-21dc252c73ab,50,present,41b489ac-92f6-5fc0-8bce-c587a1d85417,2026-03-20T10:00:00Z
c8e0659e-8c0b-5dd6-88fd-9f4214aae1db,9341cf1e-f77b-5e4a-abbe-6a72f8c4a2fa,59c54e22-2387-5864-b143-c088eb20697c,73c2adbe-ffec-5ef3-a177-21dc252c73ab,19,present,6ad65213-e90f-5f74-ae79-ce3505408a84,2026-03-20T10:00:00Z
59c91966-a307-5f77-afe6-b8c2514b26ff,9341cf1e-f77b-5e4a-abbe-6a72f8c4a2fa,f5c87d4f-bd57-5c7b-a828-416bd41c64a1,73c2adbe-ffec-5ef3-a177-21dc252c73ab,37,present,6ad65213-e90f-5f74-ae79-ce3505408a84,2026-03-20T10:00:00Z
cf4b00ab-5301-5648-bc6a-6d27b24a9d54,9341cf1e-f77b-5e4a-abbe-6a72f8c4a2fa,e524ccc0-2590-5992-bc30-3eb4b303145a,73c2adbe-ffec-5ef3-a177-21dc252c73ab,60,present,6ad65213-e90f-5f74-ae79-ce3505408a84,2026-03-20T10:00:00Z
62962811-2ac3-5170-b596-511b70c2b944,9341cf1e-f77b-5e4a-abbe-6a72f8c4a2fa,79e9f29d-729f-5768-b59a-86726e8ec033,73c2adbe-ffec-5ef3-a177-21dc252c73ab,16,present,adbc96ac-0567-5b6b-9ca1-b7b285463f9c,2026-03-20T10:00:00Z
85d83d85-f6e5-5f70-b326-7b10abbdd839,9341cf1e-f77b-5e4a-abbe-6a72f8c4a2fa,048c24e0-3ccc-5828-8001-e5d7773004ef,73c2adbe-ffec-5ef3-a177-21dc252c73ab,27,present,adbc96ac-0567-5b6b-9ca1-b7b285463f9c,2026-03-20T10:00:00Z
1b2e9f21-3b44-5c1e-a6d6-b00c39b8d56d,9341cf1e-f77b-5e4a-abbe-6a72f8c4a2fa,f69163e1-9c6d-5a21-b624-963f0cbb6d6b,73c2adbe-ffec-5ef3-a177-21dc252c73ab,61,present,adbc96ac-0567-5b6b-9ca1-b7b285463f9c,2026-03-20T10:00:00Z
80316973-34c2-5343-a684-9731b63f9513,9341cf1e-f77b-5e4a-abbe-6a72f8c4a2fa,295b62d0-144b-543c-b4cb-a157d69afcb5,db83d865-001d-588d-9fb1-9cf1a84ff5b6,20,present,d0f5a97f-ad85-5433-8e7a-67a79da066d3,2026-03-20T10:00:00Z
76ac824c-1912-5e6e-8cef-1c5627ded5bb,9341cf1e-f77b-5e4a-abbe-6a72f8c4a2fa,3a51d5c5-1b0c-5faf-915c-6dcdfcfa7e97,db83d865-001d-588d-9fb1-9cf1a84ff5b6,35,present,d0f5a97f-ad85-5433-8e7a-67a79da066d3,2026-03-20T10:00:00Z
3d393806-fdf8-5309-a5ce-feaf693b4d6a,9341cf1e-f77b-5e4a-abbe-6a72f8c4a2fa,d8298013-3c62-575e-9439-d1205cfc8486,db83d865-001d-588d-9fb1-9cf1a84ff5b6,70,present,d0f5a97f-ad85-5433-8e7a-67a79da066d3,2026-03-20T10:00:00Z
1478648a-ec8b-57be-82a3-d8555645594b,9341cf1e-f77b-5e4a-abbe-6a72f8c4a2fa,fbbe343b-f09a-56b0-a841-19be50ab2fd8,db83d865-001d-588d-9fb1-9cf1a84ff5b6,27,present,0a9cf731-8101-5c94-8f1a-993db8f3bb9e,2026-03-20T10:00:00Z
6975ae7d-989b-5e4b-8455-4f35f0a525aa,9341cf1e-f77b-5e4a-abbe-6a72f8c4a2fa,7e566ea9-6a47-5f6d-b089-13a17ac37947,db83d865-001d-588d-9fb1-9cf1a84ff5b6,42,present,0a9cf731-8101-5c94-8f1a-993db8f3bb9e,2026-03-20T10:00:00Z
d2660763-94aa-5fba-96d0-95709784c050,9341cf1e-f77b-5e4a-abbe-6a72f8c4a2fa,48047bf6-ece5-583f-a3d1-f1584b93a302,db83d865-001d-588d-9fb1-9cf1a84ff5b6,87,present,0a9cf731-8101-5c94-8f1a-993db8f3bb9e,2026-03-20T10:00:00Z
24d99cc6-d28a-578c-84fc-fc8ff98ab55b,9341cf1e-f77b-5e4a-abbe-6a72f8c4a2fa,c026763c-6aba-599a-998c-9bc24aed6243,db83d865-001d-588d-9fb1-9cf1a84ff5b6,21,present,ea1ece68-bc07-53fd-ab08-d1c2b4a4002c,2026-03-20T10:00:00Z
dcb198fa-e70e-528f-934f-e3e1d10facb1,9341cf1e-f77b-5e4a-abbe-6a72f8c4a2fa,0351afe7-904d-5b91-b7da-7dc782590538,db83d865-001d-588d-9fb1-9cf1a84ff5b6,36,present,ea1ece68-bc07-53fd-ab08-d1c2b4a4002c,2026-03-20T10:00:00Z
d191dfa7-d567-5fa6-a45e-8cde0910a140,9341cf1e-f77b-5e4a-abbe-6a72f8c4a2fa,f182b4f0-def1-5fd1-86ad-afd2edf95c93,db83d865-001d-588d-9fb1-9cf1a84ff5b6,80,present,ea1ece68-bc07-53fd-ab08-d1c2b4a4002c,2026-03-20T10:00:00Z
4d5558c3-b2ff-5bcf-be91-8a56c0890b6a,9341cf1e-f77b-5e4a-abbe-6a72f8c4a2fa,04226b51-bde9-5501-a496-ab708381638c,db83d865-001d-588d-9fb1-9cf1a84ff5b6,22,present,cccdf135-6895-5e96-b2f4-e0c94b2971a0,2026-03-20T10:00:00Z
1dd3fbb0-421f-55f7-9eb4-b14a7ffbf011,9341cf1e-f77b-5e4a-abbe-6a72f8c4a2fa,0108a07f-d6e5-5c52-b504-432bff8b7c17,db83d865-001d-588d-9fb1-9cf1a84ff5b6,36,present,cccdf135-6895-5e96-b2f4-e0c94b2971a0,2026-03-20T10:00:00Z
298e61ad-db33-501c-a416-4cf58bfd9fea,9341cf1e-f77b-5e4a-abbe-6a72f8c4a2fa,902ec36b-35b0-5b0d-a7b6-eca574437864,db83d865-001d-588d-9fb1-9cf1a84ff5b6,79,present,cccdf135-6895-5e96-b2f4-e0c94b2971a0,2026-03-20T10:00:00Z
929b9dda-5041-5643-b2e9-d882e017b0fa,9341cf1e-f77b-5e4a-abbe-6a72f8c4a2fa,39feee82-a2ba-5534-a5e8-49ccb3ef9712,db83d865-001d-588d-9fb1-9cf1a84ff5b6,28,present,6ad65213-e90f-5f74-ae79-ce3505408a84,2026-03-20T10:00:00Z
32d1dc39-9b02-5bf9-9341-519b9a9654c5,9341cf1e-f77b-5e4a-abbe-6a72f8c4a2fa,dee8a9a9-b2eb-5fd4-81bb-289aca910a20,db83d865-001d-588d-9fb1-9cf1a84ff5b6,46,present,6ad65213-e90f-5f74-ae79-ce3505408a84,2026-03-20T10:00:00Z
bdb07d0c-7212-5662-8388-f28cc7092433,9341cf1e-f77b-5e4a-abbe-6a72f8c4a2fa,016321eb-1224-59af-b438-c0b7371bf14c,db83d865-001d-588d-9fb1-9cf1a84ff5b6,99,present,6ad65213-e90f-5f74-ae79-ce3505408a84,2026-03-20T10:00:00Z
36ac6c9d-dcb5-5399-ba74-77bc77b3995f,9341cf1e-f77b-5e4a-abbe-6a72f8c4a2fa,79e9f29d-729f-5768-b59a-86726e8ec033,db83d865-001d-588d-9fb1-9cf1a84ff5b6,23,present,adbc96ac-0567-5b6b-9ca1-b7b285463f9c,2026-03-20T10:00:00Z
6ffd0fbf-811d-5401-a31c-ca750a47bf01,9341cf1e-f77b-5e4a-abbe-6a72f8c4a2fa,048c24e0-3ccc-5828-8001-e5d7773004ef,db83d865-001d-588d-9fb1-9cf1a84ff5b6,,absent,adbc96ac-0567-5b6b-9ca1-b7b285463f9c,2026-03-20T10:00:00Z
5a5979df-3506-5d8b-9f43-2ef7825626f7,9341cf1e-f77b-5e4a-abbe-6a72f8c4a2fa,f69163e1-9c6d-5a21-b624-963f0cbb6d6b,db83d865-001d-588d-9fb1-9cf1a84ff5b6,72,present,adbc96ac-0567-5b6b-9ca1-b7b285463f9c,2026-03-20T10:00:00Z
c3414718-7f3c-5b6f-8e05-1bd6a821eb9a,9341cf1e-f77b-5e4a-abbe-6a72f8c4a2fa,6ede8b35-9205-5cb4-b818-95c48b220496,db83d865-001d-588d-9fb1-9cf1a84ff5b6,19,present,cccdf135-6895-5e96-b2f4-e0c94b2971a0,2026-03-20T10:00:00Z
1e99470d-4fad-5c75-a808-426eb63b4d86,9341cf1e-f77b-5e4a-abbe-6a72f8c4a2fa,8df92841-b064-52f2-bba1-200736d3759f,db83d865-001d-588d-9fb1-9cf1a84ff5b6,34,present,cccdf135-6895-5e96-b2f4-e0c94b2971a0,2026-03-20T10:00:00Z
ea4e9c9c-b340-57be-8fc4-2e1e2f0d0a44,9341cf1e-f77b-5e4a-abbe-6a72f8c4a2fa,daffef80-3525-558d-a911-ccc12aceee4c,db83d865-001d-588d-9fb1-9cf1a84ff5b6,78,present,cccdf135-6895-5e96-b2f4-e0c94b2971a0,2026-03-20T10:00:00Z
f56fe6f3-1667-5c32-8d03-9e2a6252efe9,9341cf1e-f77b-5e4a-abbe-6a72f8c4a2fa,295b62d0-144b-543c-b4cb-a157d69afcb5,c318dc97-6919-5a3b-af41-b9b5a7697d33,18,present,d0f5a97f-ad85-5433-8e7a-67a79da066d3,2026-03-20T10:00:00Z
5b2391b9-57d3-5edc-b53c-ec84a924468b,9341cf1e-f77b-5e4a-abbe-6a72f8c4a2fa,3a51d5c5-1b0c-5faf-915c-6dcdfcfa7e97,c318dc97-6919-5a3b-af41-b9b5a7697d33,26,present,d0f5a97f-ad85-5433-8e7a-67a79da066d3,2026-03-20T10:00:00Z
75a50e87-59e4-59e7-932f-72e593aa2482,9341cf1e-f77b-5e4a-abbe-6a72f8c4a2fa,d8298013-3c62-575e-9439-d1205cfc8486,c318dc97-6919-5a3b-af41-b9b5a7697d33,60,present,d0f5a97f-ad85-5433-8e7a-67a79da066d3,2026-03-20T10:00:00Z
88201681-c7d7-5e17-b371-448e561d39fc,9341cf1e-f77b-5e4a-abbe-6a72f8c4a2fa,fbbe343b-f09a-56b0-a841-19be50ab2fd8,c318dc97-6919-5a3b-af41-b9b5a7697d33,13,present,0a9cf731-8101-5c94-8f1a-993db8f3bb9e,2026-03-20T10:00:00Z
e400a259-5a45-5d6c-a02b-1ca7048e317f,9341cf1e-f77b-5e4a-abbe-6a72f8c4a2fa,7e566ea9-6a47-5f6d-b089-13a17ac37947,c318dc97-6919-5a3b-af41-b9b5a7697d33,25,present,0a9cf731-8101-5c94-8f1a-993db8f3bb9e,2026-03-20T10:00:00Z
e892f3ea-9018-53c6-950f-8cef32eefbc8,9341cf1e-f77b-5e4a-abbe-6a72f8c4a2fa,48047bf6-ece5-583f-a3d1-f1584b93a302,c318dc97-6919-5a3b-af41-b9b5a7697d33,44,present,0a9cf731-8101-5c94-8f1a-993db8f3bb9e,2026-03-20T10:00:00Z
8cb8f683-c0d0-5d52-ae17-beed4096ff1b,9341cf1e-f77b-5e4a-abbe-6a72f8c4a2fa,c026763c-6aba-599a-998c-9bc24aed6243,c318dc97-6919-5a3b-af41-b9b5a7697d33,20,present,ea1ece68-bc07-53fd-ab08-d1c2b4a4002c,2026-03-20T10:00:00Z
defe51a7-f49a-5413-9419-7f5a9b2e58c1,9341cf1e-f77b-5e4a-abbe-6a72f8c4a2fa,0351afe7-904d-5b91-b7da-7dc782590538,c318dc97-6919-5a3b-af41-b9b5a7697d33,31,present,ea1ece68-bc07-53fd-ab08-d1c2b4a4002c,2026-03-20T10:00:00Z
1bfc9982-59f6-5349-a07f-7048893018af,9341cf1e-f77b-5e4a-abbe-6a72f8c4a2fa,f182b4f0-def1-5fd1-86ad-afd2edf95c93,c318dc97-6919-5a3b-af41-b9b5a7697d33,63,present,ea1ece68-bc07-53fd-ab08-d1c2b4a4002c,2026-03-20T10:00:00Z
1604a3b5-3ca5-5b4f-af39-f1d3505e0ce7,9341cf1e-f77b-5e4a-abbe-6a72f8c4a2fa,337cbf4b-489f-5171-9d69-daddf75e91b6,c318dc97-6919-5a3b-af41-b9b5a7697d33,21,present,41b489ac-92f6-5fc0-8bce-c587a1d85417,2026-03-20T10:00:00Z
d94bedb8-a92a-5c22-94a5-3613bc06fddc,9341cf1e-f77b-5e4a-abbe-6a72f8c4a2fa,82bf509a-6d46-5423-933b-a5e1da598e3e,c318dc97-6919-5a3b-af41-b9b5a7697d33,35,present,41b489ac-92f6-5fc0-8bce-c587a1d85417,2026-03-20T10:00:00Z
78b57c2c-9c6b-5652-bc15-bb3c872cecc3,9341cf1e-f77b-5e4a-abbe-6a72f8c4a2fa,d050d710-def1-55b1-8852-62105d37170e,c318dc97-6919-5a3b-af41-b9b5a7697d33,78,present,41b489ac-92f6-5fc0-8bce-c587a1d85417,2026-03-20T10:00:00Z
712d774d-6394-5977-b963-55ff823eb341,9341cf1e-f77b-5e4a-abbe-6a72f8c4a2fa,04226b51-bde9-5501-a496-ab708381638c,c318dc97-6919-5a3b-af41-b9b5a7697d33,19,present,cccdf135-6895-5e96-b2f4-e0c94b2971a0,2026-03-20T10:00:00Z
63a11533-9093-5fe2-a407-5c0b1ca970b8,9341cf1e-f77b-5e4a-abbe-6a72f8c4a2fa,0108a07f-d6e5-5c52-b504-432bff8b7c17,c318dc97-6919-5a3b-af41-b9b5a7697d33,33,present,cccdf135-6895-5e96-b2f4-e0c94b2971a0,2026-03-20T10:00:00Z
eb980371-42df-5905-b55a-51843496bde2,9341cf1e-f77b-5e4a-abbe-6a72f8c4a2fa,902ec36b-35b0-5b0d-a7b6-eca574437864,c318dc97-6919-5a3b-af41-b9b5a7697d33,54,present,cccdf135-6895-5e96-b2f4-e0c94b2971a0,2026-03-20T10:00:00Z
7f02773a-3858-53d9-81b2-a7c9462f5ccb,9341cf1e-f77b-5e4a-abbe-6a72f8c4a2fa,6ede8b35-9205-5cb4-b818-95c48b220496,c318dc97-6919-5a3b-af41-b9b5a7697d33,18,present,cccdf135-6895-5e96-b2f4-e0c94b2971a0,2026-03-20T10:00:00Z
e12128c9-4b1a-55e4-b36e-7fe0e59b82e1,9341cf1e-f77b-5e4a-abbe-6a72f8c4a2fa,8df92841-b064-52f2-bba1-200736d3759f,c318dc97-6919-5a3b-af41-b9b5a7697d33,26,present,cccdf135-6895-5e96-b2f4-e0c94b2971a0,2026-03-20T10:00:00Z
4f7b85d0-e270-5c7a-af85-d837f2f6b9be,9341cf1e-f77b-5e4a-abbe-6a72f8c4a2fa,daffef80-3525-558d-a911-ccc12aceee4c,c318dc97-6919-5a3b-af41-b9b5a7697d33,64,present,cccdf135-6895-5e96-b2f4-e0c94b2971a0,2026-03-20T10:00:00Z
00a0789e-8fc6-5f06-81d8-5afb2f5de3c2,9341cf1e-f77b-5e4a-abbe-6a72f8c4a2fa,39feee82-a2ba-5534-a5e8-49ccb3ef9712,c318dc97-6919-5a3b-af41-b9b5a7697d33,19,present,6ad65213-e90f-5f74-ae79-ce3505408a84,2026-03-20T10:00:00Z
0cfc21e4-b8b2-5db1-925c-64e95204f01b,9341cf1e-f77b-5e4a-abbe-6a72f8c4a2fa,dee8a9a9-b2eb-5fd4-81bb-289aca910a20,c318dc97-6919-5a3b-af41-b9b5a7697d33,,absent,6ad65213-e90f-5f74-ae79-ce3505408a84,2026-03-20T10:00:00Z
6076b803-cad9-5b7d-b632-a1da3f05f4ba,9341cf1e-f77b-5e4a-abbe-6a72f8c4a2fa,016321eb-1224-59af-b438-c0b7371bf14c,c318dc97-6919-5a3b-af41-b9b5a7697d33,74,present,6ad65213-e90f-5f74-ae79-ce3505408a84,2026-03-20T10:00:00Z
466eb718-17db-588c-9f0d-c6a29ca6ce3c,9341cf1e-f77b-5e4a-abbe-6a72f8c4a2fa,295b62d0-144b-543c-b4cb-a157d69afcb5,10af219f-8e29-5f97-b379-14228f812176,11,present,d0f5a97f-ad85-5433-8e7a-67a79da066d3,2026-03-20T10:00:00Z
8467cf5e-3a2a-51f8-a91d-2169d1ff2641,9341cf1e-f77b-5e4a-abbe-6a72f8c4a2fa,3a51d5c5-1b0c-5faf-915c-6dcdfcfa7e97,10af219f-8e29-5f97-b379-14228f812176,20,present,d0f5a97f-ad85-5433-8e7a-67a79da066d3,2026-03-20T10:00:00Z
d89e4f02-34df-57eb-93f7-c87c55f692d5,9341cf1e-f77b-5e4a-abbe-6a72f8c4a2fa,d8298013-3c62-575e-9439-d1205cfc8486,10af219f-8e29-5f97-b379-14228f812176,44,present,d0f5a97f-ad85-5433-8e7a-67a79da066d3,2026-03-20T10:00:00Z
2ce20202-abf4-5265-b667-68694953c7ef,9341cf1e-f77b-5e4a-abbe-6a72f8c4a2fa,fbbe343b-f09a-56b0-a841-19be50ab2fd8,10af219f-8e29-5f97-b379-14228f812176,14,present,0a9cf731-8101-5c94-8f1a-993db8f3bb9e,2026-03-20T10:00:00Z
e600b270-8037-502d-bfbc-3f95b503bb8f,9341cf1e-f77b-5e4a-abbe-6a72f8c4a2fa,7e566ea9-6a47-5f6d-b089-13a17ac37947,10af219f-8e29-5f97-b379-14228f812176,26,present,0a9cf731-8101-5c94-8f1a-993db8f3bb9e,2026-03-20T10:00:00Z
4ae55227-3221-52b8-86e1-6026e739dafc,9341cf1e-f77b-5e4a-abbe-6a72f8c4a2fa,48047bf6-ece5-583f-a3d1-f1584b93a302,10af219f-8e29-5f97-b379-14228f812176,41,present,0a9cf731-8101-5c94-8f1a-993db8f3bb9e,2026-03-20T10:00:00Z
a68dabc7-71ad-50da-8267-1f546c9fadcb,9341cf1e-f77b-5e4a-abbe-6a72f8c4a2fa,c026763c-6aba-599a-998c-9bc24aed6243,10af219f-8e29-5f97-b379-14228f812176,13,present,ea1ece68-bc07-53fd-ab08-d1c2b4a4002c,2026-03-20T10:00:00Z
d92aa539-5a8c-5274-8c38-bbc7cd16a473,9341cf1e-f77b-5e4a-abbe-6a72f8c4a2fa,0351afe7-904d-5b91-b7da-7dc782590538,10af219f-8e29-5f97-b379-14228f812176,26,present,ea1ece68-bc07-53fd-ab08-d1c2b4a4002c,2026-03-20T10:00:00Z
951c66c7-b6e7-59cd-b672-9c0230eec085,9341cf1e-f77b-5e4a-abbe-6a72f8c4a2fa,f182b4f0-def1-5fd1-86ad-afd2edf95c93,10af219f-8e29-5f97-b379-14228f812176,57,present,ea1ece68-bc07-53fd-ab08-d1c2b4a4002c,2026-03-20T10:00:00Z
4795f67f-7a60-5b03-b792-25665cb34691,9341cf1e-f77b-5e4a-abbe-6a72f8c4a2fa,39feee82-a2ba-5534-a5e8-49ccb3ef9712,10af219f-8e29-5f97-b379-14228f812176,21,present,6ad65213-e90f-5f74-ae79-ce3505408a84,2026-03-20T10:00:00Z
856f1679-0137-55bd-a066-c4be30ce29b3,9341cf1e-f77b-5e4a-abbe-6a72f8c4a2fa,dee8a9a9-b2eb-5fd4-81bb-289aca910a20,10af219f-8e29-5f97-b379-14228f812176,30,present,6ad65213-e90f-5f74-ae79-ce3505408a84,2026-03-20T10:00:00Z
b5d7f5ba-3913-5bd9-8d6a-2cf25ae07eaa,9341cf1e-f77b-5e4a-abbe-6a72f8c4a2fa,016321eb-1224-59af-b438-c0b7371bf14c,10af219f-8e29-5f97-b379-14228f812176,58,present,6ad65213-e90f-5f74-ae79-ce3505408a84,2026-03-20T10:00:00Z
5f1d04c0-63cd-5f1a-9d76-3dadb7bb8416,9341cf1e-f77b-5e4a-abbe-6a72f8c4a2fa,337cbf4b-489f-5171-9d69-daddf75e91b6,10af219f-8e29-5f97-b379-14228f812176,15,present,41b489ac-92f6-5fc0-8bce-c587a1d85417,2026-03-20T10:00:00Z
0bb2639b-1749-5ecd-ad1d-ec6a7116cea7,9341cf1e-f77b-5e4a-abbe-6a72f8c4a2fa,82bf509a-6d46-5423-933b-a5e1da598e3e,10af219f-8e29-5f97-b379-14228f812176,26,present,41b489ac-92f6-5fc0-8bce-c587a1d85417,2026-03-20T10:00:00Z
a005c55b-1356-5db3-a473-22706e8180a4,9341cf1e-f77b-5e4a-abbe-6a72f8c4a2fa,d050d710-def1-55b1-8852-62105d37170e,10af219f-8e29-5f97-b379-14228f812176,52,present,41b489ac-92f6-5fc0-8bce-c587a1d85417,2026-03-20T10:00:00Z
2dc4e831-451a-5f2a-b57d-4c51ffeb1b40,9341cf1e-f77b-5e4a-abbe-6a72f8c4a2fa,59c54e22-2387-5864-b143-c088eb20697c,10af219f-8e29-5f97-b379-14228f812176,9,present,6ad65213-e90f-5f74-ae79-ce3505408a84,2026-03-20T10:00:00Z
ea4ac98e-d57f-552c-b4dd-859b10b9b4e2,9341cf1e-f77b-5e4a-abbe-6a72f8c4a2fa,f5c87d4f-bd57-5c7b-a828-416bd41c64a1,10af219f-8e29-5f97-b379-14228f812176,21,present,6ad65213-e90f-5f74-ae79-ce3505408a84,2026-03-20T10:00:00Z
9da48700-b812-5b6f-b71e-d0809d8b4968,9341cf1e-f77b-5e4a-abbe-6a72f8c4a2fa,e524ccc0-2590-5992-bc30-3eb4b303145a,10af219f-8e29-5f97-b379-14228f812176,36,present,6ad65213-e90f-5f74-ae79-ce3505408a84,2026-03-20T10:00:00Z
64fbe1a4-bb4d-5921-812f-58fafe0e88d9,9341cf1e-f77b-5e4a-abbe-6a72f8c4a2fa,79e9f29d-729f-5768-b59a-86726e8ec033,10af219f-8e29-5f97-b379-14228f812176,15,present,adbc96ac-0567-5b6b-9ca1-b7b285463f9c,2026-03-20T10:00:00Z
abaf0c55-aa1f-5f08-82d6-0b367e76519f,9341cf1e-f77b-5e4a-abbe-6a72f8c4a2fa,048c24e0-3ccc-5828-8001-e5d7773004ef,10af219f-8e29-5f97-b379-14228f812176,25,present,adbc96ac-0567-5b6b-9ca1-b7b285463f9c,2026-03-20T10:00:00Z
6d151cb6-7e54-5c3f-8264-55b8ae138e3a,9341cf1e-f77b-5e4a-abbe-6a72f8c4a2fa,f69163e1-9c6d-5a21-b624-963f0cbb6d6b,10af219f-8e29-5f97-b379-14228f812176,46,present,adbc96ac-0567-5b6b-9ca1-b7b285463f9c,2026-03-20T10:00:00Z
67d58dad-b450-5ce0-aab5-ca9169dc7463,9341cf1e-f77b-5e4a-abbe-6a72f8c4a2fa,295b62d0-144b-543c-b4cb-a157d69afcb5,a6632282-2b94-53ae-a2f4-84ac2fc47f4c,21,present,d0f5a97f-ad85-5433-8e7a-67a79da066d3,2026-03-20T10:00:00Z
a8b62098-4482-58e0-acae-74ca4d7b50ac,9341cf1e-f77b-5e4a-abbe-6a72f8c4a2fa,3a51d5c5-1b0c-5faf-915c-6dcdfcfa7e97,a6632282-2b94-53ae-a2f4-84ac2fc47f4c,31,present,d0f5a97f-ad85-5433-8e7a-67a79da066d3,2026-03-20T10:00:00Z
bd577438-3439-5663-99dc-4c9d3ba2aa34,9341cf1e-f77b-5e4a-abbe-6a72f8c4a2fa,d8298013-3c62-575e-9439-d1205cfc8486,a6632282-2b94-53ae-a2f4-84ac2fc47f4c,64,present,d0f5a97f-ad85-5433-8e7a-67a79da066d3,2026-03-20T10:00:00Z
fb43d62c-e4eb-548b-bc61-d8c4822cd75d,9341cf1e-f77b-5e4a-abbe-6a72f8c4a2fa,fbbe343b-f09a-56b0-a841-19be50ab2fd8,a6632282-2b94-53ae-a2f4-84ac2fc47f4c,14,present,0a9cf731-8101-5c94-8f1a-993db8f3bb9e,2026-03-20T10:00:00Z
cdf7f927-1dcf-5399-9104-7024c52ffa04,9341cf1e-f77b-5e4a-abbe-6a72f8c4a2fa,7e566ea9-6a47-5f6d-b089-13a17ac37947,a6632282-2b94-53ae-a2f4-84ac2fc47f4c,26,present,0a9cf731-8101-5c94-8f1a-993db8f3bb9e,2026-03-20T10:00:00Z
da2c110f-98eb-5a41-8ce8-f98ac686f3bc,9341cf1e-f77b-5e4a-abbe-6a72f8c4a2fa,48047bf6-ece5-583f-a3d1-f1584b93a302,a6632282-2b94-53ae-a2f4-84ac2fc47f4c,46,present,0a9cf731-8101-5c94-8f1a-993db8f3bb9e,2026-03-20T10:00:00Z
4ead3a4f-fafb-572e-8410-bee6a620627c,9341cf1e-f77b-5e4a-abbe-6a72f8c4a2fa,c026763c-6aba-599a-998c-9bc24aed6243,a6632282-2b94-53ae-a2f4-84ac2fc47f4c,19,present,ea1ece68-bc07-53fd-ab08-d1c2b4a4002c,2026-03-20T10:00:00Z
3c34e6b2-4e7c-5180-9f3f-1c1d00e0eaeb,9341cf1e-f77b-5e4a-abbe-6a72f8c4a2fa,0351afe7-904d-5b91-b7da-7dc782590538,a6632282-2b94-53ae-a2f4-84ac2fc47f4c,32,present,ea1ece68-bc07-53fd-ab08-d1c2b4a4002c,2026-03-20T10:00:00Z
3dfcf51c-f148-5016-9b66-ce6da5d1a144,9341cf1e-f77b-5e4a-abbe-6a72f8c4a2fa,f182b4f0-def1-5fd1-86ad-afd2edf95c93,a6632282-2b94-53ae-a2f4-84ac2fc47f4c,56,present,ea1ece68-bc07-53fd-ab08-d1c2b4a4002c,2026-03-20T10:00:00Z
7ed6b275-c66c-5194-9127-ffaeaf58398e,9341cf1e-f77b-5e4a-abbe-6a72f8c4a2fa,04226b51-bde9-5501-a496-ab708381638c,a6632282-2b94-53ae-a2f4-84ac2fc47f4c,22,present,cccdf135-6895-5e96-b2f4-e0c94b2971a0,2026-03-20T10:00:00Z
2e89eebf-daca-50ea-811d-f25347178615,9341cf1e-f77b-5e4a-abbe-6a72f8c4a2fa,0108a07f-d6e5-5c52-b504-432bff8b7c17,a6632282-2b94-53ae-a2f4-84ac2fc47f4c,32,present,cccdf135-6895-5e96-b2f4-e0c94b2971a0,2026-03-20T10:00:00Z
20a9ecf8-e509-592a-a31d-fa58c7bbd246,9341cf1e-f77b-5e4a-abbe-6a72f8c4a2fa,902ec36b-35b0-5b0d-a7b6-eca574437864,a6632282-2b94-53ae-a2f4-84ac2fc47f4c,70,present,cccdf135-6895-5e96-b2f4-e0c94b2971a0,2026-03-20T10:00:00Z
61e64b41-e393-5fc3-a6c0-04a990bb2a01,9341cf1e-f77b-5e4a-abbe-6a72f8c4a2fa,39feee82-a2ba-5534-a5e8-49ccb3ef9712,a6632282-2b94-53ae-a2f4-84ac2fc47f4c,19,present,6ad65213-e90f-5f74-ae79-ce3505408a84,2026-03-20T10:00:00Z
9ad6dd7c-bbd4-5d89-b929-c56fc3dcc5d8,9341cf1e-f77b-5e4a-abbe-6a72f8c4a2fa,dee8a9a9-b2eb-5fd4-81bb-289aca910a20,a6632282-2b94-53ae-a2f4-84ac2fc47f4c,33,present,6ad65213-e90f-5f74-ae79-ce3505408a84,2026-03-20T10:00:00Z
54291f35-be2c-510e-9b09-ac9381295392,9341cf1e-f77b-5e4a-abbe-6a72f8c4a2fa,016321eb-1224-59af-b438-c0b7371bf14c,a6632282-2b94-53ae-a2f4-84ac2fc47f4c,60,present,6ad65213-e90f-5f74-ae79-ce3505408a84,2026-03-20T10:00:00Z
8e1b3518-65fd-5916-8487-51201ad33981,9341cf1e-f77b-5e4a-abbe-6a72f8c4a2fa,79e9f29d-729f-5768-b59a-86726e8ec033,a6632282-2b94-53ae-a2f4-84ac2fc47f4c,16,present,adbc96ac-0567-5b6b-9ca1-b7b285463f9c,2026-03-20T10:00:00Z
3bec32c8-5ce3-5e08-8c1e-b696f4c8c0cc,9341cf1e-f77b-5e4a-abbe-6a72f8c4a2fa,048c24e0-3ccc-5828-8001-e5d7773004ef,a6632282-2b94-53ae-a2f4-84ac2fc47f4c,27,present,adbc96ac-0567-5b6b-9ca1-b7b285463f9c,2026-03-20T10:00:00Z
e8db453b-e395-56d1-9579-7efe38e8d3b5,9341cf1e-f77b-5e4a-abbe-6a72f8c4a2fa,f69163e1-9c6d-5a21-b624-963f0cbb6d6b,a6632282-2b94-53ae-a2f4-84ac2fc47f4c,57,present,adbc96ac-0567-5b6b-9ca1-b7b285463f9c,2026-03-20T10:00:00Z
eb2c5bed-a287-5ddf-b17d-ee7c617eed56,9341cf1e-f77b-5e4a-abbe-6a72f8c4a2fa,337cbf4b-489f-5171-9d69-daddf75e91b6,a6632282-2b94-53ae-a2f4-84ac2fc47f4c,14,present,41b489ac-92f6-5fc0-8bce-c587a1d85417,2026-03-20T10:00:00Z
2a2213d9-0095-50a6-b7b7-0562040eb1c2,9341cf1e-f77b-5e4a-abbe-6a72f8c4a2fa,82bf509a-6d46-5423-933b-a5e1da598e3e,a6632282-2b94-53ae-a2f4-84ac2fc47f4c,21,present,41b489ac-92f6-5fc0-8bce-c587a1d85417,2026-03-20T10:00:00Z
df5466f9-7c1a-5016-8ea7-f002523ef839,9341cf1e-f77b-5e4a-abbe-6a72f8c4a2fa,d050d710-def1-55b1-8852-62105d37170e,a6632282-2b94-53ae-a2f4-84ac2fc47f4c,42,present,41b489ac-92f6-5fc0-8bce-c587a1d85417,2026-03-20T10:00:00Z
b689235a-4b46-5e2c-9c6b-14a3a7be7649,9341cf1e-f77b-5e4a-abbe-6a72f8c4a2fa,295b62d0-144b-543c-b4cb-a157d69afcb5,036839e3-9029-5aee-af81-fcf8748c4a8a,17,present,d0f5a97f-ad85-5433-8e7a-67a79da066d3,2026-03-20T10:00:00Z
13987f28-02ec-52cd-9726-ffe93867d4be,9341cf1e-f77b-5e4a-abbe-6a72f8c4a2fa,3a51d5c5-1b0c-5faf-915c-6dcdfcfa7e97,036839e3-9029-5aee-af81-fcf8748c4a8a,33,present,d0f5a97f-ad85-5433-8e7a-67a79da066d3,2026-03-20T10:00:00Z
9fe78e54-26d4-5476-a7c8-bb0822b49071,9341cf1e-f77b-5e4a-abbe-6a72f8c4a2fa,d8298013-3c62-575e-9439-d1205cfc8486,036839e3-9029-5aee-af81-fcf8748c4a8a,62,present,d0f5a97f-ad85-5433-8e7a-67a79da066d3,2026-03-20T10:00:00Z
6ecc18d0-1866-5b16-b689-022e90ffddc1,9341cf1e-f77b-5e4a-abbe-6a72f8c4a2fa,fbbe343b-f09a-56b0-a841-19be50ab2fd8,036839e3-9029-5aee-af81-fcf8748c4a8a,19,present,0a9cf731-8101-5c94-8f1a-993db8f3bb9e,2026-03-20T10:00:00Z
129949a1-55b0-509e-a3ca-85b74796459a,9341cf1e-f77b-5e4a-abbe-6a72f8c4a2fa,7e566ea9-6a47-5f6d-b089-13a17ac37947,036839e3-9029-5aee-af81-fcf8748c4a8a,26,present,0a9cf731-8101-5c94-8f1a-993db8f3bb9e,2026-03-20T10:00:00Z
f6373547-862a-518b-881b-ef836567271b,9341cf1e-f77b-5e4a-abbe-6a72f8c4a2fa,48047bf6-ece5-583f-a3d1-f1584b93a302,036839e3-9029-5aee-af81-fcf8748c4a8a,66,present,0a9cf731-8101-5c94-8f1a-993db8f3bb9e,2026-03-20T10:00:00Z
46e0fe0d-5d60-57be-b7c8-12adeb64a472,9341cf1e-f77b-5e4a-abbe-6a72f8c4a2fa,c026763c-6aba-599a-998c-9bc24aed6243,036839e3-9029-5aee-af81-fcf8748c4a8a,24,present,ea1ece68-bc07-53fd-ab08-d1c2b4a4002c,2026-03-20T10:00:00Z
ef7b6f2c-fef3-5a61-8a99-cb1f347cb3b7,9341cf1e-f77b-5e4a-abbe-6a72f8c4a2fa,0351afe7-904d-5b91-b7da-7dc782590538,036839e3-9029-5aee-af81-fcf8748c4a8a,35,present,ea1ece68-bc07-53fd-ab08-d1c2b4a4002c,2026-03-20T10:00:00Z
787f7a77-a3df-5a21-b9ec-77294cd3a569,9341cf1e-f77b-5e4a-abbe-6a72f8c4a2fa,f182b4f0-def1-5fd1-86ad-afd2edf95c93,036839e3-9029-5aee-af81-fcf8748c4a8a,68,present,ea1ece68-bc07-53fd-ab08-d1c2b4a4002c,2026-03-20T10:00:00Z
9b761501-9a3f-55be-8a5d-af74219f31e4,9341cf1e-f77b-5e4a-abbe-6a72f8c4a2fa,04226b51-bde9-5501-a496-ab708381638c,036839e3-9029-5aee-af81-fcf8748c4a8a,18,present,cccdf135-6895-5e96-b2f4-e0c94b2971a0,2026-03-20T10:00:00Z
449a7b0b-6bbd-51c7-a32f-4d345480d446,9341cf1e-f77b-5e4a-abbe-6a72f8c4a2fa,0108a07f-d6e5-5c52-b504-432bff8b7c17,036839e3-9029-5aee-af81-fcf8748c4a8a,32,present,cccdf135-6895-5e96-b2f4-e0c94b2971a0,2026-03-20T10:00:00Z
979aeb5a-ec44-5a04-bc63-d8831ba5c309,9341cf1e-f77b-5e4a-abbe-6a72f8c4a2fa,902ec36b-35b0-5b0d-a7b6-eca574437864,036839e3-9029-5aee-af81-fcf8748c4a8a,57,present,cccdf135-6895-5e96-b2f4-e0c94b2971a0,2026-03-20T10:00:00Z
018f47d1-0d51-5ecd-8395-037520caf00b,9341cf1e-f77b-5e4a-abbe-6a72f8c4a2fa,6ede8b35-9205-5cb4-b818-95c48b220496,036839e3-9029-5aee-af81-fcf8748c4a8a,17,present,cccdf135-6895-5e96-b2f4-e0c94b2971a0,2026-03-20T10:00:00Z
9282411e-1a4f-5af4-ba25-a1161322cfa1,9341cf1e-f77b-5e4a-abbe-6a72f8c4a2fa,8df92841-b064-52f2-bba1-200736d3759f,036839e3-9029-5aee-af81-fcf8748c4a8a,34,present,cccdf135-6895-5e96-b2f4-e0c94b2971a0,2026-03-20T10:00:00Z
3231975f-279a-5c6f-8651-7cb537c3d21d,9341cf1e-f77b-5e4a-abbe-6a72f8c4a2fa,daffef80-3525-558d-a911-ccc12aceee4c,036839e3-9029-5aee-af81-fcf8748c4a8a,69,present,cccdf135-6895-5e96-b2f4-e0c94b2971a0,2026-03-20T10:00:00Z
2fc040e0-97cc-51a6-87aa-9a234d9d71dd,9341cf1e-f77b-5e4a-abbe-6a72f8c4a2fa,0b630204-bf1a-5f3e-8708-72adf28087e9,036839e3-9029-5aee-af81-fcf8748c4a8a,20,present,9a7606a0-33db-5faa-9d93-a634e51b2733,2026-03-20T10:00:00Z
41db25cf-9076-5cff-9978-9651b2730d2e,9341cf1e-f77b-5e4a-abbe-6a72f8c4a2fa,7cc2ec8a-26cc-54c9-9bba-842f754346fb,036839e3-9029-5aee-af81-fcf8748c4a8a,31,present,9a7606a0-33db-5faa-9d93-a634e51b2733,2026-03-20T10:00:00Z
0d427956-a7f8-5f78-b3f3-24fdb72aa083,9341cf1e-f77b-5e4a-abbe-6a72f8c4a2fa,93dabbe1-8252-53b3-a931-cd9f606335b2,036839e3-9029-5aee-af81-fcf8748c4a8a,62,present,9a7606a0-33db-5faa-9d93-a634e51b2733,2026-03-20T10:00:00Z
a4499979-9f62-5e1d-84b6-28fec5be699f,9341cf1e-f77b-5e4a-abbe-6a72f8c4a2fa,39feee82-a2ba-5534-a5e8-49ccb3ef9712,036839e3-9029-5aee-af81-fcf8748c4a8a,14,present,6ad65213-e90f-5f74-ae79-ce3505408a84,2026-03-20T10:00:00Z
52702a57-dbad-520c-8460-2d261dc68f7a,9341cf1e-f77b-5e4a-abbe-6a72f8c4a2fa,dee8a9a9-b2eb-5fd4-81bb-289aca910a20,036839e3-9029-5aee-af81-fcf8748c4a8a,32,present,6ad65213-e90f-5f74-ae79-ce3505408a84,2026-03-20T10:00:00Z
651653fa-6f6e-5257-8f97-60980b412c95,9341cf1e-f77b-5e4a-abbe-6a72f8c4a2fa,016321eb-1224-59af-b438-c0b7371bf14c,036839e3-9029-5aee-af81-fcf8748c4a8a,62,present,6ad65213-e90f-5f74-ae79-ce3505408a84,2026-03-20T10:00:00Z
9c92a930-7721-591b-8b56-0e04adc51021,9341cf1e-f77b-5e4a-abbe-6a72f8c4a2fa,2c6fe984-ffca-5d05-a19b-215541616c08,f4b48d5a-4ff1-58c8-831b-0e51c5fe4614,22,present,d0f5a97f-ad85-5433-8e7a-67a79da066d3,2026-03-20T10:00:00Z
1262b3c4-4711-56f2-8423-14297c47e966,9341cf1e-f77b-5e4a-abbe-6a72f8c4a2fa,44552a08-3204-5581-bd31-5f310e877428,f4b48d5a-4ff1-58c8-831b-0e51c5fe4614,38,present,d0f5a97f-ad85-5433-8e7a-67a79da066d3,2026-03-20T10:00:00Z
c511ed64-6e92-5e14-88b0-dfaac174e0c9,9341cf1e-f77b-5e4a-abbe-6a72f8c4a2fa,eeb7f905-7011-53c7-a0a3-af2936cb9b5e,f4b48d5a-4ff1-58c8-831b-0e51c5fe4614,78,present,d0f5a97f-ad85-5433-8e7a-67a79da066d3,2026-03-20T10:00:00Z
72fe8294-ffe5-5b56-995c-6e4496001792,9341cf1e-f77b-5e4a-abbe-6a72f8c4a2fa,803bb02d-730d-5b95-bbae-1e331186b1f4,f4b48d5a-4ff1-58c8-831b-0e51c5fe4614,23,present,0a9cf731-8101-5c94-8f1a-993db8f3bb9e,2026-03-20T10:00:00Z
d9e72bac-1a48-52f5-80da-1f659376d46b,9341cf1e-f77b-5e4a-abbe-6a72f8c4a2fa,1fb291dc-18a5-5d99-a38b-5c9c643030f4,f4b48d5a-4ff1-58c8-831b-0e51c5fe4614,40,present,0a9cf731-8101-5c94-8f1a-993db8f3bb9e,2026-03-20T10:00:00Z
21fd6d54-48c6-5bb0-98e4-8ef81ef5e899,9341cf1e-f77b-5e4a-abbe-6a72f8c4a2fa,8383e8bd-f9c8-55de-8afa-2c8a75fe98bd,f4b48d5a-4ff1-58c8-831b-0e51c5fe4614,75,present,0a9cf731-8101-5c94-8f1a-993db8f3bb9e,2026-03-20T10:00:00Z
4d9d22ac-43a5-550c-991a-a13e6973b1bd,9341cf1e-f77b-5e4a-abbe-6a72f8c4a2fa,23e627c6-d713-54f9-aa03-1bbbcf8583d6,f4b48d5a-4ff1-58c8-831b-0e51c5fe4614,20,present,ea1ece68-bc07-53fd-ab08-d1c2b4a4002c,2026-03-20T10:00:00Z
54aa796f-dc2d-51b0-8511-fa169f51239b,9341cf1e-f77b-5e4a-abbe-6a72f8c4a2fa,50dbcf81-f0e6-5253-bf2f-4100bfb090a7,f4b48d5a-4ff1-58c8-831b-0e51c5fe4614,32,present,ea1ece68-bc07-53fd-ab08-d1c2b4a4002c,2026-03-20T10:00:00Z
1b8fc5ce-dadc-5fcb-8f31-6e5dfb76d2a0,9341cf1e-f77b-5e4a-abbe-6a72f8c4a2fa,aa78261d-7f5b-58ee-a18d-262f46c36875,f4b48d5a-4ff1-58c8-831b-0e51c5fe4614,63,present,ea1ece68-bc07-53fd-ab08-d1c2b4a4002c,2026-03-20T10:00:00Z
1892df08-711e-596e-b9b7-a41f4742cd03,9341cf1e-f77b-5e4a-abbe-6a72f8c4a2fa,77951684-ea33-58cd-94d8-c2cdc17b7cde,f4b48d5a-4ff1-58c8-831b-0e51c5fe4614,19,present,cccdf135-6895-5e96-b2f4-e0c94b2971a0,2026-03-20T10:00:00Z
37f7fa3d-4a47-5a17-894b-515dbcd90424,9341cf1e-f77b-5e4a-abbe-6a72f8c4a2fa,0038fa91-74d4-55ae-b800-825e9a43f4ff,f4b48d5a-4ff1-58c8-831b-0e51c5fe4614,35,present,cccdf135-6895-5e96-b2f4-e0c94b2971a0,2026-03-20T10:00:00Z
5802504d-1d5b-5b5d-851c-e68810037286,9341cf1e-f77b-5e4a-abbe-6a72f8c4a2fa,b62a2e16-c2b6-5157-b9bc-0b18fb7a57af,f4b48d5a-4ff1-58c8-831b-0e51c5fe4614,72,present,cccdf135-6895-5e96-b2f4-e0c94b2971a0,2026-03-20T10:00:00Z
d0145be4-0b40-5c88-8fce-37389802fe86,9341cf1e-f77b-5e4a-abbe-6a72f8c4a2fa,9e7f6d8f-2005-5d7e-8eb1-448d62754c85,f4b48d5a-4ff1-58c8-831b-0e51c5fe4614,23,present,cccdf135-6895-5e96-b2f4-e0c94b2971a0,2026-03-20T10:00:00Z
2177577e-9b0f-5a97-88e3-eb88c35f1643,9341cf1e-f77b-5e4a-abbe-6a72f8c4a2fa,2e500c9e-2624-5cdb-8af5-530ec05a255b,f4b48d5a-4ff1-58c8-831b-0e51c5fe4614,37,present,cccdf135-6895-5e96-b2f4-e0c94b2971a0,2026-03-20T10:00:00Z
de5a8831-9d64-543e-a120-98cda8fd03fe,9341cf1e-f77b-5e4a-abbe-6a72f8c4a2fa,76cc43a0-e5c5-54bc-b9d1-ff080dcae558,f4b48d5a-4ff1-58c8-831b-0e51c5fe4614,76,present,cccdf135-6895-5e96-b2f4-e0c94b2971a0,2026-03-20T10:00:00Z
9c1f289e-6a3f-5805-a45c-f43905c77af4,9341cf1e-f77b-5e4a-abbe-6a72f8c4a2fa,dd06d666-0a1e-56e7-824c-0ff4f2e7431d,f4b48d5a-4ff1-58c8-831b-0e51c5fe4614,22,present,9a7606a0-33db-5faa-9d93-a634e51b2733,2026-03-20T10:00:00Z
4481383c-a787-5f98-a760-a2d612bf10b4,9341cf1e-f77b-5e4a-abbe-6a72f8c4a2fa,58e0bbaf-aa45-5a0a-9f5d-ce69cf46f448,f4b48d5a-4ff1-58c8-831b-0e51c5fe4614,36,present,9a7606a0-33db-5faa-9d93-a634e51b2733,2026-03-20T10:00:00Z
c10927c5-d64d-5f0a-8ab8-824debc3ce16,9341cf1e-f77b-5e4a-abbe-6a72f8c4a2fa,9f583bd8-b81c-5160-ab30-26a34e6495ea,f4b48d5a-4ff1-58c8-831b-0e51c5fe4614,73,present,9a7606a0-33db-5faa-9d93-a634e51b2733,2026-03-20T10:00:00Z
48051bed-c181-534e-949e-a53bbadc6613,9341cf1e-f77b-5e4a-abbe-6a72f8c4a2fa,000a1808-194a-5df0-9275-9ccbbeff68e9,f4b48d5a-4ff1-58c8-831b-0e51c5fe4614,21,present,6ad65213-e90f-5f74-ae79-ce3505408a84,2026-03-20T10:00:00Z
fbc8191c-3488-5306-bb79-c429cc39aecc,9341cf1e-f77b-5e4a-abbe-6a72f8c4a2fa,16b7a0c1-48ef-571f-ab45-015ad774cf6a,f4b48d5a-4ff1-58c8-831b-0e51c5fe4614,35,present,6ad65213-e90f-5f74-ae79-ce3505408a84,2026-03-20T10:00:00Z
e848f8c3-a9f8-5e33-ad2d-782c9f2b78dd,9341cf1e-f77b-5e4a-abbe-6a72f8c4a2fa,7f34826b-8111-5444-8e67-fd4c36656f63,f4b48d5a-4ff1-58c8-831b-0e51c5fe4614,74,present,6ad65213-e90f-5f74-ae79-ce3505408a84,2026-03-20T10:00:00Z
54d8327e-a359-5869-8132-1fee74564c56,9341cf1e-f77b-5e4a-abbe-6a72f8c4a2fa,2c6fe984-ffca-5d05-a19b-215541616c08,15204562-8739-57ce-a891-599634f8e229,15,present,d0f5a97f-ad85-5433-8e7a-67a79da066d3,2026-03-20T10:00:00Z
e5800e49-77c7-5dd2-acd4-51298ec85803,9341cf1e-f77b-5e4a-abbe-6a72f8c4a2fa,44552a08-3204-5581-bd31-5f310e877428,15204562-8739-57ce-a891-599634f8e229,23,present,d0f5a97f-ad85-5433-8e7a-67a79da066d3,2026-03-20T10:00:00Z
6f83b846-4e5c-53b8-b516-b6cea795f4d5,9341cf1e-f77b-5e4a-abbe-6a72f8c4a2fa,eeb7f905-7011-53c7-a0a3-af2936cb9b5e,15204562-8739-57ce-a891-599634f8e229,55,present,d0f5a97f-ad85-5433-8e7a-67a79da066d3,2026-03-20T10:00:00Z
923d3e7b-6c0c-532f-8314-28e056f26662,9341cf1e-f77b-5e4a-abbe-6a72f8c4a2fa,803bb02d-730d-5b95-bbae-1e331186b1f4,15204562-8739-57ce-a891-599634f8e229,19,present,0a9cf731-8101-5c94-8f1a-993db8f3bb9e,2026-03-20T10:00:00Z
45432344-f8b0-53fd-ac6a-9c136b2476b4,9341cf1e-f77b-5e4a-abbe-6a72f8c4a2fa,1fb291dc-18a5-5d99-a38b-5c9c643030f4,15204562-8739-57ce-a891-599634f8e229,32,present,0a9cf731-8101-5c94-8f1a-993db8f3bb9e,2026-03-20T10:00:00Z
0338e668-8cde-5776-a579-6825e8384d0b,9341cf1e-f77b-5e4a-abbe-6a72f8c4a2fa,8383e8bd-f9c8-55de-8afa-2c8a75fe98bd,15204562-8739-57ce-a891-599634f8e229,66,present,0a9cf731-8101-5c94-8f1a-993db8f3bb9e,2026-03-20T10:00:00Z
0541a856-99d0-5735-92fa-106bd0947349,9341cf1e-f77b-5e4a-abbe-6a72f8c4a2fa,23e627c6-d713-54f9-aa03-1bbbcf8583d6,15204562-8739-57ce-a891-599634f8e229,14,present,ea1ece68-bc07-53fd-ab08-d1c2b4a4002c,2026-03-20T10:00:00Z
77aa01e5-39b3-5217-99d8-c6f40f57ec44,9341cf1e-f77b-5e4a-abbe-6a72f8c4a2fa,50dbcf81-f0e6-5253-bf2f-4100bfb090a7,15204562-8739-57ce-a891-599634f8e229,25,present,ea1ece68-bc07-53fd-ab08-d1c2b4a4002c,2026-03-20T10:00:00Z
c59e3cd9-de08-5951-b498-f3dfe927af2f,9341cf1e-f77b-5e4a-abbe-6a72f8c4a2fa,aa78261d-7f5b-58ee-a18d-262f46c36875,15204562-8739-57ce-a891-599634f8e229,50,present,ea1ece68-bc07-53fd-ab08-d1c2b4a4002c,2026-03-20T10:00:00Z
08c3169e-c5f7-5ceb-a418-70e564811f8a,9341cf1e-f77b-5e4a-abbe-6a72f8c4a2fa,dd06d666-0a1e-56e7-824c-0ff4f2e7431d,15204562-8739-57ce-a891-599634f8e229,17,present,9a7606a0-33db-5faa-9d93-a634e51b2733,2026-03-20T10:00:00Z
8af46b81-9693-5d69-bb21-09546303c0d0,9341cf1e-f77b-5e4a-abbe-6a72f8c4a2fa,58e0bbaf-aa45-5a0a-9f5d-ce69cf46f448,15204562-8739-57ce-a891-599634f8e229,27,present,9a7606a0-33db-5faa-9d93-a634e51b2733,2026-03-20T10:00:00Z
3e311847-2943-50f1-bf3d-580568d48f0e,9341cf1e-f77b-5e4a-abbe-6a72f8c4a2fa,9f583bd8-b81c-5160-ab30-26a34e6495ea,15204562-8739-57ce-a891-599634f8e229,57,present,9a7606a0-33db-5faa-9d93-a634e51b2733,2026-03-20T10:00:00Z
e8acb367-5e4b-5676-895e-b5dc3e10ca16,9341cf1e-f77b-5e4a-abbe-6a72f8c4a2fa,77951684-ea33-58cd-94d8-c2cdc17b7cde,15204562-8739-57ce-a891-599634f8e229,18,present,cccdf135-6895-5e96-b2f4-e0c94b2971a0,2026-03-20T10:00:00Z
2c9efb40-9d18-5cff-831b-77a8d75026a0,9341cf1e-f77b-5e4a-abbe-6a72f8c4a2fa,0038fa91-74d4-55ae-b800-825e9a43f4ff,15204562-8739-57ce-a891-599634f8e229,32,present,cccdf135-6895-5e96-b2f4-e0c94b2971a0,2026-03-20T10:00:00Z
ec932f83-81de-573e-867b-5a5d43bac396,9341cf1e-f77b-5e4a-abbe-6a72f8c4a2fa,b62a2e16-c2b6-5157-b9bc-0b18fb7a57af,15204562-8739-57ce-a891-599634f8e229,52,present,cccdf135-6895-5e96-b2f4-e0c94b2971a0,2026-03-20T10:00:00Z
f49c099d-afb2-5ece-83bd-a271e363ffc0,9341cf1e-f77b-5e4a-abbe-6a72f8c4a2fa,872e28c5-5344-5f6d-bf4c-c39c8e2e7abc,15204562-8739-57ce-a891-599634f8e229,20,present,adbc96ac-0567-5b6b-9ca1-b7b285463f9c,2026-03-20T10:00:00Z
dbcc70f0-65b6-5ba0-98fd-63411ae3400a,9341cf1e-f77b-5e4a-abbe-6a72f8c4a2fa,4c584d44-ea92-5ad6-85f8-0e191484a899,15204562-8739-57ce-a891-599634f8e229,28,present,adbc96ac-0567-5b6b-9ca1-b7b285463f9c,2026-03-20T10:00:00Z
b6b6fd78-65ae-5db8-8fae-0841620e1097,9341cf1e-f77b-5e4a-abbe-6a72f8c4a2fa,b7a0bf36-c2d6-5ad9-8d75-2a543ecbb42b,15204562-8739-57ce-a891-599634f8e229,66,present,adbc96ac-0567-5b6b-9ca1-b7b285463f9c,2026-03-20T10:00:00Z
59502993-c994-5a6f-b625-f0a33b2f605b,9341cf1e-f77b-5e4a-abbe-6a72f8c4a2fa,5cfcad5e-cc96-59e0-aed0-4a45559f36b4,15204562-8739-57ce-a891-599634f8e229,13,present,6ad65213-e90f-5f74-ae79-ce3505408a84,2026-03-20T10:00:00Z
9db698cf-4652-59ac-9a58-c0c49d9304c8,9341cf1e-f77b-5e4a-abbe-6a72f8c4a2fa,7b6d57f6-7708-5e99-be6c-1f99ec7fbf3f,15204562-8739-57ce-a891-599634f8e229,21,present,6ad65213-e90f-5f74-ae79-ce3505408a84,2026-03-20T10:00:00Z
64ee666a-fd17-5200-8855-31afbbdd683d,9341cf1e-f77b-5e4a-abbe-6a72f8c4a2fa,9d0fcc17-dea6-5bf7-86a3-733b127284bd,15204562-8739-57ce-a891-599634f8e229,43,present,6ad65213-e90f-5f74-ae79-ce3505408a84,2026-03-20T10:00:00Z
ce4166fa-c25c-5428-aa6a-7ba2cc61b021,9341cf1e-f77b-5e4a-abbe-6a72f8c4a2fa,2c6fe984-ffca-5d05-a19b-215541616c08,f714ebb8-4de4-538c-860b-f04ffadb6dc7,23,present,d0f5a97f-ad85-5433-8e7a-67a79da066d3,2026-03-20T10:00:00Z
29fdc871-38b8-534a-8c14-f6fbfa8981c4,9341cf1e-f77b-5e4a-abbe-6a72f8c4a2fa,44552a08-3204-5581-bd31-5f310e877428,f714ebb8-4de4-538c-860b-f04ffadb6dc7,44,present,d0f5a97f-ad85-5433-8e7a-67a79da066d3,2026-03-20T10:00:00Z
0e5869bc-7bb8-5986-8af0-e13869e2675c,9341cf1e-f77b-5e4a-abbe-6a72f8c4a2fa,eeb7f905-7011-53c7-a0a3-af2936cb9b5e,f714ebb8-4de4-538c-860b-f04ffadb6dc7,86,present,d0f5a97f-ad85-5433-8e7a-67a79da066d3,2026-03-20T10:00:00Z
4c7770f1-01d9-5338-9f35-d45f2ebc9d8e,9341cf1e-f77b-5e4a-abbe-6a72f8c4a2fa,803bb02d-730d-5b95-bbae-1e331186b1f4,f714ebb8-4de4-538c-860b-f04ffadb6dc7,25,present,0a9cf731-8101-5c94-8f1a-993db8f3bb9e,2026-03-20T10:00:00Z
2d39967b-8317-5442-9f89-ec5d5e25b76b,9341cf1e-f77b-5e4a-abbe-6a72f8c4a2fa,1fb291dc-18a5-5d99-a38b-5c9c643030f4,f714ebb8-4de4-538c-860b-f04ffadb6dc7,46,present,0a9cf731-8101-5c94-8f1a-993db8f3bb9e,2026-03-20T10:00:00Z
8351d929-e49c-54d1-8d25-5646b60e1017,9341cf1e-f77b-5e4a-abbe-6a72f8c4a2fa,8383e8bd-f9c8-55de-8afa-2c8a75fe98bd,f714ebb8-4de4-538c-860b-f04ffadb6dc7,87,present,0a9cf731-8101-5c94-8f1a-993db8f3bb9e,2026-03-20T10:00:00Z
747c22af-38eb-560f-a890-b767c75592f4,9341cf1e-f77b-5e4a-abbe-6a72f8c4a2fa,23e627c6-d713-54f9-aa03-1bbbcf8583d6,f714ebb8-4de4-538c-860b-f04ffadb6dc7,19,present,ea1ece68-bc07-53fd-ab08-d1c2b4a4002c,2026-03-20T10:00:00Z
ad9be72c-ba1d-525d-91c1-195078576d3c,9341cf1e-f77b-5e4a-abbe-6a72f8c4a2fa,50dbcf81-f0e6-5253-bf2f-4100bfb090a7,f714ebb8-4de4-538c-860b-f04ffadb6dc7,34,present,ea1ece68-bc07-53fd-ab08-d1c2b4a4002c,2026-03-20T10:00:00Z
04e09f8c-5e21-507d-b716-0ffb12c72eca,9341cf1e-f77b-5e4a-abbe-6a72f8c4a2fa,aa78261d-7f5b-58ee-a18d-262f46c36875,f714ebb8-4de4-538c-860b-f04ffadb6dc7,66,present,ea1ece68-bc07-53fd-ab08-d1c2b4a4002c,2026-03-20T10:00:00Z
fe436e49-16ab-57bf-ad88-03abaa03d25b,9341cf1e-f77b-5e4a-abbe-6a72f8c4a2fa,872e28c5-5344-5f6d-bf4c-c39c8e2e7abc,f714ebb8-4de4-538c-860b-f04ffadb6dc7,27,present,adbc96ac-0567-5b6b-9ca1-b7b285463f9c,2026-03-20T10:00:00Z
fb1f4bde-cfb2-5cfc-bdf2-9cebc825625b,9341cf1e-f77b-5e4a-abbe-6a72f8c4a2fa,4c584d44-ea92-5ad6-85f8-0e191484a899,f714ebb8-4de4-538c-860b-f04ffadb6dc7,42,present,adbc96ac-0567-5b6b-9ca1-b7b285463f9c,2026-03-20T10:00:00Z
205580ef-062d-54c0-9e04-a7d2cf19bf9f,9341cf1e-f77b-5e4a-abbe-6a72f8c4a2fa,b7a0bf36-c2d6-5ad9-8d75-2a543ecbb42b,f714ebb8-4de4-538c-860b-f04ffadb6dc7,76,present,adbc96ac-0567-5b6b-9ca1-b7b285463f9c,2026-03-20T10:00:00Z
5c280acd-24b0-557b-be1f-666e450696db,9341cf1e-f77b-5e4a-abbe-6a72f8c4a2fa,9e7f6d8f-2005-5d7e-8eb1-448d62754c85,f714ebb8-4de4-538c-860b-f04ffadb6dc7,23,present,cccdf135-6895-5e96-b2f4-e0c94b2971a0,2026-03-20T10:00:00Z
51f88129-a50c-594b-9f58-55c1fd00216a,9341cf1e-f77b-5e4a-abbe-6a72f8c4a2fa,2e500c9e-2624-5cdb-8af5-530ec05a255b,f714ebb8-4de4-538c-860b-f04ffadb6dc7,46,present,cccdf135-6895-5e96-b2f4-e0c94b2971a0,2026-03-20T10:00:00Z
f99ffad5-189c-52c1-a3a9-58b66519f647,9341cf1e-f77b-5e4a-abbe-6a72f8c4a2fa,76cc43a0-e5c5-54bc-b9d1-ff080dcae558,f714ebb8-4de4-538c-860b-f04ffadb6dc7,74,present,cccdf135-6895-5e96-b2f4-e0c94b2971a0,2026-03-20T10:00:00Z
e0b83e96-98a1-5efb-8f20-408f74641517,9341cf1e-f77b-5e4a-abbe-6a72f8c4a2fa,dd06d666-0a1e-56e7-824c-0ff4f2e7431d,f714ebb8-4de4-538c-860b-f04ffadb6dc7,24,present,9a7606a0-33db-5faa-9d93-a634e51b2733,2026-03-20T10:00:00Z
71f76d04-3539-595b-b563-46a9a021441b,9341cf1e-f77b-5e4a-abbe-6a72f8c4a2fa,58e0bbaf-aa45-5a0a-9f5d-ce69cf46f448,f714ebb8-4de4-538c-860b-f04ffadb6dc7,48,present,9a7606a0-33db-5faa-9d93-a634e51b2733,2026-03-20T10:00:00Z
3a573a09-57c0-58aa-893b-6a1bddcdc285,9341cf1e-f77b-5e4a-abbe-6a72f8c4a2fa,9f583bd8-b81c-5160-ab30-26a34e6495ea,f714ebb8-4de4-538c-860b-f04ffadb6dc7,79,present,9a7606a0-33db-5faa-9d93-a634e51b2733,2026-03-20T10:00:00Z
becc320d-32ba-54ef-86b0-5f201a60a566,9341cf1e-f77b-5e4a-abbe-6a72f8c4a2fa,746cf373-7f5f-52b3-9ce9-115b51a35885,f714ebb8-4de4-538c-860b-f04ffadb6dc7,17,present,41b489ac-92f6-5fc0-8bce-c587a1d85417,2026-03-20T10:00:00Z
aede0dd6-b28c-54b9-ba81-5c8c6c0ec311,9341cf1e-f77b-5e4a-abbe-6a72f8c4a2fa,c939d84d-1ff6-5b3e-9911-6c0c8aacd55d,f714ebb8-4de4-538c-860b-f04ffadb6dc7,35,present,41b489ac-92f6-5fc0-8bce-c587a1d85417,2026-03-20T10:00:00Z
3dbf3ce1-a0d8-53d3-9662-62bcc9254505,9341cf1e-f77b-5e4a-abbe-6a72f8c4a2fa,80bdb409-228a-5778-8642-d5961a0d8f7e,f714ebb8-4de4-538c-860b-f04ffadb6dc7,69,present,41b489ac-92f6-5fc0-8bce-c587a1d85417,2026-03-20T10:00:00Z
935d2275-606d-5f2d-9a15-3ebaf1f5c09e,9341cf1e-f77b-5e4a-abbe-6a72f8c4a2fa,2c6fe984-ffca-5d05-a19b-215541616c08,267ce91b-e86b-5f8d-8e64-5bca801a721c,17,present,d0f5a97f-ad85-5433-8e7a-67a79da066d3,2026-03-20T10:00:00Z
27821474-63b8-51b4-9921-d3657a67b3e4,9341cf1e-f77b-5e4a-abbe-6a72f8c4a2fa,44552a08-3204-5581-bd31-5f310e877428,267ce91b-e86b-5f8d-8e64-5bca801a721c,28,present,d0f5a97f-ad85-5433-8e7a-67a79da066d3,2026-03-20T10:00:00Z
49e64e18-5bb5-59e7-abaa-11e2d22b91ec,9341cf1e-f77b-5e4a-abbe-6a72f8c4a2fa,eeb7f905-7011-53c7-a0a3-af2936cb9b5e,267ce91b-e86b-5f8d-8e64-5bca801a721c,55,present,d0f5a97f-ad85-5433-8e7a-67a79da066d3,2026-03-20T10:00:00Z
df180ac9-0537-56e3-8cb6-28c2d97ba3b0,9341cf1e-f77b-5e4a-abbe-6a72f8c4a2fa,803bb02d-730d-5b95-bbae-1e331186b1f4,267ce91b-e86b-5f8d-8e64-5bca801a721c,21,present,0a9cf731-8101-5c94-8f1a-993db8f3bb9e,2026-03-20T10:00:00Z
4d7cd013-0f79-5ced-8d98-d847219baa44,9341cf1e-f77b-5e4a-abbe-6a72f8c4a2fa,1fb291dc-18a5-5d99-a38b-5c9c643030f4,267ce91b-e86b-5f8d-8e64-5bca801a721c,30,present,0a9cf731-8101-5c94-8f1a-993db8f3bb9e,2026-03-20T10:00:00Z
bb35ad88-5579-53f9-a03b-272049b040a1,9341cf1e-f77b-5e4a-abbe-6a72f8c4a2fa,8383e8bd-f9c8-55de-8afa-2c8a75fe98bd,267ce91b-e86b-5f8d-8e64-5bca801a721c,64,present,0a9cf731-8101-5c94-8f1a-993db8f3bb9e,2026-03-20T10:00:00Z
27d4f376-c542-5c6a-9f0d-8ae0231b4fbe,9341cf1e-f77b-5e4a-abbe-6a72f8c4a2fa,23e627c6-d713-54f9-aa03-1bbbcf8583d6,267ce91b-e86b-5f8d-8e64-5bca801a721c,16,present,ea1ece68-bc07-53fd-ab08-d1c2b4a4002c,2026-03-20T10:00:00Z
fe37a4d3-a550-5cef-82aa-bdbc7aa2a859,9341cf1e-f77b-5e4a-abbe-6a72f8c4a2fa,50dbcf81-f0e6-5253-bf2f-4100bfb090a7,267ce91b-e86b-5f8d-8e64-5bca801a721c,25,present,ea1ece68-bc07-53fd-ab08-d1c2b4a4002c,2026-03-20T10:00:00Z
67341441-11dc-56f7-a831-d682ef6b3650,9341cf1e-f77b-5e4a-abbe-6a72f8c4a2fa,aa78261d-7f5b-58ee-a18d-262f46c36875,267ce91b-e86b-5f8d-8e64-5bca801a721c,59,present,ea1ece68-bc07-53fd-ab08-d1c2b4a4002c,2026-03-20T10:00:00Z
5706843b-8e64-5e9a-8d56-f20981b7c461,9341cf1e-f77b-5e4a-abbe-6a72f8c4a2fa,77951684-ea33-58cd-94d8-c2cdc17b7cde,267ce91b-e86b-5f8d-8e64-5bca801a721c,18,present,cccdf135-6895-5e96-b2f4-e0c94b2971a0,2026-03-20T10:00:00Z
1665939a-3036-5d0e-a0d4-349b9324e466,9341cf1e-f77b-5e4a-abbe-6a72f8c4a2fa,0038fa91-74d4-55ae-b800-825e9a43f4ff,267ce91b-e86b-5f8d-8e64-5bca801a721c,26,present,cccdf135-6895-5e96-b2f4-e0c94b2971a0,2026-03-20T10:00:00Z
b5c21a4b-4632-5f9a-a5d6-368e030c8e3a,9341cf1e-f77b-5e4a-abbe-6a72f8c4a2fa,b62a2e16-c2b6-5157-b9bc-0b18fb7a57af,267ce91b-e86b-5f8d-8e64-5bca801a721c,61,present,cccdf135-6895-5e96-b2f4-e0c94b2971a0,2026-03-20T10:00:00Z
8ef02e37-c12c-57a4-98ca-181274464a2d,9341cf1e-f77b-5e4a-abbe-6a72f8c4a2fa,9e7f6d8f-2005-5d7e-8eb1-448d62754c85,267ce91b-e86b-5f8d-8e64-5bca801a721c,16,present,cccdf135-6895-5e96-b2f4-e0c94b2971a0,2026-03-20T10:00:00Z
72469eeb-f686-57c6-899f-b3de72d417fc,9341cf1e-f77b-5e4a-abbe-6a72f8c4a2fa,2e500c9e-2624-5cdb-8af5-530ec05a255b,267ce91b-e86b-5f8d-8e64-5bca801a721c,28,present,cccdf135-6895-5e96-b2f4-e0c94b2971a0,2026-03-20T10:00:00Z
c7cf6a56-0554-5a90-8237-b3bd8c1c8c12,9341cf1e-f77b-5e4a-abbe-6a72f8c4a2fa,76cc43a0-e5c5-54bc-b9d1-ff080dcae558,267ce91b-e86b-5f8d-8e64-5bca801a721c,61,present,cccdf135-6895-5e96-b2f4-e0c94b2971a0,2026-03-20T10:00:00Z
8649c30e-d279-55a7-9f66-66af213f3b18,9341cf1e-f77b-5e4a-abbe-6a72f8c4a2fa,872e28c5-5344-5f6d-bf4c-c39c8e2e7abc,267ce91b-e86b-5f8d-8e64-5bca801a721c,16,present,adbc96ac-0567-5b6b-9ca1-b7b285463f9c,2026-03-20T10:00:00Z
8693fd89-4841-5be6-821e-184bd648dfc4,9341cf1e-f77b-5e4a-abbe-6a72f8c4a2fa,4c584d44-ea92-5ad6-85f8-0e191484a899,267ce91b-e86b-5f8d-8e64-5bca801a721c,32,present,adbc96ac-0567-5b6b-9ca1-b7b285463f9c,2026-03-20T10:00:00Z
4db362e2-8942-5138-a6fe-4097ab1b599c,9341cf1e-f77b-5e4a-abbe-6a72f8c4a2fa,b7a0bf36-c2d6-5ad9-8d75-2a543ecbb42b,267ce91b-e86b-5f8d-8e64-5bca801a721c,56,present,adbc96ac-0567-5b6b-9ca1-b7b285463f9c,2026-03-20T10:00:00Z
96b83716-8909-5ec4-9532-bc7b0fa2ea15,9341cf1e-f77b-5e4a-abbe-6a72f8c4a2fa,5cfcad5e-cc96-59e0-aed0-4a45559f36b4,267ce91b-e86b-5f8d-8e64-5bca801a721c,19,present,6ad65213-e90f-5f74-ae79-ce3505408a84,2026-03-20T10:00:00Z
61523bdf-357c-569a-b200-1908b90208c9,9341cf1e-f77b-5e4a-abbe-6a72f8c4a2fa,7b6d57f6-7708-5e99-be6c-1f99ec7fbf3f,267ce91b-e86b-5f8d-8e64-5bca801a721c,31,present,6ad65213-e90f-5f74-ae79-ce3505408a84,2026-03-20T10:00:00Z
eefce127-d9b8-5e54-8bff-4aa8c93f656e,9341cf1e-f77b-5e4a-abbe-6a72f8c4a2fa,9d0fcc17-dea6-5bf7-86a3-733b127284bd,267ce91b-e86b-5f8d-8e64-5bca801a721c,59,present,6ad65213-e90f-5f74-ae79-ce3505408a84,2026-03-20T10:00:00Z
0ecd8924-d0db-5691-9b4f-110ac7c8ff86,9341cf1e-f77b-5e4a-abbe-6a72f8c4a2fa,2c6fe984-ffca-5d05-a19b-215541616c08,c2de7554-0a0c-58ab-bcc2-24024dbd0435,23,present,d0f5a97f-ad85-5433-8e7a-67a79da066d3,2026-03-20T10:00:00Z
00a42493-bef9-50b6-88d2-53645e20eb7b,9341cf1e-f77b-5e4a-abbe-6a72f8c4a2fa,44552a08-3204-5581-bd31-5f310e877428,c2de7554-0a0c-58ab-bcc2-24024dbd0435,40,present,d0f5a97f-ad85-5433-8e7a-67a79da066d3,2026-03-20T10:00:00Z
68ac2ac8-36d6-5bd1-99c7-eeb60dc97268,9341cf1e-f77b-5e4a-abbe-6a72f8c4a2fa,eeb7f905-7011-53c7-a0a3-af2936cb9b5e,c2de7554-0a0c-58ab-bcc2-24024dbd0435,76,present,d0f5a97f-ad85-5433-8e7a-67a79da066d3,2026-03-20T10:00:00Z
724d514d-10bb-50cb-b296-1094506792c6,9341cf1e-f77b-5e4a-abbe-6a72f8c4a2fa,803bb02d-730d-5b95-bbae-1e331186b1f4,c2de7554-0a0c-58ab-bcc2-24024dbd0435,27,present,0a9cf731-8101-5c94-8f1a-993db8f3bb9e,2026-03-20T10:00:00Z
2ccd63ed-d909-55be-bc0f-c10c4f7a3812,9341cf1e-f77b-5e4a-abbe-6a72f8c4a2fa,1fb291dc-18a5-5d99-a38b-5c9c643030f4,c2de7554-0a0c-58ab-bcc2-24024dbd0435,45,present,0a9cf731-8101-5c94-8f1a-993db8f3bb9e,2026-03-20T10:00:00Z
e5c9102a-91e9-53b4-b966-68299528c38f,9341cf1e-f77b-5e4a-abbe-6a72f8c4a2fa,8383e8bd-f9c8-55de-8afa-2c8a75fe98bd,c2de7554-0a0c-58ab-bcc2-24024dbd0435,90,present,0a9cf731-8101-5c94-8f1a-993db8f3bb9e,2026-03-20T10:00:00Z
4fc7c032-4e70-5af8-a6b7-4c00a3efeeb5,9341cf1e-f77b-5e4a-abbe-6a72f8c4a2fa,23e627c6-d713-54f9-aa03-1bbbcf8583d6,c2de7554-0a0c-58ab-bcc2-24024dbd0435,26,present,ea1ece68-bc07-53fd-ab08-d1c2b4a4002c,2026-03-20T10:00:00Z
d7821d08-94de-5f3c-8a27-f7ad3129ae7e,9341cf1e-f77b-5e4a-abbe-6a72f8c4a2fa,50dbcf81-f0e6-5253-bf2f-4100bfb090a7,c2de7554-0a0c-58ab-bcc2-24024dbd0435,41,present,ea1ece68-bc07-53fd-ab08-d1c2b4a4002c,2026-03-20T10:00:00Z
508ffda4-0680-5bdb-90fa-f0b025e8f8e0,9341cf1e-f77b-5e4a-abbe-6a72f8c4a2fa,aa78261d-7f5b-58ee-a18d-262f46c36875,c2de7554-0a0c-58ab-bcc2-24024dbd0435,90,present,ea1ece68-bc07-53fd-ab08-d1c2b4a4002c,2026-03-20T10:00:00Z
92c34417-2f89-5dad-ac8c-b6f1b9b375db,9341cf1e-f77b-5e4a-abbe-6a72f8c4a2fa,872e28c5-5344-5f6d-bf4c-c39c8e2e7abc,c2de7554-0a0c-58ab-bcc2-24024dbd0435,28,present,adbc96ac-0567-5b6b-9ca1-b7b285463f9c,2026-03-20T10:00:00Z
17bce998-65ef-53a0-a0b0-9e505470be26,9341cf1e-f77b-5e4a-abbe-6a72f8c4a2fa,4c584d44-ea92-5ad6-85f8-0e191484a899,c2de7554-0a0c-58ab-bcc2-24024dbd0435,46,present,adbc96ac-0567-5b6b-9ca1-b7b285463f9c,2026-03-20T10:00:00Z
8021de66-9448-5f5f-b488-37209599059e,9341cf1e-f77b-5e4a-abbe-6a72f8c4a2fa,b7a0bf36-c2d6-5ad9-8d75-2a543ecbb42b,c2de7554-0a0c-58ab-bcc2-24024dbd0435,89,present,adbc96ac-0567-5b6b-9ca1-b7b285463f9c,2026-03-20T10:00:00Z
efddc113-c8d6-50ea-9126-861a044cee49,9341cf1e-f77b-5e4a-abbe-6a72f8c4a2fa,746cf373-7f5f-52b3-9ce9-115b51a35885,c2de7554-0a0c-58ab-bcc2-24024dbd0435,23,present,41b489ac-92f6-5fc0-8bce-c587a1d85417,2026-03-20T10:00:00Z
a29f09f7-89a6-5d6f-baf6-399eceab89fa,9341cf1e-f77b-5e4a-abbe-6a72f8c4a2fa,c939d84d-1ff6-5b3e-9911-6c0c8aacd55d,c2de7554-0a0c-58ab-bcc2-24024dbd0435,37,present,41b489ac-92f6-5fc0-8bce-c587a1d85417,2026-03-20T10:00:00Z
8bf8cbec-5008-5898-a40a-4fd645433cf6,9341cf1e-f77b-5e4a-abbe-6a72f8c4a2fa,80bdb409-228a-5778-8642-d5961a0d8f7e,c2de7554-0a0c-58ab-bcc2-24024dbd0435,83,present,41b489ac-92f6-5fc0-8bce-c587a1d85417,2026-03-20T10:00:00Z
f9964e6c-4861-5334-8b58-cd9e379cc433,9341cf1e-f77b-5e4a-abbe-6a72f8c4a2fa,77951684-ea33-58cd-94d8-c2cdc17b7cde,c2de7554-0a0c-58ab-bcc2-24024dbd0435,25,present,cccdf135-6895-5e96-b2f4-e0c94b2971a0,2026-03-20T10:00:00Z
bdabbb3f-079a-56b8-8ab4-72d80be4a688,9341cf1e-f77b-5e4a-abbe-6a72f8c4a2fa,0038fa91-74d4-55ae-b800-825e9a43f4ff,c2de7554-0a0c-58ab-bcc2-24024dbd0435,41,present,cccdf135-6895-5e96-b2f4-e0c94b2971a0,2026-03-20T10:00:00Z
89624d5e-45b6-5dfb-ad17-923c95d6e1f6,9341cf1e-f77b-5e4a-abbe-6a72f8c4a2fa,b62a2e16-c2b6-5157-b9bc-0b18fb7a57af,c2de7554-0a0c-58ab-bcc2-24024dbd0435,75,present,cccdf135-6895-5e96-b2f4-e0c94b2971a0,2026-03-20T10:00:00Z
a0c4266a-d9b9-5f1a-9e8e-e7cdfa235fdd,9341cf1e-f77b-5e4a-abbe-6a72f8c4a2fa,5cfcad5e-cc96-59e0-aed0-4a45559f36b4,c2de7554-0a0c-58ab-bcc2-24024dbd0435,21,present,6ad65213-e90f-5f74-ae79-ce3505408a84,2026-03-20T10:00:00Z
4a508f30-473e-56de-bdd1-9dd33782b6ff,9341cf1e-f77b-5e4a-abbe-6a72f8c4a2fa,7b6d57f6-7708-5e99-be6c-1f99ec7fbf3f,c2de7554-0a0c-58ab-bcc2-24024dbd0435,39,present,6ad65213-e90f-5f74-ae79-ce3505408a84,2026-03-20T10:00:00Z
6367fc15-61f5-5f42-b018-dbc9fcc5cb6a,9341cf1e-f77b-5e4a-abbe-6a72f8c4a2fa,9d0fcc17-dea6-5bf7-86a3-733b127284bd,c2de7554-0a0c-58ab-bcc2-24024dbd0435,83,present,6ad65213-e90f-5f74-ae79-ce3505408a84,2026-03-20T10:00:00Z
6eab5701-b46c-540e-a59e-96f91a9a163c,9341cf1e-f77b-5e4a-abbe-6a72f8c4a2fa,2c6fe984-ffca-5d05-a19b-215541616c08,8704dc9d-2cf1-50f9-b530-a7b80b0e897e,8,present,d0f5a97f-ad85-5433-8e7a-67a79da066d3,2026-03-20T10:00:00Z
25c388ec-0ed8-50cc-90d6-834058aeeac1,9341cf1e-f77b-5e4a-abbe-6a72f8c4a2fa,44552a08-3204-5581-bd31-5f310e877428,8704dc9d-2cf1-50f9-b530-a7b80b0e897e,,absent,d0f5a97f-ad85-5433-8e7a-67a79da066d3,2026-03-20T10:00:00Z
aa32c028-de3a-54df-9972-6477a46bcb8a,9341cf1e-f77b-5e4a-abbe-6a72f8c4a2fa,eeb7f905-7011-53c7-a0a3-af2936cb9b5e,8704dc9d-2cf1-50f9-b530-a7b80b0e897e,30,present,d0f5a97f-ad85-5433-8e7a-67a79da066d3,2026-03-20T10:00:00Z
27a7e094-da5b-5085-8c96-14227fb659d1,9341cf1e-f77b-5e4a-abbe-6a72f8c4a2fa,803bb02d-730d-5b95-bbae-1e331186b1f4,8704dc9d-2cf1-50f9-b530-a7b80b0e897e,12,present,0a9cf731-8101-5c94-8f1a-993db8f3bb9e,2026-03-20T10:00:00Z
05a692b4-78ed-5ecb-bf0e-53dc32497d31,9341cf1e-f77b-5e4a-abbe-6a72f8c4a2fa,1fb291dc-18a5-5d99-a38b-5c9c643030f4,8704dc9d-2cf1-50f9-b530-a7b80b0e897e,20,present,0a9cf731-8101-5c94-8f1a-993db8f3bb9e,2026-03-20T10:00:00Z
b58d6e1d-1014-5cbe-82b9-660d1ac6fbcb,9341cf1e-f77b-5e4a-abbe-6a72f8c4a2fa,8383e8bd-f9c8-55de-8afa-2c8a75fe98bd,8704dc9d-2cf1-50f9-b530-a7b80b0e897e,32,present,0a9cf731-8101-5c94-8f1a-993db8f3bb9e,2026-03-20T10:00:00Z
749ff7ea-b7bf-59e3-8e07-551d259ae9c6,9341cf1e-f77b-5e4a-abbe-6a72f8c4a2fa,23e627c6-d713-54f9-aa03-1bbbcf8583d6,8704dc9d-2cf1-50f9-b530-a7b80b0e897e,15,present,ea1ece68-bc07-53fd-ab08-d1c2b4a4002c,2026-03-20T10:00:00Z
f58b31b9-01aa-5ea6-a6ce-902ffbc0960a,9341cf1e-f77b-5e4a-abbe-6a72f8c4a2fa,50dbcf81-f0e6-5253-bf2f-4100bfb090a7,8704dc9d-2cf1-50f9-b530-a7b80b0e897e,23,present,ea1ece68-bc07-53fd-ab08-d1c2b4a4002c,2026-03-20T10:00:00Z
9c4aed14-8815-5cda-9151-eed43b6a7d5e,9341cf1e-f77b-5e4a-abbe-6a72f8c4a2fa,aa78261d-7f5b-58ee-a18d-262f46c36875,8704dc9d-2cf1-50f9-b530-a7b80b0e897e,49,present,ea1ece68-bc07-53fd-ab08-d1c2b4a4002c,2026-03-20T10:00:00Z
1e4caca6-27c8-5cd3-bb12-40f3341036e7,9341cf1e-f77b-5e4a-abbe-6a72f8c4a2fa,9e7f6d8f-2005-5d7e-8eb1-448d62754c85,8704dc9d-2cf1-50f9-b530-a7b80b0e897e,13,present,cccdf135-6895-5e96-b2f4-e0c94b2971a0,2026-03-20T10:00:00Z
62a1bd16-e875-5e01-9db8-c0e3f205f2c1,9341cf1e-f77b-5e4a-abbe-6a72f8c4a2fa,2e500c9e-2624-5cdb-8af5-530ec05a255b,8704dc9d-2cf1-50f9-b530-a7b80b0e897e,18,present,cccdf135-6895-5e96-b2f4-e0c94b2971a0,2026-03-20T10:00:00Z
b183d337-577c-5a3d-a5ea-b5e4b30141bc,9341cf1e-f77b-5e4a-abbe-6a72f8c4a2fa,76cc43a0-e5c5-54bc-b9d1-ff080dcae558,8704dc9d-2cf1-50f9-b530-a7b80b0e897e,43,present,cccdf135-6895-5e96-b2f4-e0c94b2971a0,2026-03-20T10:00:00Z
b6516f10-8c96-5af4-8229-ccbaf73fefbf,9341cf1e-f77b-5e4a-abbe-6a72f8c4a2fa,872e28c5-5344-5f6d-bf4c-c39c8e2e7abc,8704dc9d-2cf1-50f9-b530-a7b80b0e897e,14,present,adbc96ac-0567-5b6b-9ca1-b7b285463f9c,2026-03-20T10:00:00Z
9fe3debf-1485-53df-a0c2-7c4c250a859e,9341cf1e-f77b-5e4a-abbe-6a72f8c4a2fa,4c584d44-ea92-5ad6-85f8-0e191484a899,8704dc9d-2cf1-50f9-b530-a7b80b0e897e,18,present,adbc96ac-0567-5b6b-9ca1-b7b285463f9c,2026-03-20T10:00:00Z
6f05d523-faa5-5c2c-837d-c4aac391f3bf,9341cf1e-f77b-5e4a-abbe-6a72f8c4a2fa,b7a0bf36-c2d6-5ad9-8d75-2a543ecbb42b,8704dc9d-2cf1-50f9-b530-a7b80b0e897e,50,present,adbc96ac-0567-5b6b-9ca1-b7b285463f9c,2026-03-20T10:00:00Z
48608c72-9d96-520d-a1d7-ebc8d0550047,9341cf1e-f77b-5e4a-abbe-6a72f8c4a2fa,746cf373-7f5f-52b3-9ce9-115b51a35885,8704dc9d-2cf1-50f9-b530-a7b80b0e897e,10,present,41b489ac-92f6-5fc0-8bce-c587a1d85417,2026-03-20T10:00:00Z
1174dc61-d4ad-53ff-8ef9-2f7b94d16622,9341cf1e-f77b-5e4a-abbe-6a72f8c4a2fa,c939d84d-1ff6-5b3e-9911-6c0c8aacd55d,8704dc9d-2cf1-50f9-b530-a7b80b0e897e,13,present,41b489ac-92f6-5fc0-8bce-c587a1d85417,2026-03-20T10:00:00Z
4b66d0c1-26d8-5752-acd8-9f930bb5e92c,9341cf1e-f77b-5e4a-abbe-6a72f8c4a2fa,80bdb409-228a-5778-8642-d5961a0d8f7e,8704dc9d-2cf1-50f9-b530-a7b80b0e897e,35,present,41b489ac-92f6-5fc0-8bce-c587a1d85417,2026-03-20T10:00:00Z
4b5e3c94-9205-5d40-877a-64482ad037e9,9341cf1e-f77b-5e4a-abbe-6a72f8c4a2fa,dd06d666-0a1e-56e7-824c-0ff4f2e7431d,8704dc9d-2cf1-50f9-b530-a7b80b0e897e,12,present,9a7606a0-33db-5faa-9d93-a634e51b2733,2026-03-20T10:00:00Z
93de6030-049b-553f-a881-56d7d963c66f,9341cf1e-f77b-5e4a-abbe-6a72f8c4a2fa,58e0bbaf-aa45-5a0a-9f5d-ce69cf46f448,8704dc9d-2cf1-50f9-b530-a7b80b0e897e,26,present,9a7606a0-33db-5faa-9d93-a634e51b2733,2026-03-20T10:00:00Z
73d1b96d-03f4-5620-959a-6f189e815a5d,9341cf1e-f77b-5e4a-abbe-6a72f8c4a2fa,9f583bd8-b81c-5160-ab30-26a34e6495ea,8704dc9d-2cf1-50f9-b530-a7b80b0e897e,50,present,9a7606a0-33db-5faa-9d93-a634e51b2733,2026-03-20T10:00:00Z
b38b6b11-6cae-5f8b-a7c4-463f74c21d29,9341cf1e-f77b-5e4a-abbe-6a72f8c4a2fa,2c6fe984-ffca-5d05-a19b-215541616c08,88df413d-7da9-506c-9b59-3acb3280d64c,21,present,d0f5a97f-ad85-5433-8e7a-67a79da066d3,2026-03-20T10:00:00Z
f47ccc0b-06d4-5721-8898-419a610ab9fc,9341cf1e-f77b-5e4a-abbe-6a72f8c4a2fa,44552a08-3204-5581-bd31-5f310e877428,88df413d-7da9-506c-9b59-3acb3280d64c,35,present,d0f5a97f-ad85-5433-8e7a-67a79da066d3,2026-03-20T10:00:00Z
22b77b32-fbfa-57f1-9090-a57a496e0e41,9341cf1e-f77b-5e4a-abbe-6a72f8c4a2fa,eeb7f905-7011-53c7-a0a3-af2936cb9b5e,88df413d-7da9-506c-9b59-3acb3280d64c,65,present,d0f5a97f-ad85-5433-8e7a-67a79da066d3,2026-03-20T10:00:00Z
612e9b9b-bed8-544a-8bbb-54aa4cc2ced9,9341cf1e-f77b-5e4a-abbe-6a72f8c4a2fa,803bb02d-730d-5b95-bbae-1e331186b1f4,88df413d-7da9-506c-9b59-3acb3280d64c,19,present,0a9cf731-8101-5c94-8f1a-993db8f3bb9e,2026-03-20T10:00:00Z
49fa0973-230a-5474-b7e7-79036dd962cd,9341cf1e-f77b-5e4a-abbe-6a72f8c4a2fa,1fb291dc-18a5-5d99-a38b-5c9c643030f4,88df413d-7da9-506c-9b59-3acb3280d64c,34,present,0a9cf731-8101-5c94-8f1a-993db8f3bb9e,2026-03-20T10:00:00Z
6fec892e-be9f-5d50-a353-0cef3ab34369,9341cf1e-f77b-5e4a-abbe-6a72f8c4a2fa,8383e8bd-f9c8-55de-8afa-2c8a75fe98bd,88df413d-7da9-506c-9b59-3acb3280d64c,56,present,0a9cf731-8101-5c94-8f1a-993db8f3bb9e,2026-03-20T10:00:00Z
67640b69-f1e3-578c-be06-ad6c7b18ff81,9341cf1e-f77b-5e4a-abbe-6a72f8c4a2fa,23e627c6-d713-54f9-aa03-1bbbcf8583d6,88df413d-7da9-506c-9b59-3acb3280d64c,23,present,ea1ece68-bc07-53fd-ab08-d1c2b4a4002c,2026-03-20T10:00:00Z
470133a4-bfde-5329-bf5d-04f6a90f3eee,9341cf1e-f77b-5e4a-abbe-6a72f8c4a2fa,50dbcf81-f0e6-5253-bf2f-4100bfb090a7,88df413d-7da9-506c-9b59-3acb3280d64c,44,present,ea1ece68-bc07-53fd-ab08-d1c2b4a4002c,2026-03-20T10:00:00Z
ab4af4f8-0c19-5d3d-99c6-f82b8d2e12ad,9341cf1e-f77b-5e4a-abbe-6a72f8c4a2fa,aa78261d-7f5b-58ee-a18d-262f46c36875,88df413d-7da9-506c-9b59-3acb3280d64c,79,present,ea1ece68-bc07-53fd-ab08-d1c2b4a4002c,2026-03-20T10:00:00Z
57c54408-f62f-5bdf-a1fe-b6e46d3bf078,9341cf1e-f77b-5e4a-abbe-6a72f8c4a2fa,872e28c5-5344-5f6d-bf4c-c39c8e2e7abc,88df413d-7da9-506c-9b59-3acb3280d64c,21,present,adbc96ac-0567-5b6b-9ca1-b7b285463f9c,2026-03-20T10:00:00Z
2dd2ef66-17d4-59b4-a740-fa5f00c33880,9341cf1e-f77b-5e4a-abbe-6a72f8c4a2fa,4c584d44-ea92-5ad6-85f8-0e191484a899,88df413d-7da9-506c-9b59-3acb3280d64c,31,present,adbc96ac-0567-5b6b-9ca1-b7b285463f9c,2026-03-20T10:00:00Z
bcf0b22c-e192-50da-9fab-0401ab50bc69,9341cf1e-f77b-5e4a-abbe-6a72f8c4a2fa,b7a0bf36-c2d6-5ad9-8d75-2a543ecbb42b,88df413d-7da9-506c-9b59-3acb3280d64c,63,present,adbc96ac-0567-5b6b-9ca1-b7b285463f9c,2026-03-20T10:00:00Z
f37c3a58-ac97-5a9c-b885-527fd49b2d48,9341cf1e-f77b-5e4a-abbe-6a72f8c4a2fa,5cfcad5e-cc96-59e0-aed0-4a45559f36b4,88df413d-7da9-506c-9b59-3acb3280d64c,23,present,6ad65213-e90f-5f74-ae79-ce3505408a84,2026-03-20T10:00:00Z
d4e8c170-a94f-591b-9202-5820d133064b,9341cf1e-f77b-5e4a-abbe-6a72f8c4a2fa,7b6d57f6-7708-5e99-be6c-1f99ec7fbf3f,88df413d-7da9-506c-9b59-3acb3280d64c,41,present,6ad65213-e90f-5f74-ae79-ce3505408a84,2026-03-20T10:00:00Z
10745c05-bada-5c0c-98e6-048222837b2e,9341cf1e-f77b-5e4a-abbe-6a72f8c4a2fa,9d0fcc17-dea6-5bf7-86a3-733b127284bd,88df413d-7da9-506c-9b59-3acb3280d64c,81,present,6ad65213-e90f-5f74-ae79-ce3505408a84,2026-03-20T10:00:00Z
86e7b771-a925-5520-bbb2-458d04924dbe,9341cf1e-f77b-5e4a-abbe-6a72f8c4a2fa,9e7f6d8f-2005-5d7e-8eb1-448d62754c85,88df413d-7da9-506c-9b59-3acb3280d64c,21,present,cccdf135-6895-5e96-b2f4-e0c94b2971a0,2026-03-20T10:00:00Z
6dd611d2-a4d8-5ace-8076-7ccb1cda5cad,9341cf1e-f77b-5e4a-abbe-6a72f8c4a2fa,2e500c9e-2624-5cdb-8af5-530ec05a255b,88df413d-7da9-506c-9b59-3acb3280d64c,41,present,cccdf135-6895-5e96-b2f4-e0c94b2971a0,2026-03-20T10:00:00Z
2b4e3b83-4ee6-5580-bbae-e180dd8c052a,9341cf1e-f77b-5e4a-abbe-6a72f8c4a2fa,76cc43a0-e5c5-54bc-b9d1-ff080dcae558,88df413d-7da9-506c-9b59-3acb3280d64c,72,present,cccdf135-6895-5e96-b2f4-e0c94b2971a0,2026-03-20T10:00:00Z
70b47c8d-1a5e-580c-a7ff-4e634865ece4,9341cf1e-f77b-5e4a-abbe-6a72f8c4a2fa,77951684-ea33-58cd-94d8-c2cdc17b7cde,88df413d-7da9-506c-9b59-3acb3280d64c,19,present,cccdf135-6895-5e96-b2f4-e0c94b2971a0,2026-03-20T10:00:00Z
a1d69341-b565-55c2-bf87-e009b50eedaf,9341cf1e-f77b-5e4a-abbe-6a72f8c4a2fa,0038fa91-74d4-55ae-b800-825e9a43f4ff,88df413d-7da9-506c-9b59-3acb3280d64c,31,present,cccdf135-6895-5e96-b2f4-e0c94b2971a0,2026-03-20T10:00:00Z
84a611cc-7cbb-5d1a-9d1d-685681cc384b,9341cf1e-f77b-5e4a-abbe-6a72f8c4a2fa,b62a2e16-c2b6-5157-b9bc-0b18fb7a57af,88df413d-7da9-506c-9b59-3acb3280d64c,61,present,cccdf135-6895-5e96-b2f4-e0c94b2971a0,2026-03-20T10:00:00Z
4e327175-d160-5ef5-84a8-73563cb1474c,9341cf1e-f77b-5e4a-abbe-6a72f8c4a2fa,2c6fe984-ffca-5d05-a19b-215541616c08,6856593e-c3bb-548a-a9be-6476d125ff2c,11,present,d0f5a97f-ad85-5433-8e7a-67a79da066d3,2026-03-20T10:00:00Z
82a3a545-9043-588f-ad99-eccc9489558d,9341cf1e-f77b-5e4a-abbe-6a72f8c4a2fa,44552a08-3204-5581-bd31-5f310e877428,6856593e-c3bb-548a-a9be-6476d125ff2c,21,present,d0f5a97f-ad85-5433-8e7a-67a79da066d3,2026-03-20T10:00:00Z
e87eb560-c3f8-5279-ad8b-b7accab5ea48,9341cf1e-f77b-5e4a-abbe-6a72f8c4a2fa,eeb7f905-7011-53c7-a0a3-af2936cb9b5e,6856593e-c3bb-548a-a9be-6476d125ff2c,46,present,d0f5a97f-ad85-5433-8e7a-67a79da066d3,2026-03-20T10:00:00Z
c00791d7-e507-5a48-b51d-4c2fb9c46827,9341cf1e-f77b-5e4a-abbe-6a72f8c4a2fa,803bb02d-730d-5b95-bbae-1e331186b1f4,6856593e-c3bb-548a-a9be-6476d125ff2c,20,present,0a9cf731-8101-5c94-8f1a-993db8f3bb9e,2026-03-20T10:00:00Z
2dbb32b8-c73b-5cf6-a27d-ea73aa5a938f,9341cf1e-f77b-5e4a-abbe-6a72f8c4a2fa,1fb291dc-18a5-5d99-a38b-5c9c643030f4,6856593e-c3bb-548a-a9be-6476d125ff2c,27,present,0a9cf731-8101-5c94-8f1a-993db8f3bb9e,2026-03-20T10:00:00Z
cc2232ab-c78d-58a9-a6b7-36064feeabb0,9341cf1e-f77b-5e4a-abbe-6a72f8c4a2fa,8383e8bd-f9c8-55de-8afa-2c8a75fe98bd,6856593e-c3bb-548a-a9be-6476d125ff2c,60,present,0a9cf731-8101-5c94-8f1a-993db8f3bb9e,2026-03-20T10:00:00Z
b8637e39-052d-5fbf-9fa5-0195a5932b68,9341cf1e-f77b-5e4a-abbe-6a72f8c4a2fa,23e627c6-d713-54f9-aa03-1bbbcf8583d6,6856593e-c3bb-548a-a9be-6476d125ff2c,14,present,ea1ece68-bc07-53fd-ab08-d1c2b4a4002c,2026-03-20T10:00:00Z
bde1c893-52b7-52f9-a0e9-1a2e5ac15156,9341cf1e-f77b-5e4a-abbe-6a72f8c4a2fa,50dbcf81-f0e6-5253-bf2f-4100bfb090a7,6856593e-c3bb-548a-a9be-6476d125ff2c,21,present,ea1ece68-bc07-53fd-ab08-d1c2b4a4002c,2026-03-20T10:00:00Z
a68647af-fd42-5a69-a6c1-e30e1ea5558f,9341cf1e-f77b-5e4a-abbe-6a72f8c4a2fa,aa78261d-7f5b-58ee-a18d-262f46c36875,6856593e-c3bb-548a-a9be-6476d125ff2c,55,present,ea1ece68-bc07-53fd-ab08-d1c2b4a4002c,2026-03-20T10:00:00Z
653dce9f-716e-55de-895a-a1b450f676a6,9341cf1e-f77b-5e4a-abbe-6a72f8c4a2fa,9e7f6d8f-2005-5d7e-8eb1-448d62754c85,6856593e-c3bb-548a-a9be-6476d125ff2c,14,present,cccdf135-6895-5e96-b2f4-e0c94b2971a0,2026-03-20T10:00:00Z
e8d8b3ea-ddb0-5d61-b44d-c885549689ef,9341cf1e-f77b-5e4a-abbe-6a72f8c4a2fa,2e500c9e-2624-5cdb-8af5-530ec05a255b,6856593e-c3bb-548a-a9be-6476d125ff2c,23,present,cccdf135-6895-5e96-b2f4-e0c94b2971a0,2026-03-20T10:00:00Z
6b07082a-9d1d-50aa-b13c-11f5bbea8421,9341cf1e-f77b-5e4a-abbe-6a72f8c4a2fa,76cc43a0-e5c5-54bc-b9d1-ff080dcae558,6856593e-c3bb-548a-a9be-6476d125ff2c,59,present,cccdf135-6895-5e96-b2f4-e0c94b2971a0,2026-03-20T10:00:00Z
4749cec5-d8a5-5325-a38c-b840cce94a16,9341cf1e-f77b-5e4a-abbe-6a72f8c4a2fa,dd06d666-0a1e-56e7-824c-0ff4f2e7431d,6856593e-c3bb-548a-a9be-6476d125ff2c,12,present,9a7606a0-33db-5faa-9d93-a634e51b2733,2026-03-20T10:00:00Z
1d7dc641-a3c5-509e-8772-f4d684577ce0,9341cf1e-f77b-5e4a-abbe-6a72f8c4a2fa,58e0bbaf-aa45-5a0a-9f5d-ce69cf46f448,6856593e-c3bb-548a-a9be-6476d125ff2c,20,present,9a7606a0-33db-5faa-9d93-a634e51b2733,2026-03-20T10:00:00Z
ec76dddf-b920-5323-86e8-e7badc03dd6d,9341cf1e-f77b-5e4a-abbe-6a72f8c4a2fa,9f583bd8-b81c-5160-ab30-26a34e6495ea,6856593e-c3bb-548a-a9be-6476d125ff2c,42,present,9a7606a0-33db-5faa-9d93-a634e51b2733,2026-03-20T10:00:00Z
0f8e6d95-89be-5764-a3ac-dbd84c308f3f,9341cf1e-f77b-5e4a-abbe-6a72f8c4a2fa,5cfcad5e-cc96-59e0-aed0-4a45559f36b4,6856593e-c3bb-548a-a9be-6476d125ff2c,12,present,6ad65213-e90f-5f74-ae79-ce3505408a84,2026-03-20T10:00:00Z
5b31a411-bf3d-5502-8ff3-bf80e9a61b35,9341cf1e-f77b-5e4a-abbe-6a72f8c4a2fa,7b6d57f6-7708-5e99-be6c-1f99ec7fbf3f,6856593e-c3bb-548a-a9be-6476d125ff2c,21,present,6ad65213-e90f-5f74-ae79-ce3505408a84,2026-03-20T10:00:00Z
c8e6657c-2867-5df1-a106-ed52486122bd,9341cf1e-f77b-5e4a-abbe-6a72f8c4a2fa,9d0fcc17-dea6-5bf7-86a3-733b127284bd,6856593e-c3bb-548a-a9be-6476d125ff2c,34,present,6ad65213-e90f-5f74-ae79-ce3505408a84,2026-03-20T10:00:00Z
0cbb13dc-b0fe-5041-95a9-323a97e0d8dd,9341cf1e-f77b-5e4a-abbe-6a72f8c4a2fa,746cf373-7f5f-52b3-9ce9-115b51a35885,6856593e-c3bb-548a-a9be-6476d125ff2c,13,present,41b489ac-92f6-5fc0-8bce-c587a1d85417,2026-03-20T10:00:00Z
fc723c04-1099-50a2-922d-31d6bd321bd6,9341cf1e-f77b-5e4a-abbe-6a72f8c4a2fa,c939d84d-1ff6-5b3e-9911-6c0c8aacd55d,6856593e-c3bb-548a-a9be-6476d125ff2c,25,present,41b489ac-92f6-5fc0-8bce-c587a1d85417,2026-03-20T10:00:00Z
6ff1bf8f-675a-5c4b-a6fa-56f9855a7b8d,9341cf1e-f77b-5e4a-abbe-6a72f8c4a2fa,80bdb409-228a-5778-8642-d5961a0d8f7e,6856593e-c3bb-548a-a9be-6476d125ff2c,49,present,41b489ac-92f6-5fc0-8bce-c587a1d85417,2026-03-20T10:00:00Z
c932d293-9518-59d4-8d6e-e1fb531ccbe1,9341cf1e-f77b-5e4a-abbe-6a72f8c4a2fa,2c6fe984-ffca-5d05-a19b-215541616c08,3b73e446-9377-51a3-b011-19d140691db7,29,present,d0f5a97f-ad85-5433-8e7a-67a79da066d3,2026-03-20T10:00:00Z
820c7812-2752-50c1-8175-5f28931b1f1c,9341cf1e-f77b-5e4a-abbe-6a72f8c4a2fa,44552a08-3204-5581-bd31-5f310e877428,3b73e446-9377-51a3-b011-19d140691db7,48,present,d0f5a97f-ad85-5433-8e7a-67a79da066d3,2026-03-20T10:00:00Z
f6fc23bc-a5af-559a-ba3e-a5ada6351e5c,9341cf1e-f77b-5e4a-abbe-6a72f8c4a2fa,eeb7f905-7011-53c7-a0a3-af2936cb9b5e,3b73e446-9377-51a3-b011-19d140691db7,88,present,d0f5a97f-ad85-5433-8e7a-67a79da066d3,2026-03-20T10:00:00Z
1877727d-3a6b-5642-afd5-e8a8740e05ac,9341cf1e-f77b-5e4a-abbe-6a72f8c4a2fa,803bb02d-730d-5b95-bbae-1e331186b1f4,3b73e446-9377-51a3-b011-19d140691db7,27,present,0a9cf731-8101-5c94-8f1a-993db8f3bb9e,2026-03-20T10:00:00Z
daac3660-6b91-5dad-9529-df3a531df603,9341cf1e-f77b-5e4a-abbe-6a72f8c4a2fa,1fb291dc-18a5-5d99-a38b-5c9c643030f4,3b73e446-9377-51a3-b011-19d140691db7,48,present,0a9cf731-8101-5c94-8f1a-993db8f3bb9e,2026-03-20T10:00:00Z
e73eae70-7cb8-56bc-814c-010f1fb33495,9341cf1e-f77b-5e4a-abbe-6a72f8c4a2fa,8383e8bd-f9c8-55de-8afa-2c8a75fe98bd,3b73e446-9377-51a3-b011-19d140691db7,95,present,0a9cf731-8101-5c94-8f1a-993db8f3bb9e,2026-03-20T10:00:00Z
d2e8325a-372f-5421-97b2-16d388f75f41,9341cf1e-f77b-5e4a-abbe-6a72f8c4a2fa,23e627c6-d713-54f9-aa03-1bbbcf8583d6,3b73e446-9377-51a3-b011-19d140691db7,27,present,ea1ece68-bc07-53fd-ab08-d1c2b4a4002c,2026-03-20T10:00:00Z
6e229b71-4b1a-588c-b89b-d8ce5d601635,9341cf1e-f77b-5e4a-abbe-6a72f8c4a2fa,50dbcf81-f0e6-5253-bf2f-4100bfb090a7,3b73e446-9377-51a3-b011-19d140691db7,41,present,ea1ece68-bc07-53fd-ab08-d1c2b4a4002c,2026-03-20T10:00:00Z
f77f2648-3206-5d29-99c7-2d1e4af0bfa7,9341cf1e-f77b-5e4a-abbe-6a72f8c4a2fa,aa78261d-7f5b-58ee-a18d-262f46c36875,3b73e446-9377-51a3-b011-19d140691db7,85,present,ea1ece68-bc07-53fd-ab08-d1c2b4a4002c,2026-03-20T10:00:00Z
5a4be37c-5b7c-58d1-9839-a6255826d9e2,9341cf1e-f77b-5e4a-abbe-6a72f8c4a2fa,000a1808-194a-5df0-9275-9ccbbeff68e9,3b73e446-9377-51a3-b011-19d140691db7,29,present,6ad65213-e90f-5f74-ae79-ce3505408a84,2026-03-20T10:00:00Z
7e10ccef-88cc-5211-aad9-0140505f01c8,9341cf1e-f77b-5e4a-abbe-6a72f8c4a2fa,16b7a0c1-48ef-571f-ab45-015ad774cf6a,3b73e446-9377-51a3-b011-19d140691db7,45,present,6ad65213-e90f-5f74-ae79-ce3505408a84,2026-03-20T10:00:00Z
28065327-ab30-53a5-a481-52cdada93fd1,9341cf1e-f77b-5e4a-abbe-6a72f8c4a2fa,7f34826b-8111-5444-8e67-fd4c36656f63,3b73e446-9377-51a3-b011-19d140691db7,96,present,6ad65213-e90f-5f74-ae79-ce3505408a84,2026-03-20T10:00:00Z
c65e4bf2-dfac-5f72-8b37-941e558b1a14,9341cf1e-f77b-5e4a-abbe-6a72f8c4a2fa,dd06d666-0a1e-56e7-824c-0ff4f2e7431d,3b73e446-9377-51a3-b011-19d140691db7,23,present,9a7606a0-33db-5faa-9d93-a634e51b2733,2026-03-20T10:00:00Z
7ffa7678-f7f0-5017-acd4-e88bb37d59c6,9341cf1e-f77b-5e4a-abbe-6a72f8c4a2fa,58e0bbaf-aa45-5a0a-9f5d-ce69cf46f448,3b73e446-9377-51a3-b011-19d140691db7,39,present,9a7606a0-33db-5faa-9d93-a634e51b2733,2026-03-20T10:00:00Z
e09c8b10-c9b4-5c35-baa2-2aeaebadd8e3,9341cf1e-f77b-5e4a-abbe-6a72f8c4a2fa,9f583bd8-b81c-5160-ab30-26a34e6495ea,3b73e446-9377-51a3-b011-19d140691db7,77,present,9a7606a0-33db-5faa-9d93-a634e51b2733,2026-03-20T10:00:00Z
c044cc42-5985-5d8c-b086-d74bb21945e2,9341cf1e-f77b-5e4a-abbe-6a72f8c4a2fa,5cfcad5e-cc96-59e0-aed0-4a45559f36b4,3b73e446-9377-51a3-b011-19d140691db7,30,present,6ad65213-e90f-5f74-ae79-ce3505408a84,2026-03-20T10:00:00Z
84e75db6-d054-53ab-aeb4-a517a3bd7c7e,9341cf1e-f77b-5e4a-abbe-6a72f8c4a2fa,7b6d57f6-7708-5e99-be6c-1f99ec7fbf3f,3b73e446-9377-51a3-b011-19d140691db7,46,present,6ad65213-e90f-5f74-ae79-ce3505408a84,2026-03-20T10:00:00Z
df2093ab-71f8-5dad-8deb-b8c7dcec7b5a,9341cf1e-f77b-5e4a-abbe-6a72f8c4a2fa,9d0fcc17-dea6-5bf7-86a3-733b127284bd,3b73e446-9377-51a3-b011-19d140691db7,99,present,6ad65213-e90f-5f74-ae79-ce3505408a84,2026-03-20T10:00:00Z
364d8e98-a505-5140-98c5-622c670e3303,9341cf1e-f77b-5e4a-abbe-6a72f8c4a2fa,872e28c5-5344-5f6d-bf4c-c39c8e2e7abc,3b73e446-9377-51a3-b011-19d140691db7,26,present,adbc96ac-0567-5b6b-9ca1-b7b285463f9c,2026-03-20T10:00:00Z
486c9f0c-06c6-524c-bc78-6a559920c443,9341cf1e-f77b-5e4a-abbe-6a72f8c4a2fa,4c584d44-ea92-5ad6-85f8-0e191484a899,3b73e446-9377-51a3-b011-19d140691db7,43,present,adbc96ac-0567-5b6b-9ca1-b7b285463f9c,2026-03-20T10:00:00Z
a51557ce-4cc7-5610-8e3c-640e883e4d80,9341cf1e-f77b-5e4a-abbe-6a72f8c4a2fa,b7a0bf36-c2d6-5ad9-8d75-2a543ecbb42b,3b73e446-9377-51a3-b011-19d140691db7,93,present,adbc96ac-0567-5b6b-9ca1-b7b285463f9c,2026-03-20T10:00:00Z
2297268a-42b1-54d3-990f-e4cd0805753b,9341cf1e-f77b-5e4a-abbe-6a72f8c4a2fa,2c6fe984-ffca-5d05-a19b-215541616c08,ff630e72-98b9-5a01-a187-c31fca487783,17,present,d0f5a97f-ad85-5433-8e7a-67a79da066d3,2026-03-20T10:00:00Z
50c1ffeb-cbab-5a3a-9e4d-602c26d782d6,9341cf1e-f77b-5e4a-abbe-6a72f8c4a2fa,44552a08-3204-5581-bd31-5f310e877428,ff630e72-98b9-5a01-a187-c31fca487783,28,present,d0f5a97f-ad85-5433-8e7a-67a79da066d3,2026-03-20T10:00:00Z
a7cde4e7-2303-5118-9d92-64b251a82d35,9341cf1e-f77b-5e4a-abbe-6a72f8c4a2fa,eeb7f905-7011-53c7-a0a3-af2936cb9b5e,ff630e72-98b9-5a01-a187-c31fca487783,48,present,d0f5a97f-ad85-5433-8e7a-67a79da066d3,2026-03-20T10:00:00Z
ee5e86c8-f3d3-5243-bdbd-cd4ec1824691,9341cf1e-f77b-5e4a-abbe-6a72f8c4a2fa,803bb02d-730d-5b95-bbae-1e331186b1f4,ff630e72-98b9-5a01-a187-c31fca487783,16,present,0a9cf731-8101-5c94-8f1a-993db8f3bb9e,2026-03-20T10:00:00Z
73dfa4b7-8df5-54bf-aa4b-47e0d785f7e3,9341cf1e-f77b-5e4a-abbe-6a72f8c4a2fa,1fb291dc-18a5-5d99-a38b-5c9c643030f4,ff630e72-98b9-5a01-a187-c31fca487783,30,present,0a9cf731-8101-5c94-8f1a-993db8f3bb9e,2026-03-20T10:00:00Z
e181c78c-bf55-5be5-8a88-27b85e58e4a5,9341cf1e-f77b-5e4a-abbe-6a72f8c4a2fa,8383e8bd-f9c8-55de-8afa-2c8a75fe98bd,ff630e72-98b9-5a01-a187-c31fca487783,64,present,0a9cf731-8101-5c94-8f1a-993db8f3bb9e,2026-03-20T10:00:00Z
d51e41eb-f45a-5a26-9301-17a9ba60b3ed,9341cf1e-f77b-5e4a-abbe-6a72f8c4a2fa,23e627c6-d713-54f9-aa03-1bbbcf8583d6,ff630e72-98b9-5a01-a187-c31fca487783,17,present,ea1ece68-bc07-53fd-ab08-d1c2b4a4002c,2026-03-20T10:00:00Z
66efe438-7464-579a-a985-b6ff7eaae78c,9341cf1e-f77b-5e4a-abbe-6a72f8c4a2fa,50dbcf81-f0e6-5253-bf2f-4100bfb090a7,ff630e72-98b9-5a01-a187-c31fca487783,31,present,ea1ece68-bc07-53fd-ab08-d1c2b4a4002c,2026-03-20T10:00:00Z
696ea29c-27a3-50a6-86fb-ee5cb66d417c,9341cf1e-f77b-5e4a-abbe-6a72f8c4a2fa,aa78261d-7f5b-58ee-a18d-262f46c36875,ff630e72-98b9-5a01-a187-c31fca487783,65,present,ea1ece68-bc07-53fd-ab08-d1c2b4a4002c,2026-03-20T10:00:00Z
0cd84e44-9caa-5512-8867-1ea04eefcb05,9341cf1e-f77b-5e4a-abbe-6a72f8c4a2fa,000a1808-194a-5df0-9275-9ccbbeff68e9,ff630e72-98b9-5a01-a187-c31fca487783,20,present,6ad65213-e90f-5f74-ae79-ce3505408a84,2026-03-20T10:00:00Z
efcaebb0-3cdf-5adc-975f-75e417f233d9,9341cf1e-f77b-5e4a-abbe-6a72f8c4a2fa,16b7a0c1-48ef-571f-ab45-015ad774cf6a,ff630e72-98b9-5a01-a187-c31fca487783,38,present,6ad65213-e90f-5f74-ae79-ce3505408a84,2026-03-20T10:00:00Z
7d6fd2ab-a9c7-5b5c-beb3-dec80dba1e1a,9341cf1e-f77b-5e4a-abbe-6a72f8c4a2fa,7f34826b-8111-5444-8e67-fd4c36656f63,ff630e72-98b9-5a01-a187-c31fca487783,69,present,6ad65213-e90f-5f74-ae79-ce3505408a84,2026-03-20T10:00:00Z
841f631c-d65e-563d-8802-6cb01d6d188a,9341cf1e-f77b-5e4a-abbe-6a72f8c4a2fa,dd06d666-0a1e-56e7-824c-0ff4f2e7431d,ff630e72-98b9-5a01-a187-c31fca487783,14,present,9a7606a0-33db-5faa-9d93-a634e51b2733,2026-03-20T10:00:00Z
430c6bdb-6181-5e9f-af5e-eecaa17471e9,9341cf1e-f77b-5e4a-abbe-6a72f8c4a2fa,58e0bbaf-aa45-5a0a-9f5d-ce69cf46f448,ff630e72-98b9-5a01-a187-c31fca487783,22,present,9a7606a0-33db-5faa-9d93-a634e51b2733,2026-03-20T10:00:00Z
f4289a34-7635-5ceb-b828-0ca4195a7815,9341cf1e-f77b-5e4a-abbe-6a72f8c4a2fa,9f583bd8-b81c-5160-ab30-26a34e6495ea,ff630e72-98b9-5a01-a187-c31fca487783,46,present,9a7606a0-33db-5faa-9d93-a634e51b2733,2026-03-20T10:00:00Z
11e2a7ac-f554-5f60-9220-18fcb0eb32d5,9341cf1e-f77b-5e4a-abbe-6a72f8c4a2fa,5cfcad5e-cc96-59e0-aed0-4a45559f36b4,ff630e72-98b9-5a01-a187-c31fca487783,16,present,6ad65213-e90f-5f74-ae79-ce3505408a84,2026-03-20T10:00:00Z
64a1a94a-15ea-5701-bbbc-ab66d5da29e7,9341cf1e-f77b-5e4a-abbe-6a72f8c4a2fa,7b6d57f6-7708-5e99-be6c-1f99ec7fbf3f,ff630e72-98b9-5a01-a187-c31fca487783,29,present,6ad65213-e90f-5f74-ae79-ce3505408a84,2026-03-20T10:00:00Z
3044e5d9-836e-5279-b386-eb6c26faabc7,9341cf1e-f77b-5e4a-abbe-6a72f8c4a2fa,9d0fcc17-dea6-5bf7-86a3-733b127284bd,ff630e72-98b9-5a01-a187-c31fca487783,48,present,6ad65213-e90f-5f74-ae79-ce3505408a84,2026-03-20T10:00:00Z
bee847d5-a67d-5072-830e-82df7d4f1414,9341cf1e-f77b-5e4a-abbe-6a72f8c4a2fa,872e28c5-5344-5f6d-bf4c-c39c8e2e7abc,ff630e72-98b9-5a01-a187-c31fca487783,15,present,adbc96ac-0567-5b6b-9ca1-b7b285463f9c,2026-03-20T10:00:00Z
1d3995e2-c982-50c7-9908-c6099b35b82e,9341cf1e-f77b-5e4a-abbe-6a72f8c4a2fa,4c584d44-ea92-5ad6-85f8-0e191484a899,ff630e72-98b9-5a01-a187-c31fca487783,21,present,adbc96ac-0567-5b6b-9ca1-b7b285463f9c,2026-03-20T10:00:00Z
13de3c12-b7de-57ce-86bf-19dfa5164677,9341cf1e-f77b-5e4a-abbe-6a72f8c4a2fa,b7a0bf36-c2d6-5ad9-8d75-2a543ecbb42b,ff630e72-98b9-5a01-a187-c31fca487783,51,present,adbc96ac-0567-5b6b-9ca1-b7b285463f9c,2026-03-20T10:00:00Z
254d77a0-dd7d-515f-96d9-5fa8144e8be4,9341cf1e-f77b-5e4a-abbe-6a72f8c4a2fa,2a437e55-864d-56a8-860f-bf0e95030a74,460df2d7-9967-55f1-96e0-a2d06f86813a,20,present,d0f5a97f-ad85-5433-8e7a-67a79da066d3,2026-03-20T10:00:00Z
ed078ffe-af86-5a17-b1cc-6d2fc83297c1,9341cf1e-f77b-5e4a-abbe-6a72f8c4a2fa,b4a91952-e189-5293-b9dd-01c8a79eb57a,460df2d7-9967-55f1-96e0-a2d06f86813a,34,present,d0f5a97f-ad85-5433-8e7a-67a79da066d3,2026-03-20T10:00:00Z
4b64d9d9-78cb-5292-92fe-72262db4b29c,9341cf1e-f77b-5e4a-abbe-6a72f8c4a2fa,5d2be99c-c883-56c3-9547-a482781fd9c4,460df2d7-9967-55f1-96e0-a2d06f86813a,64,present,d0f5a97f-ad85-5433-8e7a-67a79da066d3,2026-03-20T10:00:00Z
883f72bd-d535-57c3-99b3-0fdbcc4bb1fa,9341cf1e-f77b-5e4a-abbe-6a72f8c4a2fa,6e7237e0-d03e-5217-aff1-454cc92adc64,460df2d7-9967-55f1-96e0-a2d06f86813a,20,present,0a9cf731-8101-5c94-8f1a-993db8f3bb9e,2026-03-20T10:00:00Z
3f72ff0a-7f9d-5c84-8873-fffec12592ca,9341cf1e-f77b-5e4a-abbe-6a72f8c4a2fa,38820c67-bee2-5cd3-8a84-cc845b780100,460df2d7-9967-55f1-96e0-a2d06f86813a,38,present,0a9cf731-8101-5c94-8f1a-993db8f3bb9e,2026-03-20T10:00:00Z
1fc608e0-a12e-5ad9-94c2-369e5afb5089,9341cf1e-f77b-5e4a-abbe-6a72f8c4a2fa,cae6e586-f25f-54e4-b8ec-6a8c7bdf038c,460df2d7-9967-55f1-96e0-a2d06f86813a,64,present,0a9cf731-8101-5c94-8f1a-993db8f3bb9e,2026-03-20T10:00:00Z
7d5b9a5b-c471-552a-a346-1a6fe3946110,9341cf1e-f77b-5e4a-abbe-6a72f8c4a2fa,40a9595e-b9d6-527e-a67c-5d4cb141a764,460df2d7-9967-55f1-96e0-a2d06f86813a,17,present,ea1ece68-bc07-53fd-ab08-d1c2b4a4002c,2026-03-20T10:00:00Z
5abd9843-e0cf-5883-8ef6-e30648066147,9341cf1e-f77b-5e4a-abbe-6a72f8c4a2fa,cbbb0eac-a4c0-5503-9b7e-024eeb04e6bd,460df2d7-9967-55f1-96e0-a2d06f86813a,26,present,ea1ece68-bc07-53fd-ab08-d1c2b4a4002c,2026-03-20T10:00:00Z
c9601837-9a16-574e-b2cd-83d4aa8aacd3,9341cf1e-f77b-5e4a-abbe-6a72f8c4a2fa,630962f0-c559-5092-a1e2-c215a4ec70c3,460df2d7-9967-55f1-96e0-a2d06f86813a,55,present,ea1ece68-bc07-53fd-ab08-d1c2b4a4002c,2026-03-20T10:00:00Z
f5571724-a369-5ceb-ac51-2b1cd9be2cba,9341cf1e-f77b-5e4a-abbe-6a72f8c4a2fa,66eb0ba9-623a-58ad-b317-2042305ec056,460df2d7-9967-55f1-96e0-a2d06f86813a,20,present,6ad65213-e90f-5f74-ae79-ce3505408a84,2026-03-20T10:00:00Z
0fa9408f-3db1-5c7a-a6f4-d8d86643db11,9341cf1e-f77b-5e4a-abbe-6a72f8c4a2fa,b0c7a951-563b-54c8-a0b1-663ce37feaa6,460df2d7-9967-55f1-96e0-a2d06f86813a,39,present,6ad65213-e90f-5f74-ae79-ce3505408a84,2026-03-20T10:00:00Z
60ee13c1-bde8-5aab-9336-8f5fd6eb08df,9341cf1e-f77b-5e4a-abbe-6a72f8c4a2fa,6ca13320-9442-5417-991b-d6880ac2fdbe,460df2d7-9967-55f1-96e0-a2d06f86813a,62,present,6ad65213-e90f-5f74-ae79-ce3505408a84,2026-03-20T10:00:00Z
e23528b8-d996-5115-80c5-dc8cd9b1d834,9341cf1e-f77b-5e4a-abbe-6a72f8c4a2fa,76148f54-645e-5a34-ab86-323c82c06572,460df2d7-9967-55f1-96e0-a2d06f86813a,17,present,6ad65213-e90f-5f74-ae79-ce3505408a84,2026-03-20T10:00:00Z
6321cac3-79f0-546b-8f91-55870d090153,9341cf1e-f77b-5e4a-abbe-6a72f8c4a2fa,01c914f5-ddce-5e5f-a4a4-224e8e8b24a1,460df2d7-9967-55f1-96e0-a2d06f86813a,23,present,6ad65213-e90f-5f74-ae79-ce3505408a84,2026-03-20T10:00:00Z
6b791f19-59c9-57c7-bd48-5018230566b2,9341cf1e-f77b-5e4a-abbe-6a72f8c4a2fa,1b72dcb5-aca7-550d-9fda-90be73b7fc4c,460df2d7-9967-55f1-96e0-a2d06f86813a,62,present,6ad65213-e90f-5f74-ae79-ce3505408a84,2026-03-20T10:00:00Z
4b61af13-0707-50a8-83bb-aa3b58505c17,9341cf1e-f77b-5e4a-abbe-6a72f8c4a2fa,49b67716-c470-57dd-8472-1f01c39af1fb,460df2d7-9967-55f1-96e0-a2d06f86813a,19,present,9a7606a0-33db-5faa-9d93-a634e51b2733,2026-03-20T10:00:00Z
4658bee9-af55-5ea2-8572-3f46222c3165,9341cf1e-f77b-5e4a-abbe-6a72f8c4a2fa,4b9c4826-efd4-553d-8248-6c1a6dc6607b,460df2d7-9967-55f1-96e0-a2d06f86813a,35,present,9a7606a0-33db-5faa-9d93-a634e51b2733,2026-03-20T10:00:00Z
892dd0c6-e423-5f94-8f12-4c6456098b71,9341cf1e-f77b-5e4a-abbe-6a72f8c4a2fa,2836b879-0af3-57bd-9f7c-ac31dfe9c5f8,460df2d7-9967-55f1-96e0-a2d06f86813a,65,present,9a7606a0-33db-5faa-9d93-a634e51b2733,2026-03-20T10:00:00Z
5e6a4789-db6f-581f-a53a-ea2b9f9700b5,9341cf1e-f77b-5e4a-abbe-6a72f8c4a2fa,d69c38c7-786f-52f7-861e-95acd3451585,460df2d7-9967-55f1-96e0-a2d06f86813a,23,present,cccdf135-6895-5e96-b2f4-e0c94b2971a0,2026-03-20T10:00:00Z
30d89931-ad77-5ba7-91c9-c26ae69661be,9341cf1e-f77b-5e4a-abbe-6a72f8c4a2fa,5e89b55e-f054-50e2-9569-72b9d317f26d,460df2d7-9967-55f1-96e0-a2d06f86813a,27,present,cccdf135-6895-5e96-b2f4-e0c94b2971a0,2026-03-20T10:00:00Z
94c357ab-4e75-589f-86c2-22b2f730e720,9341cf1e-f77b-5e4a-abbe-6a72f8c4a2fa,c95187dd-5a25-5cdc-9909-78cae86a322a,460df2d7-9967-55f1-96e0-a2d06f86813a,65,present,cccdf135-6895-5e96-b2f4-e0c94b2971a0,2026-03-20T10:00:00Z
2e3e99ad-c715-5559-8ac9-51eb082a4ef3,9341cf1e-f77b-5e4a-abbe-6a72f8c4a2fa,2a437e55-864d-56a8-860f-bf0e95030a74,5969c6ee-d493-58e9-b9ca-25bf42363259,22,present,d0f5a97f-ad85-5433-8e7a-67a79da066d3,2026-03-20T10:00:00Z
7a2ad549-917d-55a6-8fab-27d6868be6a1,9341cf1e-f77b-5e4a-abbe-6a72f8c4a2fa,b4a91952-e189-5293-b9dd-01c8a79eb57a,5969c6ee-d493-58e9-b9ca-25bf42363259,38,present,d0f5a97f-ad85-5433-8e7a-67a79da066d3,2026-03-20T10:00:00Z
f2032f35-ec37-5eb1-b483-dda04aca87f6,9341cf1e-f77b-5e4a-abbe-6a72f8c4a2fa,5d2be99c-c883-56c3-9547-a482781fd9c4,5969c6ee-d493-58e9-b9ca-25bf42363259,77,present,d0f5a97f-ad85-5433-8e7a-67a79da066d3,2026-03-20T10:00:00Z
ee0c713f-2d4a-57a6-9673-52989647265a,9341cf1e-f77b-5e4a-abbe-6a72f8c4a2fa,6e7237e0-d03e-5217-aff1-454cc92adc64,5969c6ee-d493-58e9-b9ca-25bf42363259,24,present,0a9cf731-8101-5c94-8f1a-993db8f3bb9e,2026-03-20T10:00:00Z
bab808e2-1d91-5a37-8d46-28a0f74a753e,9341cf1e-f77b-5e4a-abbe-6a72f8c4a2fa,38820c67-bee2-5cd3-8a84-cc845b780100,5969c6ee-d493-58e9-b9ca-25bf42363259,35,present,0a9cf731-8101-5c94-8f1a-993db8f3bb9e,2026-03-20T10:00:00Z
8fe8545e-1bc2-57cc-a190-49b3d21da4fc,9341cf1e-f77b-5e4a-abbe-6a72f8c4a2fa,cae6e586-f25f-54e4-b8ec-6a8c7bdf038c,5969c6ee-d493-58e9-b9ca-25bf42363259,83,present,0a9cf731-8101-5c94-8f1a-993db8f3bb9e,2026-03-20T10:00:00Z
5e8332da-87ae-54b2-aae8-3fcf5f7b2d31,9341cf1e-f77b-5e4a-abbe-6a72f8c4a2fa,40a9595e-b9d6-527e-a67c-5d4cb141a764,5969c6ee-d493-58e9-b9ca-25bf42363259,23,present,ea1ece68-bc07-53fd-ab08-d1c2b4a4002c,2026-03-20T10:00:00Z
302d95f3-387e-5e82-89d7-2f26c8addbe8,9341cf1e-f77b-5e4a-abbe-6a72f8c4a2fa,cbbb0eac-a4c0-5503-9b7e-024eeb04e6bd,5969c6ee-d493-58e9-b9ca-25bf42363259,40,present,ea1ece68-bc07-53fd-ab08-d1c2b4a4002c,2026-03-20T10:00:00Z
b5efdc51-bd1b-5d7f-85e2-13c8f65e33f7,9341cf1e-f77b-5e4a-abbe-6a72f8c4a2fa,630962f0-c559-5092-a1e2-c215a4ec70c3,5969c6ee-d493-58e9-b9ca-25bf42363259,81,present,ea1ece68-bc07-53fd-ab08-d1c2b4a4002c,2026-03-20T10:00:00Z
6fb48180-0408-57cc-8606-6a494afc817a,9341cf1e-f77b-5e4a-abbe-6a72f8c4a2fa,49b67716-c470-57dd-8472-1f01c39af1fb,5969c6ee-d493-58e9-b9ca-25bf42363259,30,present,9a7606a0-33db-5faa-9d93-a634e51b2733,2026-03-20T10:00:00Z
cdbbc39d-6654-5819-8123-637122688785,9341cf1e-f77b-5e4a-abbe-6a72f8c4a2fa,4b9c4826-efd4-553d-8248-6c1a6dc6607b,5969c6ee-d493-58e9-b9ca-25bf42363259,50,present,9a7606a0-33db-5faa-9d93-a634e51b2733,2026-03-20T10:00:00Z
0dced696-7695-555c-9358-f59a0e4151e0,9341cf1e-f77b-5e4a-abbe-6a72f8c4a2fa,2836b879-0af3-57bd-9f7c-ac31dfe9c5f8,5969c6ee-d493-58e9-b9ca-25bf42363259,99,present,9a7606a0-33db-5faa-9d93-a634e51b2733,2026-03-20T10:00:00Z
eeae60bf-87f5-5fe6-a93f-fb3534b20693,9341cf1e-f77b-5e4a-abbe-6a72f8c4a2fa,aac210e8-980c-52de-8d7b-2238a83843db,5969c6ee-d493-58e9-b9ca-25bf42363259,28,present,adbc96ac-0567-5b6b-9ca1-b7b285463f9c,2026-03-20T10:00:00Z
3f961ce2-3039-5005-9100-5b2b48654298,9341cf1e-f77b-5e4a-abbe-6a72f8c4a2fa,89ebba89-db73-5bbe-8a84-ce499fc45a91,5969c6ee-d493-58e9-b9ca-25bf42363259,45,present,adbc96ac-0567-5b6b-9ca1-b7b285463f9c,2026-03-20T10:00:00Z
1b09f1d2-42c1-5c8f-b3b8-6d696b02e6f5,9341cf1e-f77b-5e4a-abbe-6a72f8c4a2fa,d929915c-a857-5e99-908a-286ad120a0fe,5969c6ee-d493-58e9-b9ca-25bf42363259,93,present,adbc96ac-0567-5b6b-9ca1-b7b285463f9c,2026-03-20T10:00:00Z
842c9945-2a54-569c-87e3-55e1aacfedbc,9341cf1e-f77b-5e4a-abbe-6a72f8c4a2fa,d69c38c7-786f-52f7-861e-95acd3451585,5969c6ee-d493-58e9-b9ca-25bf42363259,29,present,cccdf135-6895-5e96-b2f4-e0c94b2971a0,2026-03-20T10:00:00Z
d7e38058-26d9-53cb-9d6b-53060e7eb280,9341cf1e-f77b-5e4a-abbe-6a72f8c4a2fa,5e89b55e-f054-50e2-9569-72b9d317f26d,5969c6ee-d493-58e9-b9ca-25bf42363259,41,present,cccdf135-6895-5e96-b2f4-e0c94b2971a0,2026-03-20T10:00:00Z
4c8eddf0-55af-5c95-8c30-e4675883d748,9341cf1e-f77b-5e4a-abbe-6a72f8c4a2fa,c95187dd-5a25-5cdc-9909-78cae86a322a,5969c6ee-d493-58e9-b9ca-25bf42363259,84,present,cccdf135-6895-5e96-b2f4-e0c94b2971a0,2026-03-20T10:00:00Z
3508e8fd-965e-59ec-a8cb-73d6f6400814,9341cf1e-f77b-5e4a-abbe-6a72f8c4a2fa,66eb0ba9-623a-58ad-b317-2042305ec056,5969c6ee-d493-58e9-b9ca-25bf42363259,25,present,6ad65213-e90f-5f74-ae79-ce3505408a84,2026-03-20T10:00:00Z
f524406d-f0e6-5d6f-9126-a3b99530356d,9341cf1e-f77b-5e4a-abbe-6a72f8c4a2fa,b0c7a951-563b-54c8-a0b1-663ce37feaa6,5969c6ee-d493-58e9-b9ca-25bf42363259,43,present,6ad65213-e90f-5f74-ae79-ce3505408a84,2026-03-20T10:00:00Z
6860c7b8-052a-5743-a596-a35b79a9e5fe,9341cf1e-f77b-5e4a-abbe-6a72f8c4a2fa,6ca13320-9442-5417-991b-d6880ac2fdbe,5969c6ee-d493-58e9-b9ca-25bf42363259,81,present,6ad65213-e90f-5f74-ae79-ce3505408a84,2026-03-20T10:00:00Z
3010387f-a0fd-506f-b64c-adf80c2741fd,9341cf1e-f77b-5e4a-abbe-6a72f8c4a2fa,2a437e55-864d-56a8-860f-bf0e95030a74,c5c86d43-44be-5cbe-91cc-60df439be2ab,19,present,d0f5a97f-ad85-5433-8e7a-67a79da066d3,2026-03-20T10:00:00Z
fe87e34d-d81e-55db-a9f0-b01df8f03ff9,9341cf1e-f77b-5e4a-abbe-6a72f8c4a2fa,b4a91952-e189-5293-b9dd-01c8a79eb57a,c5c86d43-44be-5cbe-91cc-60df439be2ab,26,present,d0f5a97f-ad85-5433-8e7a-67a79da066d3,2026-03-20T10:00:00Z
9f370769-fb68-5d4e-bcd2-09d774893efb,9341cf1e-f77b-5e4a-abbe-6a72f8c4a2fa,5d2be99c-c883-56c3-9547-a482781fd9c4,c5c86d43-44be-5cbe-91cc-60df439be2ab,63,present,d0f5a97f-ad85-5433-8e7a-67a79da066d3,2026-03-20T10:00:00Z
eed782b6-37be-559b-a6e5-e89b5fce8bdb,9341cf1e-f77b-5e4a-abbe-6a72f8c4a2fa,6e7237e0-d03e-5217-aff1-454cc92adc64,c5c86d43-44be-5cbe-91cc-60df439be2ab,19,present,0a9cf731-8101-5c94-8f1a-993db8f3bb9e,2026-03-20T10:00:00Z
4912e9a3-cbe7-549c-9c4a-ec403757e684,9341cf1e-f77b-5e4a-abbe-6a72f8c4a2fa,38820c67-bee2-5cd3-8a84-cc845b780100,c5c86d43-44be-5cbe-91cc-60df439be2ab,30,present,0a9cf731-8101-5c94-8f1a-993db8f3bb9e,2026-03-20T10:00:00Z
f06b73cd-659b-5686-8377-ca8017f4ad82,9341cf1e-f77b-5e4a-abbe-6a72f8c4a2fa,cae6e586-f25f-54e4-b8ec-6a8c7bdf038c,c5c86d43-44be-5cbe-91cc-60df439be2ab,63,present,0a9cf731-8101-5c94-8f1a-993db8f3bb9e,2026-03-20T10:00:00Z
a8c7086f-d919-5c79-9ae4-7b5e2b632810,9341cf1e-f77b-5e4a-abbe-6a72f8c4a2fa,40a9595e-b9d6-527e-a67c-5d4cb141a764,c5c86d43-44be-5cbe-91cc-60df439be2ab,12,present,ea1ece68-bc07-53fd-ab08-d1c2b4a4002c,2026-03-20T10:00:00Z
9d68082c-67f2-56e3-a362-8454c147d79b,9341cf1e-f77b-5e4a-abbe-6a72f8c4a2fa,cbbb0eac-a4c0-5503-9b7e-024eeb04e6bd,c5c86d43-44be-5cbe-91cc-60df439be2ab,24,present,ea1ece68-bc07-53fd-ab08-d1c2b4a4002c,2026-03-20T10:00:00Z
c01765f4-5827-59d4-8019-d84918d94e43,9341cf1e-f77b-5e4a-abbe-6a72f8c4a2fa,630962f0-c559-5092-a1e2-c215a4ec70c3,c5c86d43-44be-5cbe-91cc-60df439be2ab,41,present,ea1ece68-bc07-53fd-ab08-d1c2b4a4002c,2026-03-20T10:00:00Z
9a648373-a0a1-5dca-82db-b609521d5974,9341cf1e-f77b-5e4a-abbe-6a72f8c4a2fa,78e22177-7dc2-5b70-8db5-37a1b214c76c,c5c86d43-44be-5cbe-91cc-60df439be2ab,15,present,cccdf135-6895-5e96-b2f4-e0c94b2971a0,2026-03-20T10:00:00Z
a6829af2-ad15-5b01-8695-5712008b2d1e,9341cf1e-f77b-5e4a-abbe-6a72f8c4a2fa,e34a34af-0bd6-5072-97f3-329e75b6dd7c,c5c86d43-44be-5cbe-91cc-60df439be2ab,21,present,cccdf135-6895-5e96-b2f4-e0c94b2971a0,2026-03-20T10:00:00Z
f8bf567c-1d1e-5174-9c71-f4b0ee893a99,9341cf1e-f77b-5e4a-abbe-6a72f8c4a2fa,06bc5aac-24f8-5739-8085-6177573d4744,c5c86d43-44be-5cbe-91cc-60df439be2ab,48,present,cccdf135-6895-5e96-b2f4-e0c94b2971a0,2026-03-20T10:00:00Z
dcadb562-b737-5e49-8773-437ad85cfc6c,9341cf1e-f77b-5e4a-abbe-6a72f8c4a2fa,49b67716-c470-57dd-8472-1f01c39af1fb,c5c86d43-44be-5cbe-91cc-60df439be2ab,20,present,9a7606a0-33db-5faa-9d93-a634e51b2733,2026-03-20T10:00:00Z
5d1afdf9-22d7-564b-8dc4-447fe3091682,9341cf1e-f77b-5e4a-abbe-6a72f8c4a2fa,4b9c4826-efd4-553d-8248-6c1a6dc6607b,c5c86d43-44be-5cbe-91cc-60df439be2ab,34,present,9a7606a0-33db-5faa-9d93-a634e51b2733,2026-03-20T10:00:00Z
bfaa25b9-8500-52f4-a552-e71ca308aec4,9341cf1e-f77b-5e4a-abbe-6a72f8c4a2fa,2836b879-0af3-57bd-9f7c-ac31dfe9c5f8,c5c86d43-44be-5cbe-91cc-60df439be2ab,68,present,9a7606a0-33db-5faa-9d93-a634e51b2733,2026-03-20T10:00:00Z
8d42ed45-ba17-59df-bd0d-fee512050e63,9341cf1e-f77b-5e4a-abbe-6a72f8c4a2fa,76148f54-645e-5a34-ab86-323c82c06572,c5c86d43-44be-5cbe-91cc-60df439be2ab,18,present,6ad65213-e90f-5f74-ae79-ce3505408a84,2026-03-20T10:00:00Z
6944277d-20b8-56b1-ac2d-59aea4fcc276,9341cf1e-f77b-5e4a-abbe-6a72f8c4a2fa,01c914f5-ddce-5e5f-a4a4-224e8e8b24a1,c5c86d43-44be-5cbe-91cc-60df439be2ab,27,present,6ad65213-e90f-5f74-ae79-ce3505408a84,2026-03-20T10:00:00Z
7de81e97-8600-54a9-ab24-489f7f7555da,9341cf1e-f77b-5e4a-abbe-6a72f8c4a2fa,1b72dcb5-aca7-550d-9fda-90be73b7fc4c,c5c86d43-44be-5cbe-91cc-60df439be2ab,52,present,6ad65213-e90f-5f74-ae79-ce3505408a84,2026-03-20T10:00:00Z
5a11443b-4014-5e2a-a4df-c73465e8d73b,9341cf1e-f77b-5e4a-abbe-6a72f8c4a2fa,d69c38c7-786f-52f7-861e-95acd3451585,c5c86d43-44be-5cbe-91cc-60df439be2ab,14,present,cccdf135-6895-5e96-b2f4-e0c94b2971a0,2026-03-20T10:00:00Z
7f949f85-8875-5826-8b7a-e0d82407e068,9341cf1e-f77b-5e4a-abbe-6a72f8c4a2fa,5e89b55e-f054-50e2-9569-72b9d317f26d,c5c86d43-44be-5cbe-91cc-60df439be2ab,,absent,cccdf135-6895-5e96-b2f4-e0c94b2971a0,2026-03-20T10:00:00Z
972c1e1d-02cb-5ed9-a5a4-4bea344b7a18,9341cf1e-f77b-5e4a-abbe-6a72f8c4a2fa,c95187dd-5a25-5cdc-9909-78cae86a322a,c5c86d43-44be-5cbe-91cc-60df439be2ab,44,present,cccdf135-6895-5e96-b2f4-e0c94b2971a0,2026-03-20T10:00:00Z
77f912c2-7bc1-52da-a2f9-eb94ca44a284,9341cf1e-f77b-5e4a-abbe-6a72f8c4a2fa,2a437e55-864d-56a8-860f-bf0e95030a74,b16a808e-74a4-50a3-8106-03904a53a1d7,22,present,d0f5a97f-ad85-5433-8e7a-67a79da066d3,2026-03-20T10:00:00Z
87c102f9-3f31-5fa6-8f17-7c648ad9b572,9341cf1e-f77b-5e4a-abbe-6a72f8c4a2fa,b4a91952-e189-5293-b9dd-01c8a79eb57a,b16a808e-74a4-50a3-8106-03904a53a1d7,38,present,d0f5a97f-ad85-5433-8e7a-67a79da066d3,2026-03-20T10:00:00Z
4ac54a22-551f-59f9-9371-62eede0133d4,9341cf1e-f77b-5e4a-abbe-6a72f8c4a2fa,5d2be99c-c883-56c3-9547-a482781fd9c4,b16a808e-74a4-50a3-8106-03904a53a1d7,69,present,d0f5a97f-ad85-5433-8e7a-67a79da066d3,2026-03-20T10:00:00Z
c5dd3271-69ef-5a0a-848f-e09b541c0517,9341cf1e-f77b-5e4a-abbe-6a72f8c4a2fa,6e7237e0-d03e-5217-aff1-454cc92adc64,b16a808e-74a4-50a3-8106-03904a53a1d7,21,present,0a9cf731-8101-5c94-8f1a-993db8f3bb9e,2026-03-20T10:00:00Z
4d5ee00f-b5d5-5412-9835-995dcd7a0d88,9341cf1e-f77b-5e4a-abbe-6a72f8c4a2fa,38820c67-bee2-5cd3-8a84-cc845b780100,b16a808e-74a4-50a3-8106-03904a53a1d7,35,present,0a9cf731-8101-5c94-8f1a-993db8f3bb9e,2026-03-20T10:00:00Z
5fa4bdfb-8483-55d8-b003-bc264e7c615d,9341cf1e-f77b-5e4a-abbe-6a72f8c4a2fa,cae6e586-f25f-54e4-b8ec-6a8c7bdf038c,b16a808e-74a4-50a3-8106-03904a53a1d7,64,present,0a9cf731-8101-5c94-8f1a-993db8f3bb9e,2026-03-20T10:00:00Z
58b65f82-ba51-5a56-b612-40bb7d4fc48e,9341cf1e-f77b-5e4a-abbe-6a72f8c4a2fa,40a9595e-b9d6-527e-a67c-5d4cb141a764,b16a808e-74a4-50a3-8106-03904a53a1d7,22,present,ea1ece68-bc07-53fd-ab08-d1c2b4a4002c,2026-03-20T10:00:00Z
96be98af-3b0e-5b02-8106-53c3337a4d26,9341cf1e-f77b-5e4a-abbe-6a72f8c4a2fa,cbbb0eac-a4c0-5503-9b7e-024eeb04e6bd,b16a808e-74a4-50a3-8106-03904a53a1d7,31,present,ea1ece68-bc07-53fd-ab08-d1c2b4a4002c,2026-03-20T10:00:00Z
01fcac94-2234-5624-844f-aa173d3563fa,9341cf1e-f77b-5e4a-abbe-6a72f8c4a2fa,630962f0-c559-5092-a1e2-c215a4ec70c3,b16a808e-74a4-50a3-8106-03904a53a1d7,80,present,ea1ece68-bc07-53fd-ab08-d1c2b4a4002c,2026-03-20T10:00:00Z
78ee2e0a-3288-522f-9e3b-d643f856dcdb,9341cf1e-f77b-5e4a-abbe-6a72f8c4a2fa,78e22177-7dc2-5b70-8db5-37a1b214c76c,b16a808e-74a4-50a3-8106-03904a53a1d7,20,present,cccdf135-6895-5e96-b2f4-e0c94b2971a0,2026-03-20T10:00:00Z
4f7654b1-71fd-5810-aae7-923769688a17,9341cf1e-f77b-5e4a-abbe-6a72f8c4a2fa,e34a34af-0bd6-5072-97f3-329e75b6dd7c,b16a808e-74a4-50a3-8106-03904a53a1d7,30,present,cccdf135-6895-5e96-b2f4-e0c94b2971a0,2026-03-20T10:00:00Z
91646265-75b7-5962-9632-90a5f7812c64,9341cf1e-f77b-5e4a-abbe-6a72f8c4a2fa,06bc5aac-24f8-5739-8085-6177573d4744,b16a808e-74a4-50a3-8106-03904a53a1d7,64,present,cccdf135-6895-5e96-b2f4-e0c94b2971a0,2026-03-20T10:00:00Z
96516363-f396-5b4f-9b58-f3bfb41839a5,9341cf1e-f77b-5e4a-abbe-6a72f8c4a2fa,a0a3a903-49b7-5625-9571-d1a5b8f527af,b16a808e-74a4-50a3-8106-03904a53a1d7,21,present,41b489ac-92f6-5fc0-8bce-c587a1d85417,2026-03-20T10:00:00Z
4f0c8afc-a84f-5b9b-a5ce-9b18f5e96838,9341cf1e-f77b-5e4a-abbe-6a72f8c4a2fa,7f101d3d-77e8-557a-acbb-0ba253797d49,b16a808e-74a4-50a3-8106-03904a53a1d7,29,present,41b489ac-92f6-5fc0-8bce-c587a1d85417,2026-03-20T10:00:00Z
2aab41e5-3e17-5933-adc2-8032d0cd33ee,9341cf1e-f77b-5e4a-abbe-6a72f8c4a2fa,afc126e0-5b23-5fc9-b186-ed56a69a62d6,b16a808e-74a4-50a3-8106-03904a53a1d7,63,present,41b489ac-92f6-5fc0-8bce-c587a1d85417,2026-03-20T10:00:00Z
b48767ed-c5bc-5c50-af86-c9228169694d,9341cf1e-f77b-5e4a-abbe-6a72f8c4a2fa,aac210e8-980c-52de-8d7b-2238a83843db,b16a808e-74a4-50a3-8106-03904a53a1d7,18,present,adbc96ac-0567-5b6b-9ca1-b7b285463f9c,2026-03-20T10:00:00Z
7f1dbbf6-25e9-58a5-811b-a2cbd3b3632d,9341cf1e-f77b-5e4a-abbe-6a72f8c4a2fa,89ebba89-db73-5bbe-8a84-ce499fc45a91,b16a808e-74a4-50a3-8106-03904a53a1d7,30,present,adbc96ac-0567-5b6b-9ca1-b7b285463f9c,2026-03-20T10:00:00Z
a6cc5081-2fab-547a-b623-5fb7c54caa6f,9341cf1e-f77b-5e4a-abbe-6a72f8c4a2fa,d929915c-a857-5e99-908a-286ad120a0fe,b16a808e-74a4-50a3-8106-03904a53a1d7,72,present,adbc96ac-0567-5b6b-9ca1-b7b285463f9c,2026-03-20T10:00:00Z
e7d0795b-0235-5c88-a14a-f37d1226b3b1,9341cf1e-f77b-5e4a-abbe-6a72f8c4a2fa,76148f54-645e-5a34-ab86-323c82c06572,b16a808e-74a4-50a3-8106-03904a53a1d7,22,present,6ad65213-e90f-5f74-ae79-ce3505408a84,2026-03-20T10:00:00Z
554b7709-72bf-5701-b981-2a27bee9a0b0,9341cf1e-f77b-5e4a-abbe-6a72f8c4a2fa,01c914f5-ddce-5e5f-a4a4-224e8e8b24a1,b16a808e-74a4-50a3-8106-03904a53a1d7,35,present,6ad65213-e90f-5f74-ae79-ce3505408a84,2026-03-20T10:00:00Z
e4ebd635-e7e6-50b7-b7e4-99e90d310b37,9341cf1e-f77b-5e4a-abbe-6a72f8c4a2fa,1b72dcb5-aca7-550d-9fda-90be73b7fc4c,b16a808e-74a4-50a3-8106-03904a53a1d7,72,present,6ad65213-e90f-5f74-ae79-ce3505408a84,2026-03-20T10:00:00Z
254712db-2ff4-5fd3-afa2-5f73a9265529,9341cf1e-f77b-5e4a-abbe-6a72f8c4a2fa,2a437e55-864d-56a8-860f-bf0e95030a74,2ee6c4eb-efbc-5d00-b4fe-41a1dc870392,12,present,d0f5a97f-ad85-5433-8e7a-67a79da066d3,2026-03-20T10:00:00Z
93a52b20-5bb4-52a3-b749-32112f818c2e,9341cf1e-f77b-5e4a-abbe-6a72f8c4a2fa,b4a91952-e189-5293-b9dd-01c8a79eb57a,2ee6c4eb-efbc-5d00-b4fe-41a1dc870392,23,present,d0f5a97f-ad85-5433-8e7a-67a79da066d3,2026-03-20T10:00:00Z
a6c8cce4-b9a9-5657-bfe2-28824e19d729,9341cf1e-f77b-5e4a-abbe-6a72f8c4a2fa,5d2be99c-c883-56c3-9547-a482781fd9c4,2ee6c4eb-efbc-5d00-b4fe-41a1dc870392,49,present,d0f5a97f-ad85-5433-8e7a-67a79da066d3,2026-03-20T10:00:00Z
60266b4e-c052-5c5f-aaa6-ede67fe3df6a,9341cf1e-f77b-5e4a-abbe-6a72f8c4a2fa,6e7237e0-d03e-5217-aff1-454cc92adc64,2ee6c4eb-efbc-5d00-b4fe-41a1dc870392,11,present,0a9cf731-8101-5c94-8f1a-993db8f3bb9e,2026-03-20T10:00:00Z
a9134903-764d-527b-b95a-a11269c8aa16,9341cf1e-f77b-5e4a-abbe-6a72f8c4a2fa,38820c67-bee2-5cd3-8a84-cc845b780100,2ee6c4eb-efbc-5d00-b4fe-41a1dc870392,14,present,0a9cf731-8101-5c94-8f1a-993db8f3bb9e,2026-03-20T10:00:00Z
df03daa7-185a-5e7a-a279-fd9a94233ef8,9341cf1e-f77b-5e4a-abbe-6a72f8c4a2fa,cae6e586-f25f-54e4-b8ec-6a8c7bdf038c,2ee6c4eb-efbc-5d00-b4fe-41a1dc870392,29,present,0a9cf731-8101-5c94-8f1a-993db8f3bb9e,2026-03-20T10:00:00Z
482e3021-f588-5271-a29d-18f69b19cf84,9341cf1e-f77b-5e4a-abbe-6a72f8c4a2fa,40a9595e-b9d6-527e-a67c-5d4cb141a764,2ee6c4eb-efbc-5d00-b4fe-41a1dc870392,13,present,ea1ece68-bc07-53fd-ab08-d1c2b4a4002c,2026-03-20T10:00:00Z
cbf20f80-ca4c-5aa3-8ab8-5cbfb18a1102,9341cf1e-f77b-5e4a-abbe-6a72f8c4a2fa,cbbb0eac-a4c0-5503-9b7e-024eeb04e6bd,2ee6c4eb-efbc-5d00-b4fe-41a1dc870392,29,present,ea1ece68-bc07-53fd-ab08-d1c2b4a4002c,2026-03-20T10:00:00Z
2c2b86fb-8be7-59d5-951d-aa6eb96e9a58,9341cf1e-f77b-5e4a-abbe-6a72f8c4a2fa,630962f0-c559-5092-a1e2-c215a4ec70c3,2ee6c4eb-efbc-5d00-b4fe-41a1dc870392,54,present,ea1ece68-bc07-53fd-ab08-d1c2b4a4002c,2026-03-20T10:00:00Z
4a03fc5d-5612-5289-b699-8df139491f1a,9341cf1e-f77b-5e4a-abbe-6a72f8c4a2fa,a0a3a903-49b7-5625-9571-d1a5b8f527af,2ee6c4eb-efbc-5d00-b4fe-41a1dc870392,12,present,41b489ac-92f6-5fc0-8bce-c587a1d85417,2026-03-20T10:00:00Z
ec087f94-715c-55d1-aeaa-55d070270e9f,9341cf1e-f77b-5e4a-abbe-6a72f8c4a2fa,7f101d3d-77e8-557a-acbb-0ba253797d49,2ee6c4eb-efbc-5d00-b4fe-41a1dc870392,28,present,41b489ac-92f6-5fc0-8bce-c587a1d85417,2026-03-20T10:00:00Z
bb399f2b-1cfc-5f0c-9234-584d794d83ce,9341cf1e-f77b-5e4a-abbe-6a72f8c4a2fa,afc126e0-5b23-5fc9-b186-ed56a69a62d6,2ee6c4eb-efbc-5d00-b4fe-41a1dc870392,41,present,41b489ac-92f6-5fc0-8bce-c587a1d85417,2026-03-20T10:00:00Z
a731b518-e358-5fc8-a50a-ee07b727e370,9341cf1e-f77b-5e4a-abbe-6a72f8c4a2fa,78e22177-7dc2-5b70-8db5-37a1b214c76c,2ee6c4eb-efbc-5d00-b4fe-41a1dc870392,16,present,cccdf135-6895-5e96-b2f4-e0c94b2971a0,2026-03-20T10:00:00Z
020d4b81-e548-5d8c-a9b6-6a1b03c91fd3,9341cf1e-f77b-5e4a-abbe-6a72f8c4a2fa,e34a34af-0bd6-5072-97f3-329e75b6dd7c,2ee6c4eb-efbc-5d00-b4fe-41a1dc870392,26,present,cccdf135-6895-5e96-b2f4-e0c94b2971a0,2026-03-20T10:00:00Z
5d1f01d0-475d-5d41-9664-6e7ec470ec0c,9341cf1e-f77b-5e4a-abbe-6a72f8c4a2fa,06bc5aac-24f8-5739-8085-6177573d4744,2ee6c4eb-efbc-5d00-b4fe-41a1dc870392,35,present,cccdf135-6895-5e96-b2f4-e0c94b2971a0,2026-03-20T10:00:00Z
2964c34f-295f-5fe4-b932-8d47e9019904,9341cf1e-f77b-5e4a-abbe-6a72f8c4a2fa,76148f54-645e-5a34-ab86-323c82c06572,2ee6c4eb-efbc-5d00-b4fe-41a1dc870392,16,present,6ad65213-e90f-5f74-ae79-ce3505408a84,2026-03-20T10:00:00Z
93bfb146-2703-5efa-b917-918d889115e6,9341cf1e-f77b-5e4a-abbe-6a72f8c4a2fa,01c914f5-ddce-5e5f-a4a4-224e8e8b24a1,2ee6c4eb-efbc-5d00-b4fe-41a1dc870392,29,present,6ad65213-e90f-5f74-ae79-ce3505408a84,2026-03-20T10:00:00Z
68fdc3fb-408d-5bd1-a833-baf88c970efd,9341cf1e-f77b-5e4a-abbe-6a72f8c4a2fa,1b72dcb5-aca7-550d-9fda-90be73b7fc4c,2ee6c4eb-efbc-5d00-b4fe-41a1dc870392,47,present,6ad65213-e90f-5f74-ae79-ce3505408a84,2026-03-20T10:00:00Z
450a557e-44e1-592e-86fb-0e0f333740eb,9341cf1e-f77b-5e4a-abbe-6a72f8c4a2fa,49b67716-c470-57dd-8472-1f01c39af1fb,2ee6c4eb-efbc-5d00-b4fe-41a1dc870392,13,present,9a7606a0-33db-5faa-9d93-a634e51b2733,2026-03-20T10:00:00Z
3cb9d80b-38ea-5096-b727-6d851226d2a0,9341cf1e-f77b-5e4a-abbe-6a72f8c4a2fa,4b9c4826-efd4-553d-8248-6c1a6dc6607b,2ee6c4eb-efbc-5d00-b4fe-41a1dc870392,26,present,9a7606a0-33db-5faa-9d93-a634e51b2733,2026-03-20T10:00:00Z
e978f477-019b-5bfa-b799-128d98336b3a,9341cf1e-f77b-5e4a-abbe-6a72f8c4a2fa,2836b879-0af3-57bd-9f7c-ac31dfe9c5f8,2ee6c4eb-efbc-5d00-b4fe-41a1dc870392,51,present,9a7606a0-33db-5faa-9d93-a634e51b2733,2026-03-20T10:00:00Z
b4d68db4-4e47-55f2-a65a-23e42ce3e353,9341cf1e-f77b-5e4a-abbe-6a72f8c4a2fa,2a437e55-864d-56a8-860f-bf0e95030a74,42fda757-1176-5d68-bc01-7baef2c3de84,23,present,d0f5a97f-ad85-5433-8e7a-67a79da066d3,2026-03-20T10:00:00Z
93bda9dd-1d3a-50ce-a2de-d54a42fc8efa,9341cf1e-f77b-5e4a-abbe-6a72f8c4a2fa,b4a91952-e189-5293-b9dd-01c8a79eb57a,42fda757-1176-5d68-bc01-7baef2c3de84,35,present,d0f5a97f-ad85-5433-8e7a-67a79da066d3,2026-03-20T10:00:00Z
c9445af2-aae7-5fe8-998d-c72d9eadf3da,9341cf1e-f77b-5e4a-abbe-6a72f8c4a2fa,5d2be99c-c883-56c3-9547-a482781fd9c4,42fda757-1176-5d68-bc01-7baef2c3de84,84,present,d0f5a97f-ad85-5433-8e7a-67a79da066d3,2026-03-20T10:00:00Z
ba2d94c4-002e-527a-8387-06360586bc80,9341cf1e-f77b-5e4a-abbe-6a72f8c4a2fa,6e7237e0-d03e-5217-aff1-454cc92adc64,42fda757-1176-5d68-bc01-7baef2c3de84,23,present,0a9cf731-8101-5c94-8f1a-993db8f3bb9e,2026-03-20T10:00:00Z
bd54d0a0-152b-5c44-9b0d-b45322a432a8,9341cf1e-f77b-5e4a-abbe-6a72f8c4a2fa,38820c67-bee2-5cd3-8a84-cc845b780100,42fda757-1176-5d68-bc01-7baef2c3de84,40,present,0a9cf731-8101-5c94-8f1a-993db8f3bb9e,2026-03-20T10:00:00Z
1868fca0-8abe-5b9f-af93-dae4dfd8f528,9341cf1e-f77b-5e4a-abbe-6a72f8c4a2fa,cae6e586-f25f-54e4-b8ec-6a8c7bdf038c,42fda757-1176-5d68-bc01-7baef2c3de84,75,present,0a9cf731-8101-5c94-8f1a-993db8f3bb9e,2026-03-20T10:00:00Z
b6f436d4-7133-5582-81d0-ef7075e02771,9341cf1e-f77b-5e4a-abbe-6a72f8c4a2fa,40a9595e-b9d6-527e-a67c-5d4cb141a764,42fda757-1176-5d68-bc01-7baef2c3de84,25,present,ea1ece68-bc07-53fd-ab08-d1c2b4a4002c,2026-03-20T10:00:00Z
b5e2250c-c3a7-523d-8af3-878b5047167a,9341cf1e-f77b-5e4a-abbe-6a72f8c4a2fa,cbbb0eac-a4c0-5503-9b7e-024eeb04e6bd,42fda757-1176-5d68-bc01-7baef2c3de84,38,present,ea1ece68-bc07-53fd-ab08-d1c2b4a4002c,2026-03-20T10:00:00Z
99183e4c-4ad7-589d-b1bd-4e8177f3cc99,9341cf1e-f77b-5e4a-abbe-6a72f8c4a2fa,630962f0-c559-5092-a1e2-c215a4ec70c3,42fda757-1176-5d68-bc01-7baef2c3de84,80,present,ea1ece68-bc07-53fd-ab08-d1c2b4a4002c,2026-03-20T10:00:00Z
2b31e7d1-def2-5018-851f-3ae1bb363d17,9341cf1e-f77b-5e4a-abbe-6a72f8c4a2fa,76148f54-645e-5a34-ab86-323c82c06572,42fda757-1176-5d68-bc01-7baef2c3de84,19,present,6ad65213-e90f-5f74-ae79-ce3505408a84,2026-03-20T10:00:00Z
0bb6227a-2490-5b22-902a-ed7d436dfd70,9341cf1e-f77b-5e4a-abbe-6a72f8c4a2fa,01c914f5-ddce-5e5f-a4a4-224e8e8b24a1,42fda757-1176-5d68-bc01-7baef2c3de84,37,present,6ad65213-e90f-5f74-ae79-ce3505408a84,2026-03-20T10:00:00Z
3a2019b5-42c7-56b7-b5d6-24ad59f4e0f7,9341cf1e-f77b-5e4a-abbe-6a72f8c4a2fa,1b72dcb5-aca7-550d-9fda-90be73b7fc4c,42fda757-1176-5d68-bc01-7baef2c3de84,68,present,6ad65213-e90f-5f74-ae79-ce3505408a84,2026-03-20T10:00:00Z
1febe519-8755-542e-aec7-12152a03945c,9341cf1e-f77b-5e4a-abbe-6a72f8c4a2fa,49b67716-c470-57dd-8472-1f01c39af1fb,42fda757-1176-5d68-bc01-7baef2c3de84,24,present,9a7606a0-33db-5faa-9d93-a634e51b2733,2026-03-20T10:00:00Z
d7cf3552-1255-579d-9b6a-d4c7e1135a09,9341cf1e-f77b-5e4a-abbe-6a72f8c4a2fa,4b9c4826-efd4-553d-8248-6c1a6dc6607b,42fda757-1176-5d68-bc01-7baef2c3de84,38,present,9a7606a0-33db-5faa-9d93-a634e51b2733,2026-03-20T10:00:00Z
0ca5db3e-7f41-509a-9137-2920d07a42f4,9341cf1e-f77b-5e4a-abbe-6a72f8c4a2fa,2836b879-0af3-57bd-9f7c-ac31dfe9c5f8,42fda757-1176-5d68-bc01-7baef2c3de84,85,present,9a7606a0-33db-5faa-9d93-a634e51b2733,2026-03-20T10:00:00Z
c2ee864c-1b73-5adb-a0a6-d2308f675df4,9341cf1e-f77b-5e4a-abbe-6a72f8c4a2fa,66eb0ba9-623a-58ad-b317-2042305ec056,42fda757-1176-5d68-bc01-7baef2c3de84,23,present,6ad65213-e90f-5f74-ae79-ce3505408a84,2026-03-20T10:00:00Z
026dbaaf-9582-557d-a52d-1d06215e0720,9341cf1e-f77b-5e4a-abbe-6a72f8c4a2fa,b0c7a951-563b-54c8-a0b1-663ce37feaa6,42fda757-1176-5d68-bc01-7baef2c3de84,42,present,6ad65213-e90f-5f74-ae79-ce3505408a84,2026-03-20T10:00:00Z
4b01a138-c324-5e5b-9fc3-b611d371125e,9341cf1e-f77b-5e4a-abbe-6a72f8c4a2fa,6ca13320-9442-5417-991b-d6880ac2fdbe,42fda757-1176-5d68-bc01-7baef2c3de84,75,present,6ad65213-e90f-5f74-ae79-ce3505408a84,2026-03-20T10:00:00Z
663087c6-09a9-55d7-bc49-caaa9f21a352,9341cf1e-f77b-5e4a-abbe-6a72f8c4a2fa,78e22177-7dc2-5b70-8db5-37a1b214c76c,42fda757-1176-5d68-bc01-7baef2c3de84,21,present,cccdf135-6895-5e96-b2f4-e0c94b2971a0,2026-03-20T10:00:00Z
3f6901b8-52c8-5b45-8095-0a8ce6d5fb73,9341cf1e-f77b-5e4a-abbe-6a72f8c4a2fa,e34a34af-0bd6-5072-97f3-329e75b6dd7c,42fda757-1176-5d68-bc01-7baef2c3de84,39,present,cccdf135-6895-5e96-b2f4-e0c94b2971a0,2026-03-20T10:00:00Z
8038c98b-dd56-595e-9ddb-b21d97655fd0,9341cf1e-f77b-5e4a-abbe-6a72f8c4a2fa,06bc5aac-24f8-5739-8085-6177573d4744,42fda757-1176-5d68-bc01-7baef2c3de84,70,present,cccdf135-6895-5e96-b2f4-e0c94b2971a0,2026-03-20T10:00:00Z
6421860f-b9f1-5574-89eb-0cc7d0885edf,9341cf1e-f77b-5e4a-abbe-6a72f8c4a2fa,2a437e55-864d-56a8-860f-bf0e95030a74,6fde58ec-7470-53da-a342-eb730b236399,11,present,d0f5a97f-ad85-5433-8e7a-67a79da066d3,2026-03-20T10:00:00Z
5a3479fd-e1eb-5f80-bdfa-5a025386c056,9341cf1e-f77b-5e4a-abbe-6a72f8c4a2fa,b4a91952-e189-5293-b9dd-01c8a79eb57a,6fde58ec-7470-53da-a342-eb730b236399,19,present,d0f5a97f-ad85-5433-8e7a-67a79da066d3,2026-03-20T10:00:00Z
bdafc5b9-6bb7-5c36-a37b-fa03caef7c02,9341cf1e-f77b-5e4a-abbe-6a72f8c4a2fa,5d2be99c-c883-56c3-9547-a482781fd9c4,6fde58ec-7470-53da-a342-eb730b236399,33,present,d0f5a97f-ad85-5433-8e7a-67a79da066d3,2026-03-20T10:00:00Z
e63d5571-50c2-5df6-b1f1-5267108da54b,9341cf1e-f77b-5e4a-abbe-6a72f8c4a2fa,6e7237e0-d03e-5217-aff1-454cc92adc64,6fde58ec-7470-53da-a342-eb730b236399,17,present,0a9cf731-8101-5c94-8f1a-993db8f3bb9e,2026-03-20T10:00:00Z
03e00ba7-ab63-59a6-896f-85733516393a,9341cf1e-f77b-5e4a-abbe-6a72f8c4a2fa,38820c67-bee2-5cd3-8a84-cc845b780100,6fde58ec-7470-53da-a342-eb730b236399,23,present,0a9cf731-8101-5c94-8f1a-993db8f3bb9e,2026-03-20T10:00:00Z
e21f1934-974a-5026-8b9d-61cbf2c4910f,9341cf1e-f77b-5e4a-abbe-6a72f8c4a2fa,cae6e586-f25f-54e4-b8ec-6a8c7bdf038c,6fde58ec-7470-53da-a342-eb730b236399,57,present,0a9cf731-8101-5c94-8f1a-993db8f3bb9e,2026-03-20T10:00:00Z
11d7b1e1-a358-5927-81fb-f103378070e2,9341cf1e-f77b-5e4a-abbe-6a72f8c4a2fa,40a9595e-b9d6-527e-a67c-5d4cb141a764,6fde58ec-7470-53da-a342-eb730b236399,14,present,ea1ece68-bc07-53fd-ab08-d1c2b4a4002c,2026-03-20T10:00:00Z
cfb96569-d33f-55b6-bf2f-0d3fa74a9d7d,9341cf1e-f77b-5e4a-abbe-6a72f8c4a2fa,cbbb0eac-a4c0-5503-9b7e-024eeb04e6bd,6fde58ec-7470-53da-a342-eb730b236399,28,present,ea1ece68-bc07-53fd-ab08-d1c2b4a4002c,2026-03-20T10:00:00Z
bd4bcd9a-4cc1-5fd8-8f36-7ef6c05a3cb7,9341cf1e-f77b-5e4a-abbe-6a72f8c4a2fa,630962f0-c559-5092-a1e2-c215a4ec70c3,6fde58ec-7470-53da-a342-eb730b236399,61,present,ea1ece68-bc07-53fd-ab08-d1c2b4a4002c,2026-03-20T10:00:00Z
34fe0553-f566-58d5-91ef-dd70fb45443d,9341cf1e-f77b-5e4a-abbe-6a72f8c4a2fa,d69c38c7-786f-52f7-861e-95acd3451585,6fde58ec-7470-53da-a342-eb730b236399,12,present,cccdf135-6895-5e96-b2f4-e0c94b2971a0,2026-03-20T10:00:00Z
f6c669fd-b9aa-5054-9f44-15d81a1e1511,9341cf1e-f77b-5e4a-abbe-6a72f8c4a2fa,5e89b55e-f054-50e2-9569-72b9d317f26d,6fde58ec-7470-53da-a342-eb730b236399,23,present,cccdf135-6895-5e96-b2f4-e0c94b2971a0,2026-03-20T10:00:00Z
fda313ab-c730-5bf7-8d09-4835397c5c1c,9341cf1e-f77b-5e4a-abbe-6a72f8c4a2fa,c95187dd-5a25-5cdc-9909-78cae86a322a,6fde58ec-7470-53da-a342-eb730b236399,55,present,cccdf135-6895-5e96-b2f4-e0c94b2971a0,2026-03-20T10:00:00Z
caf7f6ad-599e-50d7-8921-7b3cda91f6dd,9341cf1e-f77b-5e4a-abbe-6a72f8c4a2fa,76148f54-645e-5a34-ab86-323c82c06572,6fde58ec-7470-53da-a342-eb730b236399,18,present,6ad65213-e90f-5f74-ae79-ce3505408a84,2026-03-20T10:00:00Z
ae3adc34-fc8b-5a30-8547-5d53ee539cb6,9341cf1e-f77b-5e4a-abbe-6a72f8c4a2fa,01c914f5-ddce-5e5f-a4a4-224e8e8b24a1,6fde58ec-7470-53da-a342-eb730b236399,25,present,6ad65213-e90f-5f74-ae79-ce3505408a84,2026-03-20T10:00:00Z
84f928a9-2b27-5bd2-8db8-c7a1b4daab26,9341cf1e-f77b-5e4a-abbe-6a72f8c4a2fa,1b72dcb5-aca7-550d-9fda-90be73b7fc4c,6fde58ec-7470-53da-a342-eb730b236399,53,present,6ad65213-e90f-5f74-ae79-ce3505408a84,2026-03-20T10:00:00Z
adc4e6d9-f243-5b2e-ab89-f274f13ee78d,9341cf1e-f77b-5e4a-abbe-6a72f8c4a2fa,aac210e8-980c-52de-8d7b-2238a83843db,6fde58ec-7470-53da-a342-eb730b236399,16,present,adbc96ac-0567-5b6b-9ca1-b7b285463f9c,2026-03-20T10:00:00Z
e018a356-5e91-5fb7-be45-76183e16cf70,9341cf1e-f77b-5e4a-abbe-6a72f8c4a2fa,89ebba89-db73-5bbe-8a84-ce499fc45a91,6fde58ec-7470-53da-a342-eb730b236399,31,present,adbc96ac-0567-5b6b-9ca1-b7b285463f9c,2026-03-20T10:00:00Z
95188126-8954-506e-953e-377fd0ae1076,9341cf1e-f77b-5e4a-abbe-6a72f8c4a2fa,d929915c-a857-5e99-908a-286ad120a0fe,6fde58ec-7470-53da-a342-eb730b236399,62,present,adbc96ac-0567-5b6b-9ca1-b7b285463f9c,2026-03-20T10:00:00Z
227e9104-b5cd-545d-a339-61e3ee4a237b,9341cf1e-f77b-5e4a-abbe-6a72f8c4a2fa,66eb0ba9-623a-58ad-b317-2042305ec056,6fde58ec-7470-53da-a342-eb730b236399,17,present,6ad65213-e90f-5f74-ae79-ce3505408a84,2026-03-20T10:00:00Z
575b9618-1a01-5e88-a484-4791895a18c8,9341cf1e-f77b-5e4a-abbe-6a72f8c4a2fa,b0c7a951-563b-54c8-a0b1-663ce37feaa6,6fde58ec-7470-53da-a342-eb730b236399,25,present,6ad65213-e90f-5f74-ae79-ce3505408a84,2026-03-20T10:00:00Z
ecdef26a-e31a-5d45-aded-14d6747da6be,9341cf1e-f77b-5e4a-abbe-6a72f8c4a2fa,6ca13320-9442-5417-991b-d6880ac2fdbe,6fde58ec-7470-53da-a342-eb730b236399,60,present,6ad65213-e90f-5f74-ae79-ce3505408a84,2026-03-20T10:00:00Z
d81dbe1b-3559-536b-b7ac-c493a17ddc0f,9341cf1e-f77b-5e4a-abbe-6a72f8c4a2fa,2a437e55-864d-56a8-860f-bf0e95030a74,4e3d30ab-b510-5b7d-bd38-b0df7dddfa57,16,present,d0f5a97f-ad85-5433-8e7a-67a79da066d3,2026-03-20T10:00:00Z
3398ef68-9b8a-5a9f-ae42-19f5bec6ffc1,9341cf1e-f77b-5e4a-abbe-6a72f8c4a2fa,b4a91952-e189-5293-b9dd-01c8a79eb57a,4e3d30ab-b510-5b7d-bd38-b0df7dddfa57,25,present,d0f5a97f-ad85-5433-8e7a-67a79da066d3,2026-03-20T10:00:00Z
8ffcd7fb-4d44-5caf-80c2-95370a87edca,9341cf1e-f77b-5e4a-abbe-6a72f8c4a2fa,5d2be99c-c883-56c3-9547-a482781fd9c4,4e3d30ab-b510-5b7d-bd38-b0df7dddfa57,56,present,d0f5a97f-ad85-5433-8e7a-67a79da066d3,2026-03-20T10:00:00Z
f6ee207a-4562-5dff-81dc-f70f984a79b2,9341cf1e-f77b-5e4a-abbe-6a72f8c4a2fa,6e7237e0-d03e-5217-aff1-454cc92adc64,4e3d30ab-b510-5b7d-bd38-b0df7dddfa57,12,present,0a9cf731-8101-5c94-8f1a-993db8f3bb9e,2026-03-20T10:00:00Z
5f3a1dbd-ba26-5e2c-b920-9fbb71e306ea,9341cf1e-f77b-5e4a-abbe-6a72f8c4a2fa,38820c67-bee2-5cd3-8a84-cc845b780100,4e3d30ab-b510-5b7d-bd38-b0df7dddfa57,20,present,0a9cf731-8101-5c94-8f1a-993db8f3bb9e,2026-03-20T10:00:00Z
7392860e-938f-54c2-ad1d-5c77096262c1,9341cf1e-f77b-5e4a-abbe-6a72f8c4a2fa,cae6e586-f25f-54e4-b8ec-6a8c7bdf038c,4e3d30ab-b510-5b7d-bd38-b0df7dddfa57,43,present,0a9cf731-8101-5c94-8f1a-993db8f3bb9e,2026-03-20T10:00:00Z
184932b2-38f2-5acb-b8d4-960ced64f802,9341cf1e-f77b-5e4a-abbe-6a72f8c4a2fa,40a9595e-b9d6-527e-a67c-5d4cb141a764,4e3d30ab-b510-5b7d-bd38-b0df7dddfa57,18,present,ea1ece68-bc07-53fd-ab08-d1c2b4a4002c,2026-03-20T10:00:00Z
50d590cf-9df1-5a1f-8834-d37205104f56,9341cf1e-f77b-5e4a-abbe-6a72f8c4a2fa,cbbb0eac-a4c0-5503-9b7e-024eeb04e6bd,4e3d30ab-b510-5b7d-bd38-b0df7dddfa57,27,present,ea1ece68-bc07-53fd-ab08-d1c2b4a4002c,2026-03-20T10:00:00Z
889395f8-2ab5-5f2c-b09e-f71a959e5dd9,9341cf1e-f77b-5e4a-abbe-6a72f8c4a2fa,630962f0-c559-5092-a1e2-c215a4ec70c3,4e3d30ab-b510-5b7d-bd38-b0df7dddfa57,47,present,ea1ece68-bc07-53fd-ab08-d1c2b4a4002c,2026-03-20T10:00:00Z
588557db-be28-504b-8893-8787bb0085f4,9341cf1e-f77b-5e4a-abbe-6a72f8c4a2fa,66eb0ba9-623a-58ad-b317-2042305ec056,4e3d30ab-b510-5b7d-bd38-b0df7dddfa57,17,present,6ad65213-e90f-5f74-ae79-ce3505408a84,2026-03-20T10:00:00Z
4675fb20-fa96-5866-9752-d4455a0b04bd,9341cf1e-f77b-5e4a-abbe-6a72f8c4a2fa,b0c7a951-563b-54c8-a0b1-663ce37feaa6,4e3d30ab-b510-5b7d-bd38-b0df7dddfa57,31,present,6ad65213-e90f-5f74-ae79-ce3505408a84,2026-03-20T10:00:00Z
7cf93626-5bd1-5848-a7c8-ed953f9ec03c,9341cf1e-f77b-5e4a-abbe-6a72f8c4a2fa,6ca13320-9442-5417-991b-d6880ac2fdbe,4e3d30ab-b510-5b7d-bd38-b0df7dddfa57,61,present,6ad65213-e90f-5f74-ae79-ce3505408a84,2026-03-20T10:00:00Z
3e844c64-b4a1-56ee-a7f9-d43a2f460f1d,9341cf1e-f77b-5e4a-abbe-6a72f8c4a2fa,d69c38c7-786f-52f7-861e-95acd3451585,4e3d30ab-b510-5b7d-bd38-b0df7dddfa57,19,present,cccdf135-6895-5e96-b2f4-e0c94b2971a0,2026-03-20T10:00:00Z
9ad3a940-85f6-5d47-8a5e-85ab1491fe6b,9341cf1e-f77b-5e4a-abbe-6a72f8c4a2fa,5e89b55e-f054-50e2-9569-72b9d317f26d,4e3d30ab-b510-5b7d-bd38-b0df7dddfa57,30,present,cccdf135-6895-5e96-b2f4-e0c94b2971a0,2026-03-20T10:00:00Z
5958c493-b37d-5fda-9643-0aaff9fb2282,9341cf1e-f77b-5e4a-abbe-6a72f8c4a2fa,c95187dd-5a25-5cdc-9909-78cae86a322a,4e3d30ab-b510-5b7d-bd38-b0df7dddfa57,67,present,cccdf135-6895-5e96-b2f4-e0c94b2971a0,2026-03-20T10:00:00Z
a96fa47c-906d-51b3-8326-ce6f96cb01c8,9341cf1e-f77b-5e4a-abbe-6a72f8c4a2fa,49b67716-c470-57dd-8472-1f01c39af1fb,4e3d30ab-b510-5b7d-bd38-b0df7dddfa57,14,present,9a7606a0-33db-5faa-9d93-a634e51b2733,2026-03-20T10:00:00Z
5eeade83-aa89-53c7-9557-aea032ae2af1,9341cf1e-f77b-5e4a-abbe-6a72f8c4a2fa,4b9c4826-efd4-553d-8248-6c1a6dc6607b,4e3d30ab-b510-5b7d-bd38-b0df7dddfa57,19,present,9a7606a0-33db-5faa-9d93-a634e51b2733,2026-03-20T10:00:00Z
2b29e015-470a-5d4b-9419-d844f9b9565f,9341cf1e-f77b-5e4a-abbe-6a72f8c4a2fa,2836b879-0af3-57bd-9f7c-ac31dfe9c5f8,4e3d30ab-b510-5b7d-bd38-b0df7dddfa57,53,present,9a7606a0-33db-5faa-9d93-a634e51b2733,2026-03-20T10:00:00Z
9bf07ecc-d125-586f-a684-d9260e0c52d6,9341cf1e-f77b-5e4a-abbe-6a72f8c4a2fa,78e22177-7dc2-5b70-8db5-37a1b214c76c,4e3d30ab-b510-5b7d-bd38-b0df7dddfa57,17,present,cccdf135-6895-5e96-b2f4-e0c94b2971a0,2026-03-20T10:00:00Z
12bfa564-9afe-536c-8a99-6a1aff6aee5b,9341cf1e-f77b-5e4a-abbe-6a72f8c4a2fa,e34a34af-0bd6-5072-97f3-329e75b6dd7c,4e3d30ab-b510-5b7d-bd38-b0df7dddfa57,31,present,cccdf135-6895-5e96-b2f4-e0c94b2971a0,2026-03-20T10:00:00Z
91b38d3b-9181-5ff8-b828-8331d0905f63,9341cf1e-f77b-5e4a-abbe-6a72f8c4a2fa,06bc5aac-24f8-5739-8085-6177573d4744,4e3d30ab-b510-5b7d-bd38-b0df7dddfa57,61,present,cccdf135-6895-5e96-b2f4-e0c94b2971a0,2026-03-20T10:00:00Z
b0297573-c40c-5548-b7b0-d376136d5a04,9341cf1e-f77b-5e4a-abbe-6a72f8c4a2fa,2a437e55-864d-56a8-860f-bf0e95030a74,0c6d3f5e-c77e-5a97-8610-eebdd3a78c3d,20,present,d0f5a97f-ad85-5433-8e7a-67a79da066d3,2026-03-20T10:00:00Z
ea063952-8cd7-5050-9c5f-a69abf929eb7,9341cf1e-f77b-5e4a-abbe-6a72f8c4a2fa,b4a91952-e189-5293-b9dd-01c8a79eb57a,0c6d3f5e-c77e-5a97-8610-eebdd3a78c3d,29,present,d0f5a97f-ad85-5433-8e7a-67a79da066d3,2026-03-20T10:00:00Z
989eac64-47a6-5297-bd1c-d3a2c71ffd0f,9341cf1e-f77b-5e4a-abbe-6a72f8c4a2fa,5d2be99c-c883-56c3-9547-a482781fd9c4,0c6d3f5e-c77e-5a97-8610-eebdd3a78c3d,47,present,d0f5a97f-ad85-5433-8e7a-67a79da066d3,2026-03-20T10:00:00Z
66063459-3436-5842-813f-833df970b709,9341cf1e-f77b-5e4a-abbe-6a72f8c4a2fa,6e7237e0-d03e-5217-aff1-454cc92adc64,0c6d3f5e-c77e-5a97-8610-eebdd3a78c3d,18,present,0a9cf731-8101-5c94-8f1a-993db8f3bb9e,2026-03-20T10:00:00Z
df53ad6f-2652-5bb3-8da6-95d39dda053d,9341cf1e-f77b-5e4a-abbe-6a72f8c4a2fa,38820c67-bee2-5cd3-8a84-cc845b780100,0c6d3f5e-c77e-5a97-8610-eebdd3a78c3d,33,present,0a9cf731-8101-5c94-8f1a-993db8f3bb9e,2026-03-20T10:00:00Z
c4a64526-048a-519f-a624-2da376bc9e1f,9341cf1e-f77b-5e4a-abbe-6a72f8c4a2fa,cae6e586-f25f-54e4-b8ec-6a8c7bdf038c,0c6d3f5e-c77e-5a97-8610-eebdd3a78c3d,63,present,0a9cf731-8101-5c94-8f1a-993db8f3bb9e,2026-03-20T10:00:00Z
6f493cf1-6563-5d24-a01b-9077c0d2b19b,9341cf1e-f77b-5e4a-abbe-6a72f8c4a2fa,40a9595e-b9d6-527e-a67c-5d4cb141a764,0c6d3f5e-c77e-5a97-8610-eebdd3a78c3d,20,present,ea1ece68-bc07-53fd-ab08-d1c2b4a4002c,2026-03-20T10:00:00Z
2121569c-d074-5041-b0e4-ec6d817228e2,9341cf1e-f77b-5e4a-abbe-6a72f8c4a2fa,cbbb0eac-a4c0-5503-9b7e-024eeb04e6bd,0c6d3f5e-c77e-5a97-8610-eebdd3a78c3d,34,present,ea1ece68-bc07-53fd-ab08-d1c2b4a4002c,2026-03-20T10:00:00Z
3aac45d9-96c2-5b61-bffe-2d9abdcd2488,9341cf1e-f77b-5e4a-abbe-6a72f8c4a2fa,630962f0-c559-5092-a1e2-c215a4ec70c3,0c6d3f5e-c77e-5a97-8610-eebdd3a78c3d,63,present,ea1ece68-bc07-53fd-ab08-d1c2b4a4002c,2026-03-20T10:00:00Z
ab0a5d88-dced-54be-9074-35d27b981154,9341cf1e-f77b-5e4a-abbe-6a72f8c4a2fa,78e22177-7dc2-5b70-8db5-37a1b214c76c,0c6d3f5e-c77e-5a97-8610-eebdd3a78c3d,18,present,cccdf135-6895-5e96-b2f4-e0c94b2971a0,2026-03-20T10:00:00Z
ddf1d924-bf54-55e5-af76-b77091977055,9341cf1e-f77b-5e4a-abbe-6a72f8c4a2fa,e34a34af-0bd6-5072-97f3-329e75b6dd7c,0c6d3f5e-c77e-5a97-8610-eebdd3a78c3d,37,present,cccdf135-6895-5e96-b2f4-e0c94b2971a0,2026-03-20T10:00:00Z
64c0b62b-d45f-5702-81a8-6b235487bfa7,9341cf1e-f77b-5e4a-abbe-6a72f8c4a2fa,06bc5aac-24f8-5739-8085-6177573d4744,0c6d3f5e-c77e-5a97-8610-eebdd3a78c3d,69,present,cccdf135-6895-5e96-b2f4-e0c94b2971a0,2026-03-20T10:00:00Z
64094968-e43c-593d-be19-6805b38783d5,9341cf1e-f77b-5e4a-abbe-6a72f8c4a2fa,d69c38c7-786f-52f7-861e-95acd3451585,0c6d3f5e-c77e-5a97-8610-eebdd3a78c3d,21,present,cccdf135-6895-5e96-b2f4-e0c94b2971a0,2026-03-20T10:00:00Z
2417a172-ebb1-5da6-98ba-5afcdcfdde2a,9341cf1e-f77b-5e4a-abbe-6a72f8c4a2fa,5e89b55e-f054-50e2-9569-72b9d317f26d,0c6d3f5e-c77e-5a97-8610-eebdd3a78c3d,38,present,cccdf135-6895-5e96-b2f4-e0c94b2971a0,2026-03-20T10:00:00Z
84e48c0e-9f65-5456-aca9-33f8c0d74266,9341cf1e-f77b-5e4a-abbe-6a72f8c4a2fa,c95187dd-5a25-5cdc-9909-78cae86a322a,0c6d3f5e-c77e-5a97-8610-eebdd3a78c3d,80,present,cccdf135-6895-5e96-b2f4-e0c94b2971a0,2026-03-20T10:00:00Z
3dac8c2e-0701-5c01-af11-e808c2795d6d,9341cf1e-f77b-5e4a-abbe-6a72f8c4a2fa,aac210e8-980c-52de-8d7b-2238a83843db,0c6d3f5e-c77e-5a97-8610-eebdd3a78c3d,23,present,adbc96ac-0567-5b6b-9ca1-b7b285463f9c,2026-03-20T10:00:00Z
b18225f3-768a-5a9e-a388-e400adf8bf66,9341cf1e-f77b-5e4a-abbe-6a72f8c4a2fa,89ebba89-db73-5bbe-8a84-ce499fc45a91,0c6d3f5e-c77e-5a97-8610-eebdd3a78c3d,31,present,adbc96ac-0567-5b6b-9ca1-b7b285463f9c,2026-03-20T10:00:00Z
efb64d8b-d131-538f-a8a9-3b206d3ac875,9341cf1e-f77b-5e4a-abbe-6a72f8c4a2fa,d929915c-a857-5e99-908a-286ad120a0fe,0c6d3f5e-c77e-5a97-8610-eebdd3a78c3d,44,present,adbc96ac-0567-5b6b-9ca1-b7b285463f9c,2026-03-20T10:00:00Z
6efb8e59-5ea7-5b7b-ba08-fef3befac888,9341cf1e-f77b-5e4a-abbe-6a72f8c4a2fa,76148f54-645e-5a34-ab86-323c82c06572,0c6d3f5e-c77e-5a97-8610-eebdd3a78c3d,19,present,6ad65213-e90f-5f74-ae79-ce3505408a84,2026-03-20T10:00:00Z
e48a4d49-d0f6-5cb0-a804-a322b76e4ea0,9341cf1e-f77b-5e4a-abbe-6a72f8c4a2fa,01c914f5-ddce-5e5f-a4a4-224e8e8b24a1,0c6d3f5e-c77e-5a97-8610-eebdd3a78c3d,33,present,6ad65213-e90f-5f74-ae79-ce3505408a84,2026-03-20T10:00:00Z
2618fd3b-16b4-5e6b-9a47-35bd6f6e9c60,9341cf1e-f77b-5e4a-abbe-6a72f8c4a2fa,1b72dcb5-aca7-550d-9fda-90be73b7fc4c,0c6d3f5e-c77e-5a97-8610-eebdd3a78c3d,60,present,6ad65213-e90f-5f74-ae79-ce3505408a84,2026-03-20T10:00:00Z
88f20d34-7de5-5177-9ec8-6722f12d4a81,9341cf1e-f77b-5e4a-abbe-6a72f8c4a2fa,2a437e55-864d-56a8-860f-bf0e95030a74,cabc669f-b3f1-599e-84f7-7d11009c0ead,13,present,d0f5a97f-ad85-5433-8e7a-67a79da066d3,2026-03-20T10:00:00Z
c97dbcf6-aaec-5083-9470-f192402ebb3a,9341cf1e-f77b-5e4a-abbe-6a72f8c4a2fa,b4a91952-e189-5293-b9dd-01c8a79eb57a,cabc669f-b3f1-599e-84f7-7d11009c0ead,18,present,d0f5a97f-ad85-5433-8e7a-67a79da066d3,2026-03-20T10:00:00Z
1c9d1811-bc01-5443-96b5-640caf67b98e,9341cf1e-f77b-5e4a-abbe-6a72f8c4a2fa,5d2be99c-c883-56c3-9547-a482781fd9c4,cabc669f-b3f1-599e-84f7-7d11009c0ead,47,present,d0f5a97f-ad85-5433-8e7a-67a79da066d3,2026-03-20T10:00:00Z
f86ba87f-2489-57d6-961b-18eeb5188dcc,9341cf1e-f77b-5e4a-abbe-6a72f8c4a2fa,6e7237e0-d03e-5217-aff1-454cc92adc64,cabc669f-b3f1-599e-84f7-7d11009c0ead,13,present,0a9cf731-8101-5c94-8f1a-993db8f3bb9e,2026-03-20T10:00:00Z
e7f6ab2b-1340-5912-a8db-3e07c80f0411,9341cf1e-f77b-5e4a-abbe-6a72f8c4a2fa,38820c67-bee2-5cd3-8a84-cc845b780100,cabc669f-b3f1-599e-84f7-7d11009c0ead,22,present,0a9cf731-8101-5c94-8f1a-993db8f3bb9e,2026-03-20T10:00:00Z
38bbc1a4-ce12-5986-8073-d7d066e5be56,9341cf1e-f77b-5e4a-abbe-6a72f8c4a2fa,cae6e586-f25f-54e4-b8ec-6a8c7bdf038c,cabc669f-b3f1-599e-84f7-7d11009c0ead,44,present,0a9cf731-8101-5c94-8f1a-993db8f3bb9e,2026-03-20T10:00:00Z
63dfd6f6-08c0-57f6-97a1-ad35976fac7d,9341cf1e-f77b-5e4a-abbe-6a72f8c4a2fa,40a9595e-b9d6-527e-a67c-5d4cb141a764,cabc669f-b3f1-599e-84f7-7d11009c0ead,9,present,ea1ece68-bc07-53fd-ab08-d1c2b4a4002c,2026-03-20T10:00:00Z
a6a9adf8-df98-5fda-9cc3-8c2580dee38e,9341cf1e-f77b-5e4a-abbe-6a72f8c4a2fa,cbbb0eac-a4c0-5503-9b7e-024eeb04e6bd,cabc669f-b3f1-599e-84f7-7d11009c0ead,21,present,ea1ece68-bc07-53fd-ab08-d1c2b4a4002c,2026-03-20T10:00:00Z
e0681046-02b3-5fa7-be4e-b013df123af7,9341cf1e-f77b-5e4a-abbe-6a72f8c4a2fa,630962f0-c559-5092-a1e2-c215a4ec70c3,cabc669f-b3f1-599e-84f7-7d11009c0ead,37,present,ea1ece68-bc07-53fd-ab08-d1c2b4a4002c,2026-03-20T10:00:00Z
b4fed06c-ac9f-5f8b-9f32-12caf0e93669,9341cf1e-f77b-5e4a-abbe-6a72f8c4a2fa,aac210e8-980c-52de-8d7b-2238a83843db,cabc669f-b3f1-599e-84f7-7d11009c0ead,12,present,adbc96ac-0567-5b6b-9ca1-b7b285463f9c,2026-03-20T10:00:00Z
2a8548b1-553c-5b9c-b046-b2a79e52ce00,9341cf1e-f77b-5e4a-abbe-6a72f8c4a2fa,89ebba89-db73-5bbe-8a84-ce499fc45a91,cabc669f-b3f1-599e-84f7-7d11009c0ead,21,present,adbc96ac-0567-5b6b-9ca1-b7b285463f9c,2026-03-20T10:00:00Z
90ed0f00-8cc0-5899-b562-fa43a0caa490,9341cf1e-f77b-5e4a-abbe-6a72f8c4a2fa,d929915c-a857-5e99-908a-286ad120a0fe,cabc669f-b3f1-599e-84f7-7d11009c0ead,37,present,adbc96ac-0567-5b6b-9ca1-b7b285463f9c,2026-03-20T10:00:00Z
efc268a7-3e76-5bb4-a2c8-46b3add3985a,9341cf1e-f77b-5e4a-abbe-6a72f8c4a2fa,49b67716-c470-57dd-8472-1f01c39af1fb,cabc669f-b3f1-599e-84f7-7d11009c0ead,8,present,9a7606a0-33db-5faa-9d93-a634e51b2733,2026-03-20T10:00:00Z
0645240a-4790-5b71-bfbc-acdbef742cd6,9341cf1e-f77b-5e4a-abbe-6a72f8c4a2fa,4b9c4826-efd4-553d-8248-6c1a6dc6607b,cabc669f-b3f1-599e-84f7-7d11009c0ead,15,present,9a7606a0-33db-5faa-9d93-a634e51b2733,2026-03-20T10:00:00Z
0fedf5f7-538c-5ad7-9a1f-7e3095cd267a,9341cf1e-f77b-5e4a-abbe-6a72f8c4a2fa,2836b879-0af3-57bd-9f7c-ac31dfe9c5f8,cabc669f-b3f1-599e-84f7-7d11009c0ead,26,present,9a7606a0-33db-5faa-9d93-a634e51b2733,2026-03-20T10:00:00Z
d471b805-3f14-53fc-a408-7d07872acc9a,9341cf1e-f77b-5e4a-abbe-6a72f8c4a2fa,66eb0ba9-623a-58ad-b317-2042305ec056,cabc669f-b3f1-599e-84f7-7d11009c0ead,16,present,6ad65213-e90f-5f74-ae79-ce3505408a84,2026-03-20T10:00:00Z
ba919bcd-1d2b-5c33-84ff-f8fcbfac901f,9341cf1e-f77b-5e4a-abbe-6a72f8c4a2fa,b0c7a951-563b-54c8-a0b1-663ce37feaa6,cabc669f-b3f1-599e-84f7-7d11009c0ead,23,present,6ad65213-e90f-5f74-ae79-ce3505408a84,2026-03-20T10:00:00Z
168b13da-68b5-5be2-8072-a64766c983e2,9341cf1e-f77b-5e4a-abbe-6a72f8c4a2fa,6ca13320-9442-5417-991b-d6880ac2fdbe,cabc669f-b3f1-599e-84f7-7d11009c0ead,52,present,6ad65213-e90f-5f74-ae79-ce3505408a84,2026-03-20T10:00:00Z
babbd64e-a46e-59fe-90b6-ab80d361e0bb,9341cf1e-f77b-5e4a-abbe-6a72f8c4a2fa,76148f54-645e-5a34-ab86-323c82c06572,cabc669f-b3f1-599e-84f7-7d11009c0ead,12,present,6ad65213-e90f-5f74-ae79-ce3505408a84,2026-03-20T10:00:00Z
33f025b1-20e1-5657-b11d-9a9fa967561f,9341cf1e-f77b-5e4a-abbe-6a72f8c4a2fa,01c914f5-ddce-5e5f-a4a4-224e8e8b24a1,cabc669f-b3f1-599e-84f7-7d11009c0ead,18,present,6ad65213-e90f-5f74-ae79-ce3505408a84,2026-03-20T10:00:00Z
58f2c0f6-118e-53ae-af0b-7b5a71197a05,9341cf1e-f77b-5e4a-abbe-6a72f8c4a2fa,1b72dcb5-aca7-550d-9fda-90be73b7fc4c,cabc669f-b3f1-599e-84f7-7d11009c0ead,46,present,6ad65213-e90f-5f74-ae79-ce3505408a84,2026-03-20T10:00:00Z
b7214d6a-b3e1-5d59-bed6-ab6de0f4cb88,9341cf1e-f77b-5e4a-abbe-6a72f8c4a2fa,d19a1c5a-1691-5592-be6d-e3e666f1e224,460df2d7-9967-55f1-96e0-a2d06f86813a,67,present,d0f5a97f-ad85-5433-8e7a-67a79da066d3,2026-04-24T12:00:00Z
1d3963f5-5b44-55a4-9455-7721fe954302,9341cf1e-f77b-5e4a-abbe-6a72f8c4a2fa,d19a1c5a-1691-5592-be6d-e3e666f1e224,5969c6ee-d493-58e9-b9ca-25bf42363259,94,present,d0f5a97f-ad85-5433-8e7a-67a79da066d3,2026-04-24T12:00:00Z
ab2dbbb3-4e60-5455-b582-522e7f983476,9341cf1e-f77b-5e4a-abbe-6a72f8c4a2fa,d19a1c5a-1691-5592-be6d-e3e666f1e224,c5c86d43-44be-5cbe-91cc-60df439be2ab,59,present,d0f5a97f-ad85-5433-8e7a-67a79da066d3,2026-04-24T12:00:00Z
7d8bb649-849c-5cb7-9a11-a778713a8845,9341cf1e-f77b-5e4a-abbe-6a72f8c4a2fa,d19a1c5a-1691-5592-be6d-e3e666f1e224,b16a808e-74a4-50a3-8106-03904a53a1d7,64,present,d0f5a97f-ad85-5433-8e7a-67a79da066d3,2026-04-24T12:00:00Z
5547d337-23c1-59b9-b846-b835330d6e62,9341cf1e-f77b-5e4a-abbe-6a72f8c4a2fa,d19a1c5a-1691-5592-be6d-e3e666f1e224,2ee6c4eb-efbc-5d00-b4fe-41a1dc870392,45,present,d0f5a97f-ad85-5433-8e7a-67a79da066d3,2026-04-24T12:00:00Z
d5b119fb-aaeb-5a49-abdb-c36bee46af3f,9341cf1e-f77b-5e4a-abbe-6a72f8c4a2fa,d19a1c5a-1691-5592-be6d-e3e666f1e224,42fda757-1176-5d68-bc01-7baef2c3de84,74,present,d0f5a97f-ad85-5433-8e7a-67a79da066d3,2026-04-24T12:00:00Z
cd2b121c-3904-5960-87c0-ea4c19d26cbe,9341cf1e-f77b-5e4a-abbe-6a72f8c4a2fa,d19a1c5a-1691-5592-be6d-e3e666f1e224,6fde58ec-7470-53da-a342-eb730b236399,30,present,d0f5a97f-ad85-5433-8e7a-67a79da066d3,2026-04-24T12:00:00Z
05d9dd15-0aaa-52ca-ba68-48b663708547,9341cf1e-f77b-5e4a-abbe-6a72f8c4a2fa,d19a1c5a-1691-5592-be6d-e3e666f1e224,4e3d30ab-b510-5b7d-bd38-b0df7dddfa57,58,present,d0f5a97f-ad85-5433-8e7a-67a79da066d3,2026-04-24T12:00:00Z
8c69f1c6-08b3-52af-a81f-c504636fcf57,9341cf1e-f77b-5e4a-abbe-6a72f8c4a2fa,d19a1c5a-1691-5592-be6d-e3e666f1e224,0c6d3f5e-c77e-5a97-8610-eebdd3a78c3d,62,present,d0f5a97f-ad85-5433-8e7a-67a79da066d3,2026-04-24T12:00:00Z
ffe57174-e087-549f-8804-c117d2394728,9341cf1e-f77b-5e4a-abbe-6a72f8c4a2fa,d19a1c5a-1691-5592-be6d-e3e666f1e224,cabc669f-b3f1-599e-84f7-7d11009c0ead,33,present,d0f5a97f-ad85-5433-8e7a-67a79da066d3,2026-04-24T12:00:00Z
45a15987-8405-52c5-a0a9-ffbf8b45b802,9341cf1e-f77b-5e4a-abbe-6a72f8c4a2fa,d16acab0-e668-53ed-836b-af285148141c,460df2d7-9967-55f1-96e0-a2d06f86813a,55,present,0a9cf731-8101-5c94-8f1a-993db8f3bb9e,2026-04-24T12:00:00Z
eafa684e-8d7c-5ef4-96f4-37f9e1828efc,9341cf1e-f77b-5e4a-abbe-6a72f8c4a2fa,d16acab0-e668-53ed-836b-af285148141c,5969c6ee-d493-58e9-b9ca-25bf42363259,79,present,0a9cf731-8101-5c94-8f1a-993db8f3bb9e,2026-04-24T12:00:00Z
d7b7b93d-f996-5d56-be10-c72ebdaa58f6,9341cf1e-f77b-5e4a-abbe-6a72f8c4a2fa,d16acab0-e668-53ed-836b-af285148141c,c5c86d43-44be-5cbe-91cc-60df439be2ab,56,present,0a9cf731-8101-5c94-8f1a-993db8f3bb9e,2026-04-24T12:00:00Z
945d1105-bbfe-5ff5-afaf-aecd5c752c61,9341cf1e-f77b-5e4a-abbe-6a72f8c4a2fa,d16acab0-e668-53ed-836b-af285148141c,b16a808e-74a4-50a3-8106-03904a53a1d7,70,present,0a9cf731-8101-5c94-8f1a-993db8f3bb9e,2026-04-24T12:00:00Z
c2b153f3-a181-59d2-9b0a-cafe0d5cdf10,9341cf1e-f77b-5e4a-abbe-6a72f8c4a2fa,d16acab0-e668-53ed-836b-af285148141c,2ee6c4eb-efbc-5d00-b4fe-41a1dc870392,47,present,0a9cf731-8101-5c94-8f1a-993db8f3bb9e,2026-04-24T12:00:00Z
124ee8d7-4158-5f9e-890f-02a7b9cb1edf,9341cf1e-f77b-5e4a-abbe-6a72f8c4a2fa,d16acab0-e668-53ed-836b-af285148141c,42fda757-1176-5d68-bc01-7baef2c3de84,71,present,0a9cf731-8101-5c94-8f1a-993db8f3bb9e,2026-04-24T12:00:00Z
3e2a3ff6-2086-5d97-8a03-c1a5abe2ed19,9341cf1e-f77b-5e4a-abbe-6a72f8c4a2fa,d16acab0-e668-53ed-836b-af285148141c,6fde58ec-7470-53da-a342-eb730b236399,35,present,0a9cf731-8101-5c94-8f1a-993db8f3bb9e,2026-04-24T12:00:00Z
086da808-78d4-5e83-a1a0-18dbb840e000,9341cf1e-f77b-5e4a-abbe-6a72f8c4a2fa,d16acab0-e668-53ed-836b-af285148141c,4e3d30ab-b510-5b7d-bd38-b0df7dddfa57,68,present,0a9cf731-8101-5c94-8f1a-993db8f3bb9e,2026-04-24T12:00:00Z
eb12749d-4e3f-5216-9091-e3765cff76b0,9341cf1e-f77b-5e4a-abbe-6a72f8c4a2fa,d16acab0-e668-53ed-836b-af285148141c,0c6d3f5e-c77e-5a97-8610-eebdd3a78c3d,84,present,0a9cf731-8101-5c94-8f1a-993db8f3bb9e,2026-04-24T12:00:00Z
ec998601-f594-55e9-8c9a-eee222adcbf9,9341cf1e-f77b-5e4a-abbe-6a72f8c4a2fa,d16acab0-e668-53ed-836b-af285148141c,cabc669f-b3f1-599e-84f7-7d11009c0ead,32,present,0a9cf731-8101-5c94-8f1a-993db8f3bb9e,2026-04-24T12:00:00Z
9ec53f08-37ca-534f-8732-e04eab1c2fe6,9341cf1e-f77b-5e4a-abbe-6a72f8c4a2fa,46fc7af8-fc27-50fa-8bca-1f36e7c4feed,460df2d7-9967-55f1-96e0-a2d06f86813a,55,present,ea1ece68-bc07-53fd-ab08-d1c2b4a4002c,2026-04-24T12:00:00Z
83d5fd63-1445-5b59-af3c-6e6bfea6f445,9341cf1e-f77b-5e4a-abbe-6a72f8c4a2fa,46fc7af8-fc27-50fa-8bca-1f36e7c4feed,5969c6ee-d493-58e9-b9ca-25bf42363259,86,present,ea1ece68-bc07-53fd-ab08-d1c2b4a4002c,2026-04-24T12:00:00Z
a9a8b466-d95f-5ed5-a0ea-cc88fd38d315,9341cf1e-f77b-5e4a-abbe-6a72f8c4a2fa,46fc7af8-fc27-50fa-8bca-1f36e7c4feed,c5c86d43-44be-5cbe-91cc-60df439be2ab,63,present,ea1ece68-bc07-53fd-ab08-d1c2b4a4002c,2026-04-24T12:00:00Z
7569e84d-bc3c-50b4-af90-14de8bfd11b0,9341cf1e-f77b-5e4a-abbe-6a72f8c4a2fa,46fc7af8-fc27-50fa-8bca-1f36e7c4feed,b16a808e-74a4-50a3-8106-03904a53a1d7,70,present,ea1ece68-bc07-53fd-ab08-d1c2b4a4002c,2026-04-24T12:00:00Z
e594745d-c772-5467-b09c-0b213dda3ce8,9341cf1e-f77b-5e4a-abbe-6a72f8c4a2fa,46fc7af8-fc27-50fa-8bca-1f36e7c4feed,2ee6c4eb-efbc-5d00-b4fe-41a1dc870392,56,present,ea1ece68-bc07-53fd-ab08-d1c2b4a4002c,2026-04-24T12:00:00Z
a1528e02-cb77-566d-874c-9a24fb444bfa,9341cf1e-f77b-5e4a-abbe-6a72f8c4a2fa,46fc7af8-fc27-50fa-8bca-1f36e7c4feed,42fda757-1176-5d68-bc01-7baef2c3de84,80,present,ea1ece68-bc07-53fd-ab08-d1c2b4a4002c,2026-04-24T12:00:00Z
82cd3c11-2b8f-5f84-b589-ff853b5235b9,9341cf1e-f77b-5e4a-abbe-6a72f8c4a2fa,46fc7af8-fc27-50fa-8bca-1f36e7c4feed,6fde58ec-7470-53da-a342-eb730b236399,61,present,ea1ece68-bc07-53fd-ab08-d1c2b4a4002c,2026-04-24T12:00:00Z
7d043093-023c-5be7-8d07-c701d33a965f,9341cf1e-f77b-5e4a-abbe-6a72f8c4a2fa,46fc7af8-fc27-50fa-8bca-1f36e7c4feed,4e3d30ab-b510-5b7d-bd38-b0df7dddfa57,54,present,ea1ece68-bc07-53fd-ab08-d1c2b4a4002c,2026-04-24T12:00:00Z
2b8c1807-511c-5680-9f01-e35c91435b95,9341cf1e-f77b-5e4a-abbe-6a72f8c4a2fa,46fc7af8-fc27-50fa-8bca-1f36e7c4feed,0c6d3f5e-c77e-5a97-8610-eebdd3a78c3d,64,present,ea1ece68-bc07-53fd-ab08-d1c2b4a4002c,2026-04-24T12:00:00Z
1b334538-318d-528e-a993-e0ba88781ab1,9341cf1e-f77b-5e4a-abbe-6a72f8c4a2fa,46fc7af8-fc27-50fa-8bca-1f36e7c4feed,cabc669f-b3f1-599e-84f7-7d11009c0ead,56,present,ea1ece68-bc07-53fd-ab08-d1c2b4a4002c,2026-04-24T12:00:00Z
b28f8f06-1ce5-5887-b5ab-0c6c0d6aef92,9341cf1e-f77b-5e4a-abbe-6a72f8c4a2fa,9af6f813-b25f-5d54-b786-a239de766732,460df2d7-9967-55f1-96e0-a2d06f86813a,75,present,6ad65213-e90f-5f74-ae79-ce3505408a84,2026-04-24T12:00:00Z
df4ab975-621f-5a08-b417-7e8f6b148f1c,9341cf1e-f77b-5e4a-abbe-6a72f8c4a2fa,9af6f813-b25f-5d54-b786-a239de766732,5969c6ee-d493-58e9-b9ca-25bf42363259,96,present,6ad65213-e90f-5f74-ae79-ce3505408a84,2026-04-24T12:00:00Z
29ac2dec-cfdb-5c6f-b9ff-28d3b49cf478,9341cf1e-f77b-5e4a-abbe-6a72f8c4a2fa,9af6f813-b25f-5d54-b786-a239de766732,42fda757-1176-5d68-bc01-7baef2c3de84,73,present,6ad65213-e90f-5f74-ae79-ce3505408a84,2026-04-24T12:00:00Z
a1f998fc-ccf9-528d-95c3-06c4e9db2350,9341cf1e-f77b-5e4a-abbe-6a72f8c4a2fa,9af6f813-b25f-5d54-b786-a239de766732,6fde58ec-7470-53da-a342-eb730b236399,61,present,6ad65213-e90f-5f74-ae79-ce3505408a84,2026-04-24T12:00:00Z
dc3587bc-4b65-5efb-9999-facaffe53e16,9341cf1e-f77b-5e4a-abbe-6a72f8c4a2fa,9af6f813-b25f-5d54-b786-a239de766732,4e3d30ab-b510-5b7d-bd38-b0df7dddfa57,59,present,6ad65213-e90f-5f74-ae79-ce3505408a84,2026-04-24T12:00:00Z
5afa3d38-f163-5fe2-b79e-7777fe508d68,9341cf1e-f77b-5e4a-abbe-6a72f8c4a2fa,9af6f813-b25f-5d54-b786-a239de766732,cabc669f-b3f1-599e-84f7-7d11009c0ead,34,present,6ad65213-e90f-5f74-ae79-ce3505408a84,2026-04-24T12:00:00Z
2eae91be-d571-5bdf-9414-1bd5c7fd8bbe,f2856ae5-c561-5f69-8db8-0495481bb2b0,014be054-e1ad-5a3b-a302-ddbc3e7641db,233bc279-6b5f-5823-bddf-02223bce6298,15,present,dfb065b7-3d6a-5b09-a264-a62ac71acb6b,2026-03-20T10:00:00Z
dd0b2472-e789-51d7-98cd-31aa09660a91,f2856ae5-c561-5f69-8db8-0495481bb2b0,6a9f09b7-c1a5-5ab6-8212-0eecd4d89a88,233bc279-6b5f-5823-bddf-02223bce6298,25,present,dfb065b7-3d6a-5b09-a264-a62ac71acb6b,2026-03-20T10:00:00Z
79661ee6-a27c-51e5-924f-0844588afd11,f2856ae5-c561-5f69-8db8-0495481bb2b0,35edb502-b186-5aea-b35c-e43dcd809f90,233bc279-6b5f-5823-bddf-02223bce6298,56,present,dfb065b7-3d6a-5b09-a264-a62ac71acb6b,2026-03-20T10:00:00Z
e8676bcc-3097-5418-8164-ae7424a67202,f2856ae5-c561-5f69-8db8-0495481bb2b0,7278c3a1-2fa2-5fd0-82e9-f1189d494b2e,233bc279-6b5f-5823-bddf-02223bce6298,12,present,dfb065b7-3d6a-5b09-a264-a62ac71acb6b,2026-03-20T10:00:00Z
a595256c-c860-5fbc-bdfa-2be1b3a5e7ad,f2856ae5-c561-5f69-8db8-0495481bb2b0,3d01b223-dec9-59ed-87d5-38df8a040f6e,233bc279-6b5f-5823-bddf-02223bce6298,23,present,dfb065b7-3d6a-5b09-a264-a62ac71acb6b,2026-03-20T10:00:00Z
bf073682-a3f3-5e76-b86d-dea3c7688232,f2856ae5-c561-5f69-8db8-0495481bb2b0,e3616fe2-682b-50bf-af30-5d111f577f6b,233bc279-6b5f-5823-bddf-02223bce6298,48,present,dfb065b7-3d6a-5b09-a264-a62ac71acb6b,2026-03-20T10:00:00Z
75386cc9-65a3-5797-a157-74630d831918,f2856ae5-c561-5f69-8db8-0495481bb2b0,c492d88b-3904-50d9-b930-3a0a0e8604e5,233bc279-6b5f-5823-bddf-02223bce6298,20,present,dfb065b7-3d6a-5b09-a264-a62ac71acb6b,2026-03-20T10:00:00Z
7ecde2f0-cf65-5e8c-8055-c4d6ef59a610,f2856ae5-c561-5f69-8db8-0495481bb2b0,b1b3981d-501d-56c6-8109-f7644b2c1d39,233bc279-6b5f-5823-bddf-02223bce6298,35,present,dfb065b7-3d6a-5b09-a264-a62ac71acb6b,2026-03-20T10:00:00Z
02086e71-b2a2-5546-a6cc-9ea30b6b54aa,f2856ae5-c561-5f69-8db8-0495481bb2b0,8f9dc4e5-7e1b-569c-b17e-24e324bf6a4c,233bc279-6b5f-5823-bddf-02223bce6298,63,present,dfb065b7-3d6a-5b09-a264-a62ac71acb6b,2026-03-20T10:00:00Z
0b9fa88b-770c-5f02-ad22-839d0ce3d257,f2856ae5-c561-5f69-8db8-0495481bb2b0,b9a1cc9c-6c89-5e9b-b25f-d5792ba90289,233bc279-6b5f-5823-bddf-02223bce6298,20,present,dfb065b7-3d6a-5b09-a264-a62ac71acb6b,2026-03-20T10:00:00Z
1a0a6397-f92b-5eb6-ad2b-64ae825215a7,f2856ae5-c561-5f69-8db8-0495481bb2b0,315486f9-856b-56d0-8768-dd9b6fb9c094,233bc279-6b5f-5823-bddf-02223bce6298,28,present,dfb065b7-3d6a-5b09-a264-a62ac71acb6b,2026-03-20T10:00:00Z
5e6bf9e9-b295-55de-956b-046e78bfba1a,f2856ae5-c561-5f69-8db8-0495481bb2b0,91c66f7d-c61a-5bbd-9f91-c5355ae8c269,233bc279-6b5f-5823-bddf-02223bce6298,51,present,dfb065b7-3d6a-5b09-a264-a62ac71acb6b,2026-03-20T10:00:00Z
20bc1715-9080-5c96-9e6e-755c6036f684,f2856ae5-c561-5f69-8db8-0495481bb2b0,8bcc2801-5ba9-50f5-8e2f-d667322d141c,233bc279-6b5f-5823-bddf-02223bce6298,21,present,dfb065b7-3d6a-5b09-a264-a62ac71acb6b,2026-03-20T10:00:00Z
e5938174-0c7d-56d2-ad65-b7157964ae04,f2856ae5-c561-5f69-8db8-0495481bb2b0,31c1b769-e855-5b85-be56-77906b2c84f9,233bc279-6b5f-5823-bddf-02223bce6298,30,present,dfb065b7-3d6a-5b09-a264-a62ac71acb6b,2026-03-20T10:00:00Z
241258c3-0ea1-59e6-a5ff-b2e17d3b6dd3,f2856ae5-c561-5f69-8db8-0495481bb2b0,5877e226-d4dd-5544-acde-fc87ab737021,233bc279-6b5f-5823-bddf-02223bce6298,68,present,dfb065b7-3d6a-5b09-a264-a62ac71acb6b,2026-03-20T10:00:00Z
45ad40e5-52b0-5f60-b7e3-f5e0abb6d747,f2856ae5-c561-5f69-8db8-0495481bb2b0,5cd47ad8-2aa5-55f2-88c0-f03d78e75b1f,233bc279-6b5f-5823-bddf-02223bce6298,17,present,dfb065b7-3d6a-5b09-a264-a62ac71acb6b,2026-03-20T10:00:00Z
ef6aed45-9bbf-5576-9574-198b2b7319cb,f2856ae5-c561-5f69-8db8-0495481bb2b0,df95865e-cb15-5533-8142-18974189268d,233bc279-6b5f-5823-bddf-02223bce6298,28,present,dfb065b7-3d6a-5b09-a264-a62ac71acb6b,2026-03-20T10:00:00Z
b541458d-26bf-531a-a16f-d4368093f67d,f2856ae5-c561-5f69-8db8-0495481bb2b0,4e87f718-cced-5ef4-9110-a5def96302d4,233bc279-6b5f-5823-bddf-02223bce6298,47,present,dfb065b7-3d6a-5b09-a264-a62ac71acb6b,2026-03-20T10:00:00Z
d1304761-b027-5e4c-8c03-989d2951d6d2,f2856ae5-c561-5f69-8db8-0495481bb2b0,d4c573c9-9516-5007-8a81-0096da58e8d7,233bc279-6b5f-5823-bddf-02223bce6298,17,present,72fa82de-09c5-522c-bbba-f0a09021a696,2026-03-20T10:00:00Z
cfcf6b0f-83fe-5635-b242-0b3fd9ced3dc,f2856ae5-c561-5f69-8db8-0495481bb2b0,3c0fbac4-1d38-5ca3-b07f-0eb5e7e7b624,233bc279-6b5f-5823-bddf-02223bce6298,34,present,72fa82de-09c5-522c-bbba-f0a09021a696,2026-03-20T10:00:00Z
8c6f3357-4182-57b0-ba53-a9db64b0af11,f2856ae5-c561-5f69-8db8-0495481bb2b0,26f8358c-095f-5100-8743-d9100e6c56cd,233bc279-6b5f-5823-bddf-02223bce6298,66,present,72fa82de-09c5-522c-bbba-f0a09021a696,2026-03-20T10:00:00Z
fc9487e3-f826-5624-a847-08e8dcfe8491,f2856ae5-c561-5f69-8db8-0495481bb2b0,57117c31-0f8d-5b15-9b53-21904541548f,233bc279-6b5f-5823-bddf-02223bce6298,18,present,dfb065b7-3d6a-5b09-a264-a62ac71acb6b,2026-03-20T10:00:00Z
4b82c1a9-07b2-5740-a5e1-01c13b499c5e,f2856ae5-c561-5f69-8db8-0495481bb2b0,6c47887d-2b49-59e3-9476-b298e732f480,233bc279-6b5f-5823-bddf-02223bce6298,29,present,dfb065b7-3d6a-5b09-a264-a62ac71acb6b,2026-03-20T10:00:00Z
1e5119f2-5d19-5607-9669-2f1557d37dcc,f2856ae5-c561-5f69-8db8-0495481bb2b0,40c7a83c-13f0-5cf4-bc1d-42837ca753e4,233bc279-6b5f-5823-bddf-02223bce6298,58,present,dfb065b7-3d6a-5b09-a264-a62ac71acb6b,2026-03-20T10:00:00Z
325faaf5-4220-528d-b97d-e566362e6047,f2856ae5-c561-5f69-8db8-0495481bb2b0,014be054-e1ad-5a3b-a302-ddbc3e7641db,9352427c-e83c-5011-9b5f-52af4da0416c,18,present,dfb065b7-3d6a-5b09-a264-a62ac71acb6b,2026-03-20T10:00:00Z
81ce3647-8b5f-5e13-af94-f862e4b81313,f2856ae5-c561-5f69-8db8-0495481bb2b0,6a9f09b7-c1a5-5ab6-8212-0eecd4d89a88,9352427c-e83c-5011-9b5f-52af4da0416c,32,present,dfb065b7-3d6a-5b09-a264-a62ac71acb6b,2026-03-20T10:00:00Z
40a7c98c-8be4-5c82-9714-cdffaf4628f9,f2856ae5-c561-5f69-8db8-0495481bb2b0,35edb502-b186-5aea-b35c-e43dcd809f90,9352427c-e83c-5011-9b5f-52af4da0416c,61,present,dfb065b7-3d6a-5b09-a264-a62ac71acb6b,2026-03-20T10:00:00Z
cd657166-ba9d-5f37-a12a-2f20595bc9b4,f2856ae5-c561-5f69-8db8-0495481bb2b0,7278c3a1-2fa2-5fd0-82e9-f1189d494b2e,9352427c-e83c-5011-9b5f-52af4da0416c,16,present,dfb065b7-3d6a-5b09-a264-a62ac71acb6b,2026-03-20T10:00:00Z
9c2db9c2-c7d3-55bb-94cf-67132eff545a,f2856ae5-c561-5f69-8db8-0495481bb2b0,3d01b223-dec9-59ed-87d5-38df8a040f6e,9352427c-e83c-5011-9b5f-52af4da0416c,28,present,dfb065b7-3d6a-5b09-a264-a62ac71acb6b,2026-03-20T10:00:00Z
0109b3c9-c49a-559a-8512-323b40502a43,f2856ae5-c561-5f69-8db8-0495481bb2b0,e3616fe2-682b-50bf-af30-5d111f577f6b,9352427c-e83c-5011-9b5f-52af4da0416c,52,present,dfb065b7-3d6a-5b09-a264-a62ac71acb6b,2026-03-20T10:00:00Z
23718aaf-a0d5-58d0-99bd-b5bf19320207,f2856ae5-c561-5f69-8db8-0495481bb2b0,c492d88b-3904-50d9-b930-3a0a0e8604e5,9352427c-e83c-5011-9b5f-52af4da0416c,18,present,dfb065b7-3d6a-5b09-a264-a62ac71acb6b,2026-03-20T10:00:00Z
23707938-0f6f-5118-b168-6ee5ebf97d44,f2856ae5-c561-5f69-8db8-0495481bb2b0,b1b3981d-501d-56c6-8109-f7644b2c1d39,9352427c-e83c-5011-9b5f-52af4da0416c,23,present,dfb065b7-3d6a-5b09-a264-a62ac71acb6b,2026-03-20T10:00:00Z
db8aad62-263b-5a43-92ed-f56046a887da,f2856ae5-c561-5f69-8db8-0495481bb2b0,8f9dc4e5-7e1b-569c-b17e-24e324bf6a4c,9352427c-e83c-5011-9b5f-52af4da0416c,51,present,dfb065b7-3d6a-5b09-a264-a62ac71acb6b,2026-03-20T10:00:00Z
b40249aa-de2f-5610-9083-4bc873fcc581,f2856ae5-c561-5f69-8db8-0495481bb2b0,b9a1cc9c-6c89-5e9b-b25f-d5792ba90289,9352427c-e83c-5011-9b5f-52af4da0416c,17,present,dfb065b7-3d6a-5b09-a264-a62ac71acb6b,2026-03-20T10:00:00Z
825357f6-8cf2-5cf6-9863-95c10bc4d1db,f2856ae5-c561-5f69-8db8-0495481bb2b0,315486f9-856b-56d0-8768-dd9b6fb9c094,9352427c-e83c-5011-9b5f-52af4da0416c,24,present,dfb065b7-3d6a-5b09-a264-a62ac71acb6b,2026-03-20T10:00:00Z
1b200d37-e9a1-56ad-b289-647e10411149,f2856ae5-c561-5f69-8db8-0495481bb2b0,91c66f7d-c61a-5bbd-9f91-c5355ae8c269,9352427c-e83c-5011-9b5f-52af4da0416c,54,present,dfb065b7-3d6a-5b09-a264-a62ac71acb6b,2026-03-20T10:00:00Z
055ca6da-9a82-5420-922a-93b7e1cf64f2,f2856ae5-c561-5f69-8db8-0495481bb2b0,8bcc2801-5ba9-50f5-8e2f-d667322d141c,9352427c-e83c-5011-9b5f-52af4da0416c,17,present,dfb065b7-3d6a-5b09-a264-a62ac71acb6b,2026-03-20T10:00:00Z
4788af2d-40a7-5b47-bf00-53b2a9efb73a,f2856ae5-c561-5f69-8db8-0495481bb2b0,31c1b769-e855-5b85-be56-77906b2c84f9,9352427c-e83c-5011-9b5f-52af4da0416c,26,present,dfb065b7-3d6a-5b09-a264-a62ac71acb6b,2026-03-20T10:00:00Z
89e0d757-e9b2-5a44-b8d5-ea2784b7b146,f2856ae5-c561-5f69-8db8-0495481bb2b0,5877e226-d4dd-5544-acde-fc87ab737021,9352427c-e83c-5011-9b5f-52af4da0416c,45,present,dfb065b7-3d6a-5b09-a264-a62ac71acb6b,2026-03-20T10:00:00Z
88f3b158-a9fa-5f24-a0c6-4abb3a5da5b0,f2856ae5-c561-5f69-8db8-0495481bb2b0,5cd47ad8-2aa5-55f2-88c0-f03d78e75b1f,9352427c-e83c-5011-9b5f-52af4da0416c,16,present,dfb065b7-3d6a-5b09-a264-a62ac71acb6b,2026-03-20T10:00:00Z
8893f693-67de-5d8a-9ee0-13e72bb1b8d4,f2856ae5-c561-5f69-8db8-0495481bb2b0,df95865e-cb15-5533-8142-18974189268d,9352427c-e83c-5011-9b5f-52af4da0416c,28,present,dfb065b7-3d6a-5b09-a264-a62ac71acb6b,2026-03-20T10:00:00Z
f9416832-dde2-5690-bcdf-b6d3d2ab7d31,f2856ae5-c561-5f69-8db8-0495481bb2b0,4e87f718-cced-5ef4-9110-a5def96302d4,9352427c-e83c-5011-9b5f-52af4da0416c,64,present,dfb065b7-3d6a-5b09-a264-a62ac71acb6b,2026-03-20T10:00:00Z
5a5104b2-beec-51b2-a095-2b9e356c02df,f2856ae5-c561-5f69-8db8-0495481bb2b0,d4c573c9-9516-5007-8a81-0096da58e8d7,9352427c-e83c-5011-9b5f-52af4da0416c,17,present,72fa82de-09c5-522c-bbba-f0a09021a696,2026-03-20T10:00:00Z
20bae094-27bf-5ae3-bf0e-a4f20841ece8,f2856ae5-c561-5f69-8db8-0495481bb2b0,3c0fbac4-1d38-5ca3-b07f-0eb5e7e7b624,9352427c-e83c-5011-9b5f-52af4da0416c,31,present,72fa82de-09c5-522c-bbba-f0a09021a696,2026-03-20T10:00:00Z
bcfa6a1c-40b5-5e46-b709-5136791af4f1,f2856ae5-c561-5f69-8db8-0495481bb2b0,26f8358c-095f-5100-8743-d9100e6c56cd,9352427c-e83c-5011-9b5f-52af4da0416c,62,present,72fa82de-09c5-522c-bbba-f0a09021a696,2026-03-20T10:00:00Z
c9c0fea5-71e0-5110-b8e0-57e2fb13f261,f2856ae5-c561-5f69-8db8-0495481bb2b0,57117c31-0f8d-5b15-9b53-21904541548f,9352427c-e83c-5011-9b5f-52af4da0416c,21,present,dfb065b7-3d6a-5b09-a264-a62ac71acb6b,2026-03-20T10:00:00Z
982de5ce-1543-5c99-bc66-990a33849120,f2856ae5-c561-5f69-8db8-0495481bb2b0,6c47887d-2b49-59e3-9476-b298e732f480,9352427c-e83c-5011-9b5f-52af4da0416c,29,present,dfb065b7-3d6a-5b09-a264-a62ac71acb6b,2026-03-20T10:00:00Z
9fd06adf-4f97-5c4d-a20e-8d466c7e2502,f2856ae5-c561-5f69-8db8-0495481bb2b0,40c7a83c-13f0-5cf4-bc1d-42837ca753e4,9352427c-e83c-5011-9b5f-52af4da0416c,62,present,dfb065b7-3d6a-5b09-a264-a62ac71acb6b,2026-03-20T10:00:00Z
a521720c-ad16-5976-ad61-ab3a39b1cc49,f2856ae5-c561-5f69-8db8-0495481bb2b0,014be054-e1ad-5a3b-a302-ddbc3e7641db,0264d51d-ab9e-52b5-a9f8-3fd454c7d914,10,present,dfb065b7-3d6a-5b09-a264-a62ac71acb6b,2026-03-20T10:00:00Z
d841de7f-56d1-5380-983a-f5c220015fd5,f2856ae5-c561-5f69-8db8-0495481bb2b0,6a9f09b7-c1a5-5ab6-8212-0eecd4d89a88,0264d51d-ab9e-52b5-a9f8-3fd454c7d914,14,present,dfb065b7-3d6a-5b09-a264-a62ac71acb6b,2026-03-20T10:00:00Z
b739d233-fc3b-54f8-a43f-921cbb0356f6,f2856ae5-c561-5f69-8db8-0495481bb2b0,35edb502-b186-5aea-b35c-e43dcd809f90,0264d51d-ab9e-52b5-a9f8-3fd454c7d914,34,present,dfb065b7-3d6a-5b09-a264-a62ac71acb6b,2026-03-20T10:00:00Z
bdc07edf-e514-5644-94dc-6810b6c01672,f2856ae5-c561-5f69-8db8-0495481bb2b0,7278c3a1-2fa2-5fd0-82e9-f1189d494b2e,0264d51d-ab9e-52b5-a9f8-3fd454c7d914,10,present,dfb065b7-3d6a-5b09-a264-a62ac71acb6b,2026-03-20T10:00:00Z
35eb3c9d-1110-56f3-b3c9-a230df17e321,f2856ae5-c561-5f69-8db8-0495481bb2b0,3d01b223-dec9-59ed-87d5-38df8a040f6e,0264d51d-ab9e-52b5-a9f8-3fd454c7d914,19,present,dfb065b7-3d6a-5b09-a264-a62ac71acb6b,2026-03-20T10:00:00Z
e106f177-c271-5ea1-8d91-2d38db0eada8,f2856ae5-c561-5f69-8db8-0495481bb2b0,e3616fe2-682b-50bf-af30-5d111f577f6b,0264d51d-ab9e-52b5-a9f8-3fd454c7d914,30,present,dfb065b7-3d6a-5b09-a264-a62ac71acb6b,2026-03-20T10:00:00Z
4f99ec49-607c-5c77-9b95-3e0e793482f1,f2856ae5-c561-5f69-8db8-0495481bb2b0,c492d88b-3904-50d9-b930-3a0a0e8604e5,0264d51d-ab9e-52b5-a9f8-3fd454c7d914,10,present,dfb065b7-3d6a-5b09-a264-a62ac71acb6b,2026-03-20T10:00:00Z
62860644-3715-5b97-b908-1832d55c13de,f2856ae5-c561-5f69-8db8-0495481bb2b0,b1b3981d-501d-56c6-8109-f7644b2c1d39,0264d51d-ab9e-52b5-a9f8-3fd454c7d914,16,present,dfb065b7-3d6a-5b09-a264-a62ac71acb6b,2026-03-20T10:00:00Z
6107f694-e699-5704-9597-09a1946eaed8,f2856ae5-c561-5f69-8db8-0495481bb2b0,8f9dc4e5-7e1b-569c-b17e-24e324bf6a4c,0264d51d-ab9e-52b5-a9f8-3fd454c7d914,28,present,dfb065b7-3d6a-5b09-a264-a62ac71acb6b,2026-03-20T10:00:00Z
b3b3ec3d-1e5c-561c-8eaf-82f7928c3223,f2856ae5-c561-5f69-8db8-0495481bb2b0,b9a1cc9c-6c89-5e9b-b25f-d5792ba90289,0264d51d-ab9e-52b5-a9f8-3fd454c7d914,7,present,dfb065b7-3d6a-5b09-a264-a62ac71acb6b,2026-03-20T10:00:00Z
f121b94d-4f75-5fcb-9af5-9765faec0185,f2856ae5-c561-5f69-8db8-0495481bb2b0,315486f9-856b-56d0-8768-dd9b6fb9c094,0264d51d-ab9e-52b5-a9f8-3fd454c7d914,14,present,dfb065b7-3d6a-5b09-a264-a62ac71acb6b,2026-03-20T10:00:00Z
796d9ecd-9581-5ac7-a008-bdba31d3c6ae,f2856ae5-c561-5f69-8db8-0495481bb2b0,91c66f7d-c61a-5bbd-9f91-c5355ae8c269,0264d51d-ab9e-52b5-a9f8-3fd454c7d914,31,present,dfb065b7-3d6a-5b09-a264-a62ac71acb6b,2026-03-20T10:00:00Z
2b6a7b3c-81f8-55be-9d76-dbae0a64dfba,f2856ae5-c561-5f69-8db8-0495481bb2b0,8bcc2801-5ba9-50f5-8e2f-d667322d141c,0264d51d-ab9e-52b5-a9f8-3fd454c7d914,5,present,dfb065b7-3d6a-5b09-a264-a62ac71acb6b,2026-03-20T10:00:00Z
1ac0782d-5f6e-5c41-a8d5-791a491ee03e,f2856ae5-c561-5f69-8db8-0495481bb2b0,31c1b769-e855-5b85-be56-77906b2c84f9,0264d51d-ab9e-52b5-a9f8-3fd454c7d914,,absent,dfb065b7-3d6a-5b09-a264-a62ac71acb6b,2026-03-20T10:00:00Z
cf9ad02a-9c28-50ce-ae2a-10f2302a76de,f2856ae5-c561-5f69-8db8-0495481bb2b0,5877e226-d4dd-5544-acde-fc87ab737021,0264d51d-ab9e-52b5-a9f8-3fd454c7d914,18,present,dfb065b7-3d6a-5b09-a264-a62ac71acb6b,2026-03-20T10:00:00Z
d018d335-22cb-5708-bb17-92c311c66bbb,f2856ae5-c561-5f69-8db8-0495481bb2b0,5cd47ad8-2aa5-55f2-88c0-f03d78e75b1f,0264d51d-ab9e-52b5-a9f8-3fd454c7d914,12,present,dfb065b7-3d6a-5b09-a264-a62ac71acb6b,2026-03-20T10:00:00Z
5bcb6f95-44c1-536c-b57e-6a8e5e355106,f2856ae5-c561-5f69-8db8-0495481bb2b0,df95865e-cb15-5533-8142-18974189268d,0264d51d-ab9e-52b5-a9f8-3fd454c7d914,20,present,dfb065b7-3d6a-5b09-a264-a62ac71acb6b,2026-03-20T10:00:00Z
1e459efd-fdc5-53fe-8942-143d017cbba4,f2856ae5-c561-5f69-8db8-0495481bb2b0,4e87f718-cced-5ef4-9110-a5def96302d4,0264d51d-ab9e-52b5-a9f8-3fd454c7d914,31,present,dfb065b7-3d6a-5b09-a264-a62ac71acb6b,2026-03-20T10:00:00Z
8b0206f6-29a8-5dec-b35b-ab1eedb1288c,f2856ae5-c561-5f69-8db8-0495481bb2b0,d4c573c9-9516-5007-8a81-0096da58e8d7,0264d51d-ab9e-52b5-a9f8-3fd454c7d914,13,present,72fa82de-09c5-522c-bbba-f0a09021a696,2026-03-20T10:00:00Z
5beefcad-fda2-56f6-8994-073a954b6ce4,f2856ae5-c561-5f69-8db8-0495481bb2b0,3c0fbac4-1d38-5ca3-b07f-0eb5e7e7b624,0264d51d-ab9e-52b5-a9f8-3fd454c7d914,22,present,72fa82de-09c5-522c-bbba-f0a09021a696,2026-03-20T10:00:00Z
88a19d6f-1119-57f2-997f-93923afaf1cd,f2856ae5-c561-5f69-8db8-0495481bb2b0,26f8358c-095f-5100-8743-d9100e6c56cd,0264d51d-ab9e-52b5-a9f8-3fd454c7d914,52,present,72fa82de-09c5-522c-bbba-f0a09021a696,2026-03-20T10:00:00Z
4a55b5af-44d6-5224-bf47-173b9e439de1,f2856ae5-c561-5f69-8db8-0495481bb2b0,57117c31-0f8d-5b15-9b53-21904541548f,0264d51d-ab9e-52b5-a9f8-3fd454c7d914,11,present,dfb065b7-3d6a-5b09-a264-a62ac71acb6b,2026-03-20T10:00:00Z
91b8b1a0-f9af-5a5e-8233-5d00fd395978,f2856ae5-c561-5f69-8db8-0495481bb2b0,6c47887d-2b49-59e3-9476-b298e732f480,0264d51d-ab9e-52b5-a9f8-3fd454c7d914,20,present,dfb065b7-3d6a-5b09-a264-a62ac71acb6b,2026-03-20T10:00:00Z
ea7aa458-00a3-513e-8731-7178c18ce528,f2856ae5-c561-5f69-8db8-0495481bb2b0,40c7a83c-13f0-5cf4-bc1d-42837ca753e4,0264d51d-ab9e-52b5-a9f8-3fd454c7d914,37,present,dfb065b7-3d6a-5b09-a264-a62ac71acb6b,2026-03-20T10:00:00Z
deb41d2f-9797-5fec-a393-8806a3b972d5,f2856ae5-c561-5f69-8db8-0495481bb2b0,014be054-e1ad-5a3b-a302-ddbc3e7641db,71e540b8-4344-5659-8984-1e9044bdb230,18,present,dfb065b7-3d6a-5b09-a264-a62ac71acb6b,2026-03-20T10:00:00Z
6adf61eb-e100-5d08-9df9-af09fad011bd,f2856ae5-c561-5f69-8db8-0495481bb2b0,6a9f09b7-c1a5-5ab6-8212-0eecd4d89a88,71e540b8-4344-5659-8984-1e9044bdb230,28,present,dfb065b7-3d6a-5b09-a264-a62ac71acb6b,2026-03-20T10:00:00Z
57cdb5c9-40c4-5e35-8fc8-5b8ddafdf11d,f2856ae5-c561-5f69-8db8-0495481bb2b0,35edb502-b186-5aea-b35c-e43dcd809f90,71e540b8-4344-5659-8984-1e9044bdb230,67,present,dfb065b7-3d6a-5b09-a264-a62ac71acb6b,2026-03-20T10:00:00Z
c02cf0ad-449a-5e30-b7db-071111dd1dcc,f2856ae5-c561-5f69-8db8-0495481bb2b0,7278c3a1-2fa2-5fd0-82e9-f1189d494b2e,71e540b8-4344-5659-8984-1e9044bdb230,17,present,dfb065b7-3d6a-5b09-a264-a62ac71acb6b,2026-03-20T10:00:00Z
a731a6f2-1319-5d8a-9bfa-db85b4fd8b26,f2856ae5-c561-5f69-8db8-0495481bb2b0,3d01b223-dec9-59ed-87d5-38df8a040f6e,71e540b8-4344-5659-8984-1e9044bdb230,33,present,dfb065b7-3d6a-5b09-a264-a62ac71acb6b,2026-03-20T10:00:00Z
123ddd5a-ca49-5bc2-9ce3-452554523e61,f2856ae5-c561-5f69-8db8-0495481bb2b0,e3616fe2-682b-50bf-af30-5d111f577f6b,71e540b8-4344-5659-8984-1e9044bdb230,59,present,dfb065b7-3d6a-5b09-a264-a62ac71acb6b,2026-03-20T10:00:00Z
e112ed04-ebca-55ac-b587-5717add93eb6,f2856ae5-c561-5f69-8db8-0495481bb2b0,c492d88b-3904-50d9-b930-3a0a0e8604e5,71e540b8-4344-5659-8984-1e9044bdb230,14,present,dfb065b7-3d6a-5b09-a264-a62ac71acb6b,2026-03-20T10:00:00Z
7dde3087-e075-5fd7-993b-435cdffe33f0,f2856ae5-c561-5f69-8db8-0495481bb2b0,b1b3981d-501d-56c6-8109-f7644b2c1d39,71e540b8-4344-5659-8984-1e9044bdb230,27,present,dfb065b7-3d6a-5b09-a264-a62ac71acb6b,2026-03-20T10:00:00Z
7100fc6a-a569-5157-a84d-f3473da637db,f2856ae5-c561-5f69-8db8-0495481bb2b0,8f9dc4e5-7e1b-569c-b17e-24e324bf6a4c,71e540b8-4344-5659-8984-1e9044bdb230,48,present,dfb065b7-3d6a-5b09-a264-a62ac71acb6b,2026-03-20T10:00:00Z
fc5fd585-65d6-5d8a-be37-5934c49c43b4,f2856ae5-c561-5f69-8db8-0495481bb2b0,b9a1cc9c-6c89-5e9b-b25f-d5792ba90289,71e540b8-4344-5659-8984-1e9044bdb230,18,present,dfb065b7-3d6a-5b09-a264-a62ac71acb6b,2026-03-20T10:00:00Z
2c75ad68-c5ef-57b2-a7a8-992137649932,f2856ae5-c561-5f69-8db8-0495481bb2b0,315486f9-856b-56d0-8768-dd9b6fb9c094,71e540b8-4344-5659-8984-1e9044bdb230,28,present,dfb065b7-3d6a-5b09-a264-a62ac71acb6b,2026-03-20T10:00:00Z
a389291a-ecd5-58ef-823c-922cdcad39ad,f2856ae5-c561-5f69-8db8-0495481bb2b0,91c66f7d-c61a-5bbd-9f91-c5355ae8c269,71e540b8-4344-5659-8984-1e9044bdb230,53,present,dfb065b7-3d6a-5b09-a264-a62ac71acb6b,2026-03-20T10:00:00Z
52290fb9-9f78-53ea-b8eb-aa7d689d310e,f2856ae5-c561-5f69-8db8-0495481bb2b0,8bcc2801-5ba9-50f5-8e2f-d667322d141c,71e540b8-4344-5659-8984-1e9044bdb230,12,present,dfb065b7-3d6a-5b09-a264-a62ac71acb6b,2026-03-20T10:00:00Z
f26e087b-7564-5a33-bb0e-a6e63354b549,f2856ae5-c561-5f69-8db8-0495481bb2b0,31c1b769-e855-5b85-be56-77906b2c84f9,71e540b8-4344-5659-8984-1e9044bdb230,25,present,dfb065b7-3d6a-5b09-a264-a62ac71acb6b,2026-03-20T10:00:00Z
7fe3b0be-9eb2-5018-a920-81c6d60503d1,f2856ae5-c561-5f69-8db8-0495481bb2b0,5877e226-d4dd-5544-acde-fc87ab737021,71e540b8-4344-5659-8984-1e9044bdb230,59,present,dfb065b7-3d6a-5b09-a264-a62ac71acb6b,2026-03-20T10:00:00Z
04b23bd8-a024-5f3c-9687-bd7b36430fec,f2856ae5-c561-5f69-8db8-0495481bb2b0,5cd47ad8-2aa5-55f2-88c0-f03d78e75b1f,71e540b8-4344-5659-8984-1e9044bdb230,20,present,dfb065b7-3d6a-5b09-a264-a62ac71acb6b,2026-03-20T10:00:00Z
3bd503e7-7b1f-56cb-b248-8b79e003a2fa,f2856ae5-c561-5f69-8db8-0495481bb2b0,df95865e-cb15-5533-8142-18974189268d,71e540b8-4344-5659-8984-1e9044bdb230,31,present,dfb065b7-3d6a-5b09-a264-a62ac71acb6b,2026-03-20T10:00:00Z
9633884f-8db9-5602-92e0-0bf02fd4ff7c,f2856ae5-c561-5f69-8db8-0495481bb2b0,4e87f718-cced-5ef4-9110-a5def96302d4,71e540b8-4344-5659-8984-1e9044bdb230,75,present,dfb065b7-3d6a-5b09-a264-a62ac71acb6b,2026-03-20T10:00:00Z
36ce2e5e-42c8-5f8b-a19a-9cb16f83834a,f2856ae5-c561-5f69-8db8-0495481bb2b0,d4c573c9-9516-5007-8a81-0096da58e8d7,71e540b8-4344-5659-8984-1e9044bdb230,16,present,72fa82de-09c5-522c-bbba-f0a09021a696,2026-03-20T10:00:00Z
e102f40b-4952-5996-a7f8-d0600d583897,f2856ae5-c561-5f69-8db8-0495481bb2b0,3c0fbac4-1d38-5ca3-b07f-0eb5e7e7b624,71e540b8-4344-5659-8984-1e9044bdb230,29,present,72fa82de-09c5-522c-bbba-f0a09021a696,2026-03-20T10:00:00Z
7dfe90e0-3eae-51c2-9a45-c0e3f6f3e752,f2856ae5-c561-5f69-8db8-0495481bb2b0,26f8358c-095f-5100-8743-d9100e6c56cd,71e540b8-4344-5659-8984-1e9044bdb230,66,present,72fa82de-09c5-522c-bbba-f0a09021a696,2026-03-20T10:00:00Z
1fd3156b-094c-5e7f-ad99-bb9c517dab1c,f2856ae5-c561-5f69-8db8-0495481bb2b0,57117c31-0f8d-5b15-9b53-21904541548f,71e540b8-4344-5659-8984-1e9044bdb230,14,present,dfb065b7-3d6a-5b09-a264-a62ac71acb6b,2026-03-20T10:00:00Z
84575d8d-19ee-5eb3-8e76-449677bf08c4,f2856ae5-c561-5f69-8db8-0495481bb2b0,6c47887d-2b49-59e3-9476-b298e732f480,71e540b8-4344-5659-8984-1e9044bdb230,24,present,dfb065b7-3d6a-5b09-a264-a62ac71acb6b,2026-03-20T10:00:00Z
baeadfc1-6df3-542a-a6df-e63f2ec0a020,f2856ae5-c561-5f69-8db8-0495481bb2b0,40c7a83c-13f0-5cf4-bc1d-42837ca753e4,71e540b8-4344-5659-8984-1e9044bdb230,55,present,dfb065b7-3d6a-5b09-a264-a62ac71acb6b,2026-03-20T10:00:00Z
0c797184-5a9a-5e0e-9c23-0ffc5891255c,f2856ae5-c561-5f69-8db8-0495481bb2b0,014be054-e1ad-5a3b-a302-ddbc3e7641db,4c37db26-a0df-549d-94f3-78bc7eb20055,20,present,dfb065b7-3d6a-5b09-a264-a62ac71acb6b,2026-03-20T10:00:00Z
9a951fcf-832a-59fe-8f6b-6a62d1cc4f1b,f2856ae5-c561-5f69-8db8-0495481bb2b0,6a9f09b7-c1a5-5ab6-8212-0eecd4d89a88,4c37db26-a0df-549d-94f3-78bc7eb20055,30,present,dfb065b7-3d6a-5b09-a264-a62ac71acb6b,2026-03-20T10:00:00Z
2036525d-5553-5a16-95d8-7ba7f870764e,f2856ae5-c561-5f69-8db8-0495481bb2b0,35edb502-b186-5aea-b35c-e43dcd809f90,4c37db26-a0df-549d-94f3-78bc7eb20055,56,present,dfb065b7-3d6a-5b09-a264-a62ac71acb6b,2026-03-20T10:00:00Z
1e27a563-15c9-59bf-bfe6-5c8db3ec0a9e,f2856ae5-c561-5f69-8db8-0495481bb2b0,7278c3a1-2fa2-5fd0-82e9-f1189d494b2e,4c37db26-a0df-549d-94f3-78bc7eb20055,24,present,dfb065b7-3d6a-5b09-a264-a62ac71acb6b,2026-03-20T10:00:00Z
3514dc26-bb3c-56c2-8d3a-5eef87c73f76,f2856ae5-c561-5f69-8db8-0495481bb2b0,3d01b223-dec9-59ed-87d5-38df8a040f6e,4c37db26-a0df-549d-94f3-78bc7eb20055,35,present,dfb065b7-3d6a-5b09-a264-a62ac71acb6b,2026-03-20T10:00:00Z
1583522f-5bc6-5be5-a3ca-41dfa9093e38,f2856ae5-c561-5f69-8db8-0495481bb2b0,e3616fe2-682b-50bf-af30-5d111f577f6b,4c37db26-a0df-549d-94f3-78bc7eb20055,69,present,dfb065b7-3d6a-5b09-a264-a62ac71acb6b,2026-03-20T10:00:00Z
ccfef3f5-1959-5a20-9d68-5f540eb3f1ca,f2856ae5-c561-5f69-8db8-0495481bb2b0,c492d88b-3904-50d9-b930-3a0a0e8604e5,4c37db26-a0df-549d-94f3-78bc7eb20055,16,present,dfb065b7-3d6a-5b09-a264-a62ac71acb6b,2026-03-20T10:00:00Z
e301443c-23db-59db-a7f7-4250fa7f1173,f2856ae5-c561-5f69-8db8-0495481bb2b0,b1b3981d-501d-56c6-8109-f7644b2c1d39,4c37db26-a0df-549d-94f3-78bc7eb20055,28,present,dfb065b7-3d6a-5b09-a264-a62ac71acb6b,2026-03-20T10:00:00Z
fe042a45-1114-5956-bd68-bb0609579702,f2856ae5-c561-5f69-8db8-0495481bb2b0,8f9dc4e5-7e1b-569c-b17e-24e324bf6a4c,4c37db26-a0df-549d-94f3-78bc7eb20055,57,present,dfb065b7-3d6a-5b09-a264-a62ac71acb6b,2026-03-20T10:00:00Z
481209b5-ac94-5322-b04a-bb88eac0c663,f2856ae5-c561-5f69-8db8-0495481bb2b0,b9a1cc9c-6c89-5e9b-b25f-d5792ba90289,4c37db26-a0df-549d-94f3-78bc7eb20055,21,present,dfb065b7-3d6a-5b09-a264-a62ac71acb6b,2026-03-20T10:00:00Z
2fddf39e-ac7e-529a-ad8c-c3c77fa8b320,f2856ae5-c561-5f69-8db8-0495481bb2b0,315486f9-856b-56d0-8768-dd9b6fb9c094,4c37db26-a0df-549d-94f3-78bc7eb20055,40,present,dfb065b7-3d6a-5b09-a264-a62ac71acb6b,2026-03-20T10:00:00Z
7c2853b2-190e-5c21-8bec-e39d2175ef37,f2856ae5-c561-5f69-8db8-0495481bb2b0,91c66f7d-c61a-5bbd-9f91-c5355ae8c269,4c37db26-a0df-549d-94f3-78bc7eb20055,69,present,dfb065b7-3d6a-5b09-a264-a62ac71acb6b,2026-03-20T10:00:00Z
49d9ef51-a645-5c32-9ec9-7174887cb0e0,f2856ae5-c561-5f69-8db8-0495481bb2b0,8bcc2801-5ba9-50f5-8e2f-d667322d141c,4c37db26-a0df-549d-94f3-78bc7eb20055,20,present,dfb065b7-3d6a-5b09-a264-a62ac71acb6b,2026-03-20T10:00:00Z
4f192342-f920-5340-b080-9330cf5b15ba,f2856ae5-c561-5f69-8db8-0495481bb2b0,31c1b769-e855-5b85-be56-77906b2c84f9,4c37db26-a0df-549d-94f3-78bc7eb20055,32,present,dfb065b7-3d6a-5b09-a264-a62ac71acb6b,2026-03-20T10:00:00Z
e46e863c-9ce5-501b-b240-d891968da8a2,f2856ae5-c561-5f69-8db8-0495481bb2b0,5877e226-d4dd-5544-acde-fc87ab737021,4c37db26-a0df-549d-94f3-78bc7eb20055,61,present,dfb065b7-3d6a-5b09-a264-a62ac71acb6b,2026-03-20T10:00:00Z
506f9531-6058-5949-ace1-4355ec83a974,f2856ae5-c561-5f69-8db8-0495481bb2b0,5cd47ad8-2aa5-55f2-88c0-f03d78e75b1f,4c37db26-a0df-549d-94f3-78bc7eb20055,26,present,dfb065b7-3d6a-5b09-a264-a62ac71acb6b,2026-03-20T10:00:00Z
361ec67b-1521-572c-a73e-7072d521a618,f2856ae5-c561-5f69-8db8-0495481bb2b0,df95865e-cb15-5533-8142-18974189268d,4c37db26-a0df-549d-94f3-78bc7eb20055,39,present,dfb065b7-3d6a-5b09-a264-a62ac71acb6b,2026-03-20T10:00:00Z
c4b8341a-6300-51c6-a285-0d558710a8f5,f2856ae5-c561-5f69-8db8-0495481bb2b0,4e87f718-cced-5ef4-9110-a5def96302d4,4c37db26-a0df-549d-94f3-78bc7eb20055,90,present,dfb065b7-3d6a-5b09-a264-a62ac71acb6b,2026-03-20T10:00:00Z
aa61c020-d75c-5f97-a36f-aaf82c9ca6b2,f2856ae5-c561-5f69-8db8-0495481bb2b0,d4c573c9-9516-5007-8a81-0096da58e8d7,4c37db26-a0df-549d-94f3-78bc7eb20055,15,present,72fa82de-09c5-522c-bbba-f0a09021a696,2026-03-20T10:00:00Z
7484150d-ef5b-5c0a-92fd-122f079646fa,f2856ae5-c561-5f69-8db8-0495481bb2b0,3c0fbac4-1d38-5ca3-b07f-0eb5e7e7b624,4c37db26-a0df-549d-94f3-78bc7eb20055,27,present,72fa82de-09c5-522c-bbba-f0a09021a696,2026-03-20T10:00:00Z
37e758c5-4bb8-5fb9-a089-dc79d3d1f86c,f2856ae5-c561-5f69-8db8-0495481bb2b0,26f8358c-095f-5100-8743-d9100e6c56cd,4c37db26-a0df-549d-94f3-78bc7eb20055,59,present,72fa82de-09c5-522c-bbba-f0a09021a696,2026-03-20T10:00:00Z
669565a9-a13c-57c9-a08d-1e20eaf4cc3d,f2856ae5-c561-5f69-8db8-0495481bb2b0,57117c31-0f8d-5b15-9b53-21904541548f,4c37db26-a0df-549d-94f3-78bc7eb20055,17,present,dfb065b7-3d6a-5b09-a264-a62ac71acb6b,2026-03-20T10:00:00Z
d3bfbbe0-7a6f-5d6b-a5f5-f3415fddcd5c,f2856ae5-c561-5f69-8db8-0495481bb2b0,6c47887d-2b49-59e3-9476-b298e732f480,4c37db26-a0df-549d-94f3-78bc7eb20055,29,present,dfb065b7-3d6a-5b09-a264-a62ac71acb6b,2026-03-20T10:00:00Z
b24110ef-af89-5bde-8de5-4e150800348a,f2856ae5-c561-5f69-8db8-0495481bb2b0,40c7a83c-13f0-5cf4-bc1d-42837ca753e4,4c37db26-a0df-549d-94f3-78bc7eb20055,66,present,dfb065b7-3d6a-5b09-a264-a62ac71acb6b,2026-03-20T10:00:00Z
3200f563-6c4d-54c3-a8e5-981c5b96e977,f2856ae5-c561-5f69-8db8-0495481bb2b0,014be054-e1ad-5a3b-a302-ddbc3e7641db,661583d3-ba45-54fd-9621-11547d7da0ca,11,present,dfb065b7-3d6a-5b09-a264-a62ac71acb6b,2026-03-20T10:00:00Z
1c3c8f1f-c47a-5d03-86f9-df6ed30d8504,f2856ae5-c561-5f69-8db8-0495481bb2b0,6a9f09b7-c1a5-5ab6-8212-0eecd4d89a88,661583d3-ba45-54fd-9621-11547d7da0ca,22,present,dfb065b7-3d6a-5b09-a264-a62ac71acb6b,2026-03-20T10:00:00Z
1d23600e-e86b-5f8e-a897-2ab10d30e609,f2856ae5-c561-5f69-8db8-0495481bb2b0,35edb502-b186-5aea-b35c-e43dcd809f90,661583d3-ba45-54fd-9621-11547d7da0ca,38,present,dfb065b7-3d6a-5b09-a264-a62ac71acb6b,2026-03-20T10:00:00Z
ab18f04c-0271-526c-b35f-9f30acd199b1,f2856ae5-c561-5f69-8db8-0495481bb2b0,7278c3a1-2fa2-5fd0-82e9-f1189d494b2e,661583d3-ba45-54fd-9621-11547d7da0ca,13,present,dfb065b7-3d6a-5b09-a264-a62ac71acb6b,2026-03-20T10:00:00Z
e4675b54-779c-5b76-97a7-71add648f70f,f2856ae5-c561-5f69-8db8-0495481bb2b0,3d01b223-dec9-59ed-87d5-38df8a040f6e,661583d3-ba45-54fd-9621-11547d7da0ca,24,present,dfb065b7-3d6a-5b09-a264-a62ac71acb6b,2026-03-20T10:00:00Z
fd715f07-aaaa-59c2-9775-87a5a0a6326a,f2856ae5-c561-5f69-8db8-0495481bb2b0,e3616fe2-682b-50bf-af30-5d111f577f6b,661583d3-ba45-54fd-9621-11547d7da0ca,57,present,dfb065b7-3d6a-5b09-a264-a62ac71acb6b,2026-03-20T10:00:00Z
ea3e6786-8091-5969-b107-dd1dbdf294f4,f2856ae5-c561-5f69-8db8-0495481bb2b0,c492d88b-3904-50d9-b930-3a0a0e8604e5,661583d3-ba45-54fd-9621-11547d7da0ca,16,present,dfb065b7-3d6a-5b09-a264-a62ac71acb6b,2026-03-20T10:00:00Z
59c92960-c6d7-59cd-bff8-775649d4fb47,f2856ae5-c561-5f69-8db8-0495481bb2b0,b1b3981d-501d-56c6-8109-f7644b2c1d39,661583d3-ba45-54fd-9621-11547d7da0ca,28,present,dfb065b7-3d6a-5b09-a264-a62ac71acb6b,2026-03-20T10:00:00Z
823ab1c4-178f-595a-a792-778e9e2c1b2d,f2856ae5-c561-5f69-8db8-0495481bb2b0,8f9dc4e5-7e1b-569c-b17e-24e324bf6a4c,661583d3-ba45-54fd-9621-11547d7da0ca,50,present,dfb065b7-3d6a-5b09-a264-a62ac71acb6b,2026-03-20T10:00:00Z
9f5a2df6-f617-575c-ace4-3bae7ed5be9c,f2856ae5-c561-5f69-8db8-0495481bb2b0,b9a1cc9c-6c89-5e9b-b25f-d5792ba90289,661583d3-ba45-54fd-9621-11547d7da0ca,17,present,dfb065b7-3d6a-5b09-a264-a62ac71acb6b,2026-03-20T10:00:00Z
321ccb67-a1fe-5348-a542-5c41db774d38,f2856ae5-c561-5f69-8db8-0495481bb2b0,315486f9-856b-56d0-8768-dd9b6fb9c094,661583d3-ba45-54fd-9621-11547d7da0ca,30,present,dfb065b7-3d6a-5b09-a264-a62ac71acb6b,2026-03-20T10:00:00Z
8bb4d3ed-bd40-5170-88cc-f9ee57ad5cbf,f2856ae5-c561-5f69-8db8-0495481bb2b0,91c66f7d-c61a-5bbd-9f91-c5355ae8c269,661583d3-ba45-54fd-9621-11547d7da0ca,55,present,dfb065b7-3d6a-5b09-a264-a62ac71acb6b,2026-03-20T10:00:00Z
1dd52788-9fd8-5e3e-a7f3-fc9a32628f8e,f2856ae5-c561-5f69-8db8-0495481bb2b0,8bcc2801-5ba9-50f5-8e2f-d667322d141c,661583d3-ba45-54fd-9621-11547d7da0ca,12,present,dfb065b7-3d6a-5b09-a264-a62ac71acb6b,2026-03-20T10:00:00Z
2503e4d2-fcdd-5fee-9ceb-0489d9d65a73,f2856ae5-c561-5f69-8db8-0495481bb2b0,31c1b769-e855-5b85-be56-77906b2c84f9,661583d3-ba45-54fd-9621-11547d7da0ca,25,present,dfb065b7-3d6a-5b09-a264-a62ac71acb6b,2026-03-20T10:00:00Z
52e73e03-d806-5a34-ac8b-c98184f2f17d,f2856ae5-c561-5f69-8db8-0495481bb2b0,5877e226-d4dd-5544-acde-fc87ab737021,661583d3-ba45-54fd-9621-11547d7da0ca,41,present,dfb065b7-3d6a-5b09-a264-a62ac71acb6b,2026-03-20T10:00:00Z
79b2750c-5fed-5d7f-b07e-cb2c3528c046,f2856ae5-c561-5f69-8db8-0495481bb2b0,5cd47ad8-2aa5-55f2-88c0-f03d78e75b1f,661583d3-ba45-54fd-9621-11547d7da0ca,16,present,dfb065b7-3d6a-5b09-a264-a62ac71acb6b,2026-03-20T10:00:00Z
04b30ff3-c92f-584d-865d-95125182a793,f2856ae5-c561-5f69-8db8-0495481bb2b0,df95865e-cb15-5533-8142-18974189268d,661583d3-ba45-54fd-9621-11547d7da0ca,24,present,dfb065b7-3d6a-5b09-a264-a62ac71acb6b,2026-03-20T10:00:00Z
61d392ca-abe8-50aa-bcf6-36161ba2a1e4,f2856ae5-c561-5f69-8db8-0495481bb2b0,4e87f718-cced-5ef4-9110-a5def96302d4,661583d3-ba45-54fd-9621-11547d7da0ca,50,present,dfb065b7-3d6a-5b09-a264-a62ac71acb6b,2026-03-20T10:00:00Z
c68170c4-6fec-5977-8e25-b7a6f2a34313,f2856ae5-c561-5f69-8db8-0495481bb2b0,d4c573c9-9516-5007-8a81-0096da58e8d7,661583d3-ba45-54fd-9621-11547d7da0ca,21,present,72fa82de-09c5-522c-bbba-f0a09021a696,2026-03-20T10:00:00Z
563e3283-9239-5c32-a958-bc7b3cc65755,f2856ae5-c561-5f69-8db8-0495481bb2b0,3c0fbac4-1d38-5ca3-b07f-0eb5e7e7b624,661583d3-ba45-54fd-9621-11547d7da0ca,34,present,72fa82de-09c5-522c-bbba-f0a09021a696,2026-03-20T10:00:00Z
0f0271c0-5d66-51cf-b852-9d665fc915b6,f2856ae5-c561-5f69-8db8-0495481bb2b0,26f8358c-095f-5100-8743-d9100e6c56cd,661583d3-ba45-54fd-9621-11547d7da0ca,73,present,72fa82de-09c5-522c-bbba-f0a09021a696,2026-03-20T10:00:00Z
148ef463-8e64-5d37-b118-c62fb30651aa,f2856ae5-c561-5f69-8db8-0495481bb2b0,57117c31-0f8d-5b15-9b53-21904541548f,661583d3-ba45-54fd-9621-11547d7da0ca,14,present,dfb065b7-3d6a-5b09-a264-a62ac71acb6b,2026-03-20T10:00:00Z
80742bec-b86b-53fd-8469-6482e2e5cfb2,f2856ae5-c561-5f69-8db8-0495481bb2b0,6c47887d-2b49-59e3-9476-b298e732f480,661583d3-ba45-54fd-9621-11547d7da0ca,23,present,dfb065b7-3d6a-5b09-a264-a62ac71acb6b,2026-03-20T10:00:00Z
0106e61b-4c49-5e0d-a8dc-1bfdfee87d91,f2856ae5-c561-5f69-8db8-0495481bb2b0,40c7a83c-13f0-5cf4-bc1d-42837ca753e4,661583d3-ba45-54fd-9621-11547d7da0ca,48,present,dfb065b7-3d6a-5b09-a264-a62ac71acb6b,2026-03-20T10:00:00Z
a47d9f6c-6b25-5aa8-a544-f120404fc60e,f2856ae5-c561-5f69-8db8-0495481bb2b0,014be054-e1ad-5a3b-a302-ddbc3e7641db,a391c26b-04b3-50c9-9f1a-803fa67fce98,15,present,dfb065b7-3d6a-5b09-a264-a62ac71acb6b,2026-03-20T10:00:00Z
636e200c-9d55-5c50-8945-a95a70274314,f2856ae5-c561-5f69-8db8-0495481bb2b0,6a9f09b7-c1a5-5ab6-8212-0eecd4d89a88,a391c26b-04b3-50c9-9f1a-803fa67fce98,23,present,dfb065b7-3d6a-5b09-a264-a62ac71acb6b,2026-03-20T10:00:00Z
94a80447-67c4-5dce-8e78-37abdc6c97f4,f2856ae5-c561-5f69-8db8-0495481bb2b0,35edb502-b186-5aea-b35c-e43dcd809f90,a391c26b-04b3-50c9-9f1a-803fa67fce98,43,present,dfb065b7-3d6a-5b09-a264-a62ac71acb6b,2026-03-20T10:00:00Z
368ad592-681b-58dc-b644-1c74e74f98cc,f2856ae5-c561-5f69-8db8-0495481bb2b0,7278c3a1-2fa2-5fd0-82e9-f1189d494b2e,a391c26b-04b3-50c9-9f1a-803fa67fce98,13,present,dfb065b7-3d6a-5b09-a264-a62ac71acb6b,2026-03-20T10:00:00Z
559dd695-03a1-5cb1-9510-96bcfc71181d,f2856ae5-c561-5f69-8db8-0495481bb2b0,3d01b223-dec9-59ed-87d5-38df8a040f6e,a391c26b-04b3-50c9-9f1a-803fa67fce98,22,present,dfb065b7-3d6a-5b09-a264-a62ac71acb6b,2026-03-20T10:00:00Z
bd00e1e6-b824-597d-ac13-5c3157be304a,f2856ae5-c561-5f69-8db8-0495481bb2b0,e3616fe2-682b-50bf-af30-5d111f577f6b,a391c26b-04b3-50c9-9f1a-803fa67fce98,51,present,dfb065b7-3d6a-5b09-a264-a62ac71acb6b,2026-03-20T10:00:00Z
0bfc0fff-c1fb-5031-bfb8-48896945e37f,f2856ae5-c561-5f69-8db8-0495481bb2b0,c492d88b-3904-50d9-b930-3a0a0e8604e5,a391c26b-04b3-50c9-9f1a-803fa67fce98,14,present,dfb065b7-3d6a-5b09-a264-a62ac71acb6b,2026-03-20T10:00:00Z
f51d13e1-9889-5cc7-9f5e-718b5c19644f,f2856ae5-c561-5f69-8db8-0495481bb2b0,b1b3981d-501d-56c6-8109-f7644b2c1d39,a391c26b-04b3-50c9-9f1a-803fa67fce98,26,present,dfb065b7-3d6a-5b09-a264-a62ac71acb6b,2026-03-20T10:00:00Z
8685301e-b7d3-5229-8879-8df1b1349648,f2856ae5-c561-5f69-8db8-0495481bb2b0,8f9dc4e5-7e1b-569c-b17e-24e324bf6a4c,a391c26b-04b3-50c9-9f1a-803fa67fce98,47,present,dfb065b7-3d6a-5b09-a264-a62ac71acb6b,2026-03-20T10:00:00Z
67151160-30e7-51db-8525-10d1aad44943,f2856ae5-c561-5f69-8db8-0495481bb2b0,b9a1cc9c-6c89-5e9b-b25f-d5792ba90289,a391c26b-04b3-50c9-9f1a-803fa67fce98,12,present,dfb065b7-3d6a-5b09-a264-a62ac71acb6b,2026-03-20T10:00:00Z
812ff5f4-5564-5617-9ef2-dd3ac1979422,f2856ae5-c561-5f69-8db8-0495481bb2b0,315486f9-856b-56d0-8768-dd9b6fb9c094,a391c26b-04b3-50c9-9f1a-803fa67fce98,21,present,dfb065b7-3d6a-5b09-a264-a62ac71acb6b,2026-03-20T10:00:00Z
5261b524-2148-5351-9dc0-547532aa7271,f2856ae5-c561-5f69-8db8-0495481bb2b0,91c66f7d-c61a-5bbd-9f91-c5355ae8c269,a391c26b-04b3-50c9-9f1a-803fa67fce98,39,present,dfb065b7-3d6a-5b09-a264-a62ac71acb6b,2026-03-20T10:00:00Z
234ce50f-a48a-5060-835b-a6fbf9aadc4e,f2856ae5-c561-5f69-8db8-0495481bb2b0,8bcc2801-5ba9-50f5-8e2f-d667322d141c,a391c26b-04b3-50c9-9f1a-803fa67fce98,16,present,dfb065b7-3d6a-5b09-a264-a62ac71acb6b,2026-03-20T10:00:00Z
647feaa0-de94-5e09-8be0-6baca94b9b3b,f2856ae5-c561-5f69-8db8-0495481bb2b0,31c1b769-e855-5b85-be56-77906b2c84f9,a391c26b-04b3-50c9-9f1a-803fa67fce98,29,present,dfb065b7-3d6a-5b09-a264-a62ac71acb6b,2026-03-20T10:00:00Z
45cb228b-be55-5e92-b188-f1810a01a90b,f2856ae5-c561-5f69-8db8-0495481bb2b0,5877e226-d4dd-5544-acde-fc87ab737021,a391c26b-04b3-50c9-9f1a-803fa67fce98,42,present,dfb065b7-3d6a-5b09-a264-a62ac71acb6b,2026-03-20T10:00:00Z
1218eeaa-8e48-59d6-9135-ce3d152699de,f2856ae5-c561-5f69-8db8-0495481bb2b0,5cd47ad8-2aa5-55f2-88c0-f03d78e75b1f,a391c26b-04b3-50c9-9f1a-803fa67fce98,10,present,dfb065b7-3d6a-5b09-a264-a62ac71acb6b,2026-03-20T10:00:00Z
9400980c-51f9-5990-b324-847942e4f4c3,f2856ae5-c561-5f69-8db8-0495481bb2b0,df95865e-cb15-5533-8142-18974189268d,a391c26b-04b3-50c9-9f1a-803fa67fce98,18,present,dfb065b7-3d6a-5b09-a264-a62ac71acb6b,2026-03-20T10:00:00Z
c0fb326f-6eb3-58c6-8780-3daf297c23d9,f2856ae5-c561-5f69-8db8-0495481bb2b0,4e87f718-cced-5ef4-9110-a5def96302d4,a391c26b-04b3-50c9-9f1a-803fa67fce98,40,present,dfb065b7-3d6a-5b09-a264-a62ac71acb6b,2026-03-20T10:00:00Z
e35510b7-45f6-526e-9fd1-4df48d4774ec,f2856ae5-c561-5f69-8db8-0495481bb2b0,d4c573c9-9516-5007-8a81-0096da58e8d7,a391c26b-04b3-50c9-9f1a-803fa67fce98,6,present,72fa82de-09c5-522c-bbba-f0a09021a696,2026-03-20T10:00:00Z
69df88db-8cc5-5a4a-8432-3de24161e55b,f2856ae5-c561-5f69-8db8-0495481bb2b0,3c0fbac4-1d38-5ca3-b07f-0eb5e7e7b624,a391c26b-04b3-50c9-9f1a-803fa67fce98,14,present,72fa82de-09c5-522c-bbba-f0a09021a696,2026-03-20T10:00:00Z
f86367da-9a87-5ce0-9d00-ebd5f84eedb6,f2856ae5-c561-5f69-8db8-0495481bb2b0,26f8358c-095f-5100-8743-d9100e6c56cd,a391c26b-04b3-50c9-9f1a-803fa67fce98,33,present,72fa82de-09c5-522c-bbba-f0a09021a696,2026-03-20T10:00:00Z
f511afae-54e1-532f-adab-ba2c95b9c663,f2856ae5-c561-5f69-8db8-0495481bb2b0,57117c31-0f8d-5b15-9b53-21904541548f,a391c26b-04b3-50c9-9f1a-803fa67fce98,15,present,dfb065b7-3d6a-5b09-a264-a62ac71acb6b,2026-03-20T10:00:00Z
0349efe1-99b0-5344-9fbd-001c882df4d9,f2856ae5-c561-5f69-8db8-0495481bb2b0,6c47887d-2b49-59e3-9476-b298e732f480,a391c26b-04b3-50c9-9f1a-803fa67fce98,21,present,dfb065b7-3d6a-5b09-a264-a62ac71acb6b,2026-03-20T10:00:00Z
76607ae5-90f0-50c6-b61d-767d8d5e5463,f2856ae5-c561-5f69-8db8-0495481bb2b0,40c7a83c-13f0-5cf4-bc1d-42837ca753e4,a391c26b-04b3-50c9-9f1a-803fa67fce98,32,present,dfb065b7-3d6a-5b09-a264-a62ac71acb6b,2026-03-20T10:00:00Z
90e35835-1ecf-5861-b58c-f20fdda3c3f9,f2856ae5-c561-5f69-8db8-0495481bb2b0,014be054-e1ad-5a3b-a302-ddbc3e7641db,f256f11a-5c3c-5831-aeb6-65296da6c74c,25,present,dfb065b7-3d6a-5b09-a264-a62ac71acb6b,2026-03-20T10:00:00Z
ea211b1c-cdcc-5731-a087-30979cf2efad,f2856ae5-c561-5f69-8db8-0495481bb2b0,6a9f09b7-c1a5-5ab6-8212-0eecd4d89a88,f256f11a-5c3c-5831-aeb6-65296da6c74c,40,present,dfb065b7-3d6a-5b09-a264-a62ac71acb6b,2026-03-20T10:00:00Z
1f83bc45-1add-5903-9e62-72e8c5bd4cdf,f2856ae5-c561-5f69-8db8-0495481bb2b0,35edb502-b186-5aea-b35c-e43dcd809f90,f256f11a-5c3c-5831-aeb6-65296da6c74c,79,present,dfb065b7-3d6a-5b09-a264-a62ac71acb6b,2026-03-20T10:00:00Z
d86510bf-990e-5684-84d4-82e8450ac579,f2856ae5-c561-5f69-8db8-0495481bb2b0,7278c3a1-2fa2-5fd0-82e9-f1189d494b2e,f256f11a-5c3c-5831-aeb6-65296da6c74c,29,present,dfb065b7-3d6a-5b09-a264-a62ac71acb6b,2026-03-20T10:00:00Z
7ad6d2e1-e5df-52ee-b7aa-816c9b05fd73,f2856ae5-c561-5f69-8db8-0495481bb2b0,3d01b223-dec9-59ed-87d5-38df8a040f6e,f256f11a-5c3c-5831-aeb6-65296da6c74c,44,present,dfb065b7-3d6a-5b09-a264-a62ac71acb6b,2026-03-20T10:00:00Z
dc0637a7-18bf-5a86-893a-b8041cc332e3,f2856ae5-c561-5f69-8db8-0495481bb2b0,e3616fe2-682b-50bf-af30-5d111f577f6b,f256f11a-5c3c-5831-aeb6-65296da6c74c,91,present,dfb065b7-3d6a-5b09-a264-a62ac71acb6b,2026-03-20T10:00:00Z
72642286-fabb-5490-beb6-bcfef93f60be,f2856ae5-c561-5f69-8db8-0495481bb2b0,c492d88b-3904-50d9-b930-3a0a0e8604e5,f256f11a-5c3c-5831-aeb6-65296da6c74c,22,present,dfb065b7-3d6a-5b09-a264-a62ac71acb6b,2026-03-20T10:00:00Z
836ba96a-a028-5807-ad15-aaacffbf1516,f2856ae5-c561-5f69-8db8-0495481bb2b0,b1b3981d-501d-56c6-8109-f7644b2c1d39,f256f11a-5c3c-5831-aeb6-65296da6c74c,33,present,dfb065b7-3d6a-5b09-a264-a62ac71acb6b,2026-03-20T10:00:00Z
af37c3e9-df3f-5c5f-a66e-3ee19d0a5f9e,f2856ae5-c561-5f69-8db8-0495481bb2b0,8f9dc4e5-7e1b-569c-b17e-24e324bf6a4c,f256f11a-5c3c-5831-aeb6-65296da6c74c,73,present,dfb065b7-3d6a-5b09-a264-a62ac71acb6b,2026-03-20T10:00:00Z
502e8ba0-2b00-5630-ad3a-9405af6bdc37,f2856ae5-c561-5f69-8db8-0495481bb2b0,b9a1cc9c-6c89-5e9b-b25f-d5792ba90289,f256f11a-5c3c-5831-aeb6-65296da6c74c,26,present,dfb065b7-3d6a-5b09-a264-a62ac71acb6b,2026-03-20T10:00:00Z
9ba7979f-4fa1-5ce3-9036-0370f73f52dd,f2856ae5-c561-5f69-8db8-0495481bb2b0,315486f9-856b-56d0-8768-dd9b6fb9c094,f256f11a-5c3c-5831-aeb6-65296da6c74c,41,present,dfb065b7-3d6a-5b09-a264-a62ac71acb6b,2026-03-20T10:00:00Z
94a9b7ae-14ae-50df-9150-466cc6b7aff1,f2856ae5-c561-5f69-8db8-0495481bb2b0,91c66f7d-c61a-5bbd-9f91-c5355ae8c269,f256f11a-5c3c-5831-aeb6-65296da6c74c,79,present,dfb065b7-3d6a-5b09-a264-a62ac71acb6b,2026-03-20T10:00:00Z
6035ee5f-5007-503c-97ed-355496f48058,f2856ae5-c561-5f69-8db8-0495481bb2b0,8bcc2801-5ba9-50f5-8e2f-d667322d141c,f256f11a-5c3c-5831-aeb6-65296da6c74c,20,present,dfb065b7-3d6a-5b09-a264-a62ac71acb6b,2026-03-20T10:00:00Z
c8c8449b-8ffc-5bc3-becc-f7ad46cceb14,f2856ae5-c561-5f69-8db8-0495481bb2b0,31c1b769-e855-5b85-be56-77906b2c84f9,f256f11a-5c3c-5831-aeb6-65296da6c74c,35,present,dfb065b7-3d6a-5b09-a264-a62ac71acb6b,2026-03-20T10:00:00Z
85a6135f-e40b-5fbe-b7b2-0364c6b43b0b,f2856ae5-c561-5f69-8db8-0495481bb2b0,5877e226-d4dd-5544-acde-fc87ab737021,f256f11a-5c3c-5831-aeb6-65296da6c74c,75,present,dfb065b7-3d6a-5b09-a264-a62ac71acb6b,2026-03-20T10:00:00Z
ac5f2f80-93be-5390-8bb4-1736e9a0578e,f2856ae5-c561-5f69-8db8-0495481bb2b0,5cd47ad8-2aa5-55f2-88c0-f03d78e75b1f,f256f11a-5c3c-5831-aeb6-65296da6c74c,29,present,dfb065b7-3d6a-5b09-a264-a62ac71acb6b,2026-03-20T10:00:00Z
0c774851-4f18-52c0-b0e2-0b249c2d4d21,f2856ae5-c561-5f69-8db8-0495481bb2b0,df95865e-cb15-5533-8142-18974189268d,f256f11a-5c3c-5831-aeb6-65296da6c74c,50,present,dfb065b7-3d6a-5b09-a264-a62ac71acb6b,2026-03-20T10:00:00Z
a0552521-8b84-5bef-b0fb-36e55e15a1d7,f2856ae5-c561-5f69-8db8-0495481bb2b0,4e87f718-cced-5ef4-9110-a5def96302d4,f256f11a-5c3c-5831-aeb6-65296da6c74c,89,present,dfb065b7-3d6a-5b09-a264-a62ac71acb6b,2026-03-20T10:00:00Z
3af78485-4d49-54f3-a675-a9018c784e2d,f2856ae5-c561-5f69-8db8-0495481bb2b0,d4c573c9-9516-5007-8a81-0096da58e8d7,f256f11a-5c3c-5831-aeb6-65296da6c74c,23,present,72fa82de-09c5-522c-bbba-f0a09021a696,2026-03-20T10:00:00Z
fbdaac4a-ae88-5606-a6e9-d9b05ba9fee2,f2856ae5-c561-5f69-8db8-0495481bb2b0,3c0fbac4-1d38-5ca3-b07f-0eb5e7e7b624,f256f11a-5c3c-5831-aeb6-65296da6c74c,37,present,72fa82de-09c5-522c-bbba-f0a09021a696,2026-03-20T10:00:00Z
a8495743-21d2-505c-9146-40788341bd13,f2856ae5-c561-5f69-8db8-0495481bb2b0,26f8358c-095f-5100-8743-d9100e6c56cd,f256f11a-5c3c-5831-aeb6-65296da6c74c,78,present,72fa82de-09c5-522c-bbba-f0a09021a696,2026-03-20T10:00:00Z
c73c2f62-70e7-50ec-bc44-d6d6c5e84c42,f2856ae5-c561-5f69-8db8-0495481bb2b0,57117c31-0f8d-5b15-9b53-21904541548f,f256f11a-5c3c-5831-aeb6-65296da6c74c,25,present,dfb065b7-3d6a-5b09-a264-a62ac71acb6b,2026-03-20T10:00:00Z
b7846990-f615-53c3-8f52-8b8cd68ed57a,f2856ae5-c561-5f69-8db8-0495481bb2b0,6c47887d-2b49-59e3-9476-b298e732f480,f256f11a-5c3c-5831-aeb6-65296da6c74c,37,present,dfb065b7-3d6a-5b09-a264-a62ac71acb6b,2026-03-20T10:00:00Z
cdc64f5d-6616-5158-9c9b-00df4ef75f7c,f2856ae5-c561-5f69-8db8-0495481bb2b0,40c7a83c-13f0-5cf4-bc1d-42837ca753e4,f256f11a-5c3c-5831-aeb6-65296da6c74c,80,present,dfb065b7-3d6a-5b09-a264-a62ac71acb6b,2026-03-20T10:00:00Z
50943d59-4157-5e38-8682-f5b45f5a3d5e,f2856ae5-c561-5f69-8db8-0495481bb2b0,014be054-e1ad-5a3b-a302-ddbc3e7641db,7e85c9cb-6d82-5446-975b-03413d4d6799,17,present,dfb065b7-3d6a-5b09-a264-a62ac71acb6b,2026-03-20T10:00:00Z
516381f5-1474-59bf-b27a-1ebcdd9f8fb4,f2856ae5-c561-5f69-8db8-0495481bb2b0,6a9f09b7-c1a5-5ab6-8212-0eecd4d89a88,7e85c9cb-6d82-5446-975b-03413d4d6799,32,present,dfb065b7-3d6a-5b09-a264-a62ac71acb6b,2026-03-20T10:00:00Z
ab9f7cbc-6ce5-5205-8290-9180a8d7ed36,f2856ae5-c561-5f69-8db8-0495481bb2b0,35edb502-b186-5aea-b35c-e43dcd809f90,7e85c9cb-6d82-5446-975b-03413d4d6799,53,present,dfb065b7-3d6a-5b09-a264-a62ac71acb6b,2026-03-20T10:00:00Z
aca39796-a0ff-5581-8c99-0696b15edd74,f2856ae5-c561-5f69-8db8-0495481bb2b0,7278c3a1-2fa2-5fd0-82e9-f1189d494b2e,7e85c9cb-6d82-5446-975b-03413d4d6799,20,present,dfb065b7-3d6a-5b09-a264-a62ac71acb6b,2026-03-20T10:00:00Z
a4594f68-cf31-532a-839f-636eb3054083,f2856ae5-c561-5f69-8db8-0495481bb2b0,3d01b223-dec9-59ed-87d5-38df8a040f6e,7e85c9cb-6d82-5446-975b-03413d4d6799,28,present,dfb065b7-3d6a-5b09-a264-a62ac71acb6b,2026-03-20T10:00:00Z
bb78e10e-54cf-5acf-b809-6a204f8c12b1,f2856ae5-c561-5f69-8db8-0495481bb2b0,e3616fe2-682b-50bf-af30-5d111f577f6b,7e85c9cb-6d82-5446-975b-03413d4d6799,62,present,dfb065b7-3d6a-5b09-a264-a62ac71acb6b,2026-03-20T10:00:00Z
7032aeb3-6a4d-5769-99ba-6f6801c471d5,f2856ae5-c561-5f69-8db8-0495481bb2b0,c492d88b-3904-50d9-b930-3a0a0e8604e5,7e85c9cb-6d82-5446-975b-03413d4d6799,21,present,dfb065b7-3d6a-5b09-a264-a62ac71acb6b,2026-03-20T10:00:00Z
48adab0c-bff6-556c-b85a-c7369dc68503,f2856ae5-c561-5f69-8db8-0495481bb2b0,b1b3981d-501d-56c6-8109-f7644b2c1d39,7e85c9cb-6d82-5446-975b-03413d4d6799,30,present,dfb065b7-3d6a-5b09-a264-a62ac71acb6b,2026-03-20T10:00:00Z
3b64faf5-24ae-501c-b820-35f697aa4263,f2856ae5-c561-5f69-8db8-0495481bb2b0,8f9dc4e5-7e1b-569c-b17e-24e324bf6a4c,7e85c9cb-6d82-5446-975b-03413d4d6799,63,present,dfb065b7-3d6a-5b09-a264-a62ac71acb6b,2026-03-20T10:00:00Z
d9ee3ba4-e9da-5692-b6df-08e245fa1e7b,f2856ae5-c561-5f69-8db8-0495481bb2b0,b9a1cc9c-6c89-5e9b-b25f-d5792ba90289,7e85c9cb-6d82-5446-975b-03413d4d6799,21,present,dfb065b7-3d6a-5b09-a264-a62ac71acb6b,2026-03-20T10:00:00Z
3ca5471a-07d4-5b82-995c-99b67967a19f,f2856ae5-c561-5f69-8db8-0495481bb2b0,315486f9-856b-56d0-8768-dd9b6fb9c094,7e85c9cb-6d82-5446-975b-03413d4d6799,32,present,dfb065b7-3d6a-5b09-a264-a62ac71acb6b,2026-03-20T10:00:00Z
bd7d93ec-9379-5ae2-888e-c676dec935be,f2856ae5-c561-5f69-8db8-0495481bb2b0,91c66f7d-c61a-5bbd-9f91-c5355ae8c269,7e85c9cb-6d82-5446-975b-03413d4d6799,68,present,dfb065b7-3d6a-5b09-a264-a62ac71acb6b,2026-03-20T10:00:00Z
2c51cb4a-1a2d-5d2e-a65b-891e4ad8dbea,f2856ae5-c561-5f69-8db8-0495481bb2b0,8bcc2801-5ba9-50f5-8e2f-d667322d141c,7e85c9cb-6d82-5446-975b-03413d4d6799,18,present,dfb065b7-3d6a-5b09-a264-a62ac71acb6b,2026-03-20T10:00:00Z
8d2fc5d2-8a07-539e-8ed7-791817f5e1c0,f2856ae5-c561-5f69-8db8-0495481bb2b0,31c1b769-e855-5b85-be56-77906b2c84f9,7e85c9cb-6d82-5446-975b-03413d4d6799,33,present,dfb065b7-3d6a-5b09-a264-a62ac71acb6b,2026-03-20T10:00:00Z
dd71e25d-4c95-5a8e-9f74-c8af64c77ba4,f2856ae5-c561-5f69-8db8-0495481bb2b0,5877e226-d4dd-5544-acde-fc87ab737021,7e85c9cb-6d82-5446-975b-03413d4d6799,63,present,dfb065b7-3d6a-5b09-a264-a62ac71acb6b,2026-03-20T10:00:00Z
5ccc3463-4730-5afa-b3a3-0238fedcfcb6,f2856ae5-c561-5f69-8db8-0495481bb2b0,5cd47ad8-2aa5-55f2-88c0-f03d78e75b1f,7e85c9cb-6d82-5446-975b-03413d4d6799,15,present,dfb065b7-3d6a-5b09-a264-a62ac71acb6b,2026-03-20T10:00:00Z
7dd9e083-01ff-5a4c-bc7f-a832cbc4a247,f2856ae5-c561-5f69-8db8-0495481bb2b0,df95865e-cb15-5533-8142-18974189268d,7e85c9cb-6d82-5446-975b-03413d4d6799,22,present,dfb065b7-3d6a-5b09-a264-a62ac71acb6b,2026-03-20T10:00:00Z
5b76e68e-1f5f-5cf8-be6b-b0585287542d,f2856ae5-c561-5f69-8db8-0495481bb2b0,4e87f718-cced-5ef4-9110-a5def96302d4,7e85c9cb-6d82-5446-975b-03413d4d6799,45,present,dfb065b7-3d6a-5b09-a264-a62ac71acb6b,2026-03-20T10:00:00Z
3a0da08c-54a4-5fdc-82f5-13790bc715a1,f2856ae5-c561-5f69-8db8-0495481bb2b0,d4c573c9-9516-5007-8a81-0096da58e8d7,7e85c9cb-6d82-5446-975b-03413d4d6799,17,present,72fa82de-09c5-522c-bbba-f0a09021a696,2026-03-20T10:00:00Z
4f1f83f0-6610-5975-b91f-119248585f5a,f2856ae5-c561-5f69-8db8-0495481bb2b0,3c0fbac4-1d38-5ca3-b07f-0eb5e7e7b624,7e85c9cb-6d82-5446-975b-03413d4d6799,30,present,72fa82de-09c5-522c-bbba-f0a09021a696,2026-03-20T10:00:00Z
b73cd77a-93bf-5a34-bd0c-e4e371d3c749,f2856ae5-c561-5f69-8db8-0495481bb2b0,26f8358c-095f-5100-8743-d9100e6c56cd,7e85c9cb-6d82-5446-975b-03413d4d6799,56,present,72fa82de-09c5-522c-bbba-f0a09021a696,2026-03-20T10:00:00Z
68f13a61-c4f7-5538-a5f9-0c81abd9f87b,f2856ae5-c561-5f69-8db8-0495481bb2b0,57117c31-0f8d-5b15-9b53-21904541548f,7e85c9cb-6d82-5446-975b-03413d4d6799,20,present,dfb065b7-3d6a-5b09-a264-a62ac71acb6b,2026-03-20T10:00:00Z
6cc89da8-d754-5321-a29f-b219c9ae2450,f2856ae5-c561-5f69-8db8-0495481bb2b0,6c47887d-2b49-59e3-9476-b298e732f480,7e85c9cb-6d82-5446-975b-03413d4d6799,28,present,dfb065b7-3d6a-5b09-a264-a62ac71acb6b,2026-03-20T10:00:00Z
68b5951e-c639-54fc-b3da-c30e853bdc16,f2856ae5-c561-5f69-8db8-0495481bb2b0,40c7a83c-13f0-5cf4-bc1d-42837ca753e4,7e85c9cb-6d82-5446-975b-03413d4d6799,57,present,dfb065b7-3d6a-5b09-a264-a62ac71acb6b,2026-03-20T10:00:00Z
007a5a83-1c6e-588c-b3e1-679b366e40b1,f2856ae5-c561-5f69-8db8-0495481bb2b0,014be054-e1ad-5a3b-a302-ddbc3e7641db,c6f197b8-e3e4-5f8d-a71e-af7b137b88a2,17,present,dfb065b7-3d6a-5b09-a264-a62ac71acb6b,2026-03-20T10:00:00Z
f13043df-ce86-57ed-a708-4e7b3a7a6236,f2856ae5-c561-5f69-8db8-0495481bb2b0,6a9f09b7-c1a5-5ab6-8212-0eecd4d89a88,c6f197b8-e3e4-5f8d-a71e-af7b137b88a2,32,present,dfb065b7-3d6a-5b09-a264-a62ac71acb6b,2026-03-20T10:00:00Z
07ad44b5-fbee-529c-b405-ba166c65572a,f2856ae5-c561-5f69-8db8-0495481bb2b0,35edb502-b186-5aea-b35c-e43dcd809f90,c6f197b8-e3e4-5f8d-a71e-af7b137b88a2,62,present,dfb065b7-3d6a-5b09-a264-a62ac71acb6b,2026-03-20T10:00:00Z
e3884b75-9fd7-547d-ab7d-237bb9589ed1,f2856ae5-c561-5f69-8db8-0495481bb2b0,7278c3a1-2fa2-5fd0-82e9-f1189d494b2e,c6f197b8-e3e4-5f8d-a71e-af7b137b88a2,16,present,dfb065b7-3d6a-5b09-a264-a62ac71acb6b,2026-03-20T10:00:00Z
52fd496f-4799-555a-b357-2e0f3898da36,f2856ae5-c561-5f69-8db8-0495481bb2b0,3d01b223-dec9-59ed-87d5-38df8a040f6e,c6f197b8-e3e4-5f8d-a71e-af7b137b88a2,28,present,dfb065b7-3d6a-5b09-a264-a62ac71acb6b,2026-03-20T10:00:00Z
04b7f1c2-275c-5d16-9890-4b67ed0ac6dc,f2856ae5-c561-5f69-8db8-0495481bb2b0,e3616fe2-682b-50bf-af30-5d111f577f6b,c6f197b8-e3e4-5f8d-a71e-af7b137b88a2,60,present,dfb065b7-3d6a-5b09-a264-a62ac71acb6b,2026-03-20T10:00:00Z
44a858a9-1527-582e-8e5a-f793c34bc575,f2856ae5-c561-5f69-8db8-0495481bb2b0,c492d88b-3904-50d9-b930-3a0a0e8604e5,c6f197b8-e3e4-5f8d-a71e-af7b137b88a2,16,present,dfb065b7-3d6a-5b09-a264-a62ac71acb6b,2026-03-20T10:00:00Z
004db961-e4c5-5d54-b2f6-4957aa3a9588,f2856ae5-c561-5f69-8db8-0495481bb2b0,b1b3981d-501d-56c6-8109-f7644b2c1d39,c6f197b8-e3e4-5f8d-a71e-af7b137b88a2,24,present,dfb065b7-3d6a-5b09-a264-a62ac71acb6b,2026-03-20T10:00:00Z
1c199faf-87c7-582b-b296-36193bea74c0,f2856ae5-c561-5f69-8db8-0495481bb2b0,8f9dc4e5-7e1b-569c-b17e-24e324bf6a4c,c6f197b8-e3e4-5f8d-a71e-af7b137b88a2,58,present,dfb065b7-3d6a-5b09-a264-a62ac71acb6b,2026-03-20T10:00:00Z
272fb732-2792-5ef5-8d9a-901c1f161196,f2856ae5-c561-5f69-8db8-0495481bb2b0,b9a1cc9c-6c89-5e9b-b25f-d5792ba90289,c6f197b8-e3e4-5f8d-a71e-af7b137b88a2,19,present,dfb065b7-3d6a-5b09-a264-a62ac71acb6b,2026-03-20T10:00:00Z
60355ab2-8d9d-5718-ac8f-80a684414568,f2856ae5-c561-5f69-8db8-0495481bb2b0,315486f9-856b-56d0-8768-dd9b6fb9c094,c6f197b8-e3e4-5f8d-a71e-af7b137b88a2,28,present,dfb065b7-3d6a-5b09-a264-a62ac71acb6b,2026-03-20T10:00:00Z
c64db717-6c9a-53b3-99f5-e8217aa2e3f9,f2856ae5-c561-5f69-8db8-0495481bb2b0,91c66f7d-c61a-5bbd-9f91-c5355ae8c269,c6f197b8-e3e4-5f8d-a71e-af7b137b88a2,71,present,dfb065b7-3d6a-5b09-a264-a62ac71acb6b,2026-03-20T10:00:00Z
6c31da3d-16cb-5020-b2d4-0711e7ae1f9b,f2856ae5-c561-5f69-8db8-0495481bb2b0,8bcc2801-5ba9-50f5-8e2f-d667322d141c,c6f197b8-e3e4-5f8d-a71e-af7b137b88a2,17,present,dfb065b7-3d6a-5b09-a264-a62ac71acb6b,2026-03-20T10:00:00Z
e0abed1b-85f3-5840-aac8-d7a1b0fd883b,f2856ae5-c561-5f69-8db8-0495481bb2b0,31c1b769-e855-5b85-be56-77906b2c84f9,c6f197b8-e3e4-5f8d-a71e-af7b137b88a2,32,present,dfb065b7-3d6a-5b09-a264-a62ac71acb6b,2026-03-20T10:00:00Z
2a7f47bc-53af-531e-905d-5f7e02ca2974,f2856ae5-c561-5f69-8db8-0495481bb2b0,5877e226-d4dd-5544-acde-fc87ab737021,c6f197b8-e3e4-5f8d-a71e-af7b137b88a2,61,present,dfb065b7-3d6a-5b09-a264-a62ac71acb6b,2026-03-20T10:00:00Z
a2d78e0c-015a-5a83-bc8c-85178fa773e4,f2856ae5-c561-5f69-8db8-0495481bb2b0,5cd47ad8-2aa5-55f2-88c0-f03d78e75b1f,c6f197b8-e3e4-5f8d-a71e-af7b137b88a2,17,present,dfb065b7-3d6a-5b09-a264-a62ac71acb6b,2026-03-20T10:00:00Z
0ec28129-3c92-5dea-9970-27cf127a078f,f2856ae5-c561-5f69-8db8-0495481bb2b0,df95865e-cb15-5533-8142-18974189268d,c6f197b8-e3e4-5f8d-a71e-af7b137b88a2,30,present,dfb065b7-3d6a-5b09-a264-a62ac71acb6b,2026-03-20T10:00:00Z
ac1eb8ee-b869-588d-84c4-4877a9eee67d,f2856ae5-c561-5f69-8db8-0495481bb2b0,4e87f718-cced-5ef4-9110-a5def96302d4,c6f197b8-e3e4-5f8d-a71e-af7b137b88a2,65,present,dfb065b7-3d6a-5b09-a264-a62ac71acb6b,2026-03-20T10:00:00Z
066871ae-e619-5916-83c8-2e6d11e15c69,f2856ae5-c561-5f69-8db8-0495481bb2b0,d4c573c9-9516-5007-8a81-0096da58e8d7,c6f197b8-e3e4-5f8d-a71e-af7b137b88a2,18,present,72fa82de-09c5-522c-bbba-f0a09021a696,2026-03-20T10:00:00Z
e26969dc-6137-57ed-88b8-9473284a38aa,f2856ae5-c561-5f69-8db8-0495481bb2b0,3c0fbac4-1d38-5ca3-b07f-0eb5e7e7b624,c6f197b8-e3e4-5f8d-a71e-af7b137b88a2,29,present,72fa82de-09c5-522c-bbba-f0a09021a696,2026-03-20T10:00:00Z
a78e5c6a-6c08-5b05-9702-5d52401dedeb,f2856ae5-c561-5f69-8db8-0495481bb2b0,26f8358c-095f-5100-8743-d9100e6c56cd,c6f197b8-e3e4-5f8d-a71e-af7b137b88a2,46,present,72fa82de-09c5-522c-bbba-f0a09021a696,2026-03-20T10:00:00Z
5d0794f7-6a85-542a-a306-d67deb67a57a,f2856ae5-c561-5f69-8db8-0495481bb2b0,57117c31-0f8d-5b15-9b53-21904541548f,c6f197b8-e3e4-5f8d-a71e-af7b137b88a2,20,present,dfb065b7-3d6a-5b09-a264-a62ac71acb6b,2026-03-20T10:00:00Z
11eda55c-e212-57f1-a339-79ef6e6a7648,f2856ae5-c561-5f69-8db8-0495481bb2b0,6c47887d-2b49-59e3-9476-b298e732f480,c6f197b8-e3e4-5f8d-a71e-af7b137b88a2,35,present,dfb065b7-3d6a-5b09-a264-a62ac71acb6b,2026-03-20T10:00:00Z
8ae586b4-39de-5c89-8e11-4a01234ae413,f2856ae5-c561-5f69-8db8-0495481bb2b0,40c7a83c-13f0-5cf4-bc1d-42837ca753e4,c6f197b8-e3e4-5f8d-a71e-af7b137b88a2,66,present,dfb065b7-3d6a-5b09-a264-a62ac71acb6b,2026-03-20T10:00:00Z
301f651b-1302-5f43-bcd1-3c67d62b1635,f2856ae5-c561-5f69-8db8-0495481bb2b0,f3a4fd64-e945-5bdc-9c80-cfbc113fb307,36b4d88e-d13c-56ce-8167-2bcfd9b7fdeb,18,present,2fcc7551-8195-5661-abb4-00763cf1253e,2026-03-20T10:00:00Z
0717ba0c-1bbf-58e1-bc15-8d9a5cebe40e,f2856ae5-c561-5f69-8db8-0495481bb2b0,a00a99f3-c137-5a92-bc77-c21c8db1b68a,36b4d88e-d13c-56ce-8167-2bcfd9b7fdeb,30,present,2fcc7551-8195-5661-abb4-00763cf1253e,2026-03-20T10:00:00Z
03421610-9026-5fcc-9192-c4d37fc24e31,f2856ae5-c561-5f69-8db8-0495481bb2b0,6f62be6a-c4c7-5e4d-9551-bd522fd4cd0b,36b4d88e-d13c-56ce-8167-2bcfd9b7fdeb,50,present,2fcc7551-8195-5661-abb4-00763cf1253e,2026-03-20T10:00:00Z
5ec7f91d-1c23-5856-870f-de525cf13714,f2856ae5-c561-5f69-8db8-0495481bb2b0,d53f2d1b-3586-5c10-bf18-501fa07fd78a,36b4d88e-d13c-56ce-8167-2bcfd9b7fdeb,17,present,2fcc7551-8195-5661-abb4-00763cf1253e,2026-03-20T10:00:00Z
b5c767ea-fe27-5bd6-b611-104bfbc75da1,f2856ae5-c561-5f69-8db8-0495481bb2b0,07c94231-74f3-547c-b434-fbb7ef9a9dfc,36b4d88e-d13c-56ce-8167-2bcfd9b7fdeb,32,present,2fcc7551-8195-5661-abb4-00763cf1253e,2026-03-20T10:00:00Z
5a6c053e-cf97-5ff5-a8fc-9c7d035c6597,f2856ae5-c561-5f69-8db8-0495481bb2b0,84df9417-5e8f-5a20-a2f7-447b492b7eb8,36b4d88e-d13c-56ce-8167-2bcfd9b7fdeb,63,present,2fcc7551-8195-5661-abb4-00763cf1253e,2026-03-20T10:00:00Z
b396d283-cd61-5ec1-adbe-46654446173e,f2856ae5-c561-5f69-8db8-0495481bb2b0,d1f7faf9-58cb-5c10-8cf5-50ea9f5e13ec,36b4d88e-d13c-56ce-8167-2bcfd9b7fdeb,14,present,2fcc7551-8195-5661-abb4-00763cf1253e,2026-03-20T10:00:00Z
c9953535-61c8-5004-9a30-c70106c614be,f2856ae5-c561-5f69-8db8-0495481bb2b0,e1ee48ce-f660-5b8d-bc29-c6cc1e12ce4a,36b4d88e-d13c-56ce-8167-2bcfd9b7fdeb,26,present,2fcc7551-8195-5661-abb4-00763cf1253e,2026-03-20T10:00:00Z
4ba2e8c3-0add-50e6-a900-ad67fd105cae,f2856ae5-c561-5f69-8db8-0495481bb2b0,090e84ad-74f5-5ce5-9a18-b539a686f048,36b4d88e-d13c-56ce-8167-2bcfd9b7fdeb,48,present,2fcc7551-8195-5661-abb4-00763cf1253e,2026-03-20T10:00:00Z
4ceaf1eb-d0d7-527f-9008-ccf5e0594f9c,f2856ae5-c561-5f69-8db8-0495481bb2b0,ef0bd7b2-fc16-5b83-9e1f-4f4cccab4b4b,36b4d88e-d13c-56ce-8167-2bcfd9b7fdeb,20,present,2fcc7551-8195-5661-abb4-00763cf1253e,2026-03-20T10:00:00Z
e23e72a7-590e-5bd9-aec5-eebbffced4ef,f2856ae5-c561-5f69-8db8-0495481bb2b0,ec838c04-6471-5751-8d4e-78fcff79701b,36b4d88e-d13c-56ce-8167-2bcfd9b7fdeb,35,present,2fcc7551-8195-5661-abb4-00763cf1253e,2026-03-20T10:00:00Z
cac0c031-3cd1-5daf-8489-452b46eb575d,f2856ae5-c561-5f69-8db8-0495481bb2b0,8bc1a04c-5e40-514a-9658-91e849689028,36b4d88e-d13c-56ce-8167-2bcfd9b7fdeb,52,present,2fcc7551-8195-5661-abb4-00763cf1253e,2026-03-20T10:00:00Z
550cfaea-f662-5cc4-86c1-c6afb5dffc3a,f2856ae5-c561-5f69-8db8-0495481bb2b0,ff25a5dc-f304-54a0-9d74-7b8a7d3d8d4d,36b4d88e-d13c-56ce-8167-2bcfd9b7fdeb,24,present,2fcc7551-8195-5661-abb4-00763cf1253e,2026-03-20T10:00:00Z
21b15aba-2052-5665-b399-52c2a81f012f,f2856ae5-c561-5f69-8db8-0495481bb2b0,142901a9-9023-50ae-8d51-45a8492ce73d,36b4d88e-d13c-56ce-8167-2bcfd9b7fdeb,36,present,2fcc7551-8195-5661-abb4-00763cf1253e,2026-03-20T10:00:00Z
b7c23a49-f830-5bda-808d-eeef924edcb8,f2856ae5-c561-5f69-8db8-0495481bb2b0,38052435-c3c4-5754-b732-411d165b43b2,36b4d88e-d13c-56ce-8167-2bcfd9b7fdeb,78,present,2fcc7551-8195-5661-abb4-00763cf1253e,2026-03-20T10:00:00Z
1c9a95dd-9e14-58a5-8fb6-5dd3745379d0,f2856ae5-c561-5f69-8db8-0495481bb2b0,793febd0-58d1-5720-974c-7fac9831b490,36b4d88e-d13c-56ce-8167-2bcfd9b7fdeb,19,present,2fcc7551-8195-5661-abb4-00763cf1253e,2026-03-20T10:00:00Z
ea8636db-0a3d-574c-9706-a42081334d9d,f2856ae5-c561-5f69-8db8-0495481bb2b0,c4311ea9-1b64-58b6-a429-68753e6f1674,36b4d88e-d13c-56ce-8167-2bcfd9b7fdeb,37,present,2fcc7551-8195-5661-abb4-00763cf1253e,2026-03-20T10:00:00Z
f715c00e-68b1-5e67-a5a3-aff713f1aa6c,f2856ae5-c561-5f69-8db8-0495481bb2b0,fb828b3c-f92e-5af6-9e12-01c0216522db,36b4d88e-d13c-56ce-8167-2bcfd9b7fdeb,65,present,2fcc7551-8195-5661-abb4-00763cf1253e,2026-03-20T10:00:00Z
86d85625-4360-5e5a-8cae-4f828db309b6,f2856ae5-c561-5f69-8db8-0495481bb2b0,5d54a41a-20ce-5ae1-b323-ba0b02304487,36b4d88e-d13c-56ce-8167-2bcfd9b7fdeb,15,present,72fa82de-09c5-522c-bbba-f0a09021a696,2026-03-20T10:00:00Z
30c78c97-517f-5116-a1fa-3bc529236019,f2856ae5-c561-5f69-8db8-0495481bb2b0,1062f271-2f67-584d-b911-e09dc2e8e83d,36b4d88e-d13c-56ce-8167-2bcfd9b7fdeb,27,present,72fa82de-09c5-522c-bbba-f0a09021a696,2026-03-20T10:00:00Z
571036ad-fb0d-5b4c-8358-3a9a71b9ce27,f2856ae5-c561-5f69-8db8-0495481bb2b0,301d296a-e6a0-56a0-9cf2-5ba2a85bfc78,36b4d88e-d13c-56ce-8167-2bcfd9b7fdeb,56,present,72fa82de-09c5-522c-bbba-f0a09021a696,2026-03-20T10:00:00Z
f4145243-8105-5792-90a2-41c9e74622fa,f2856ae5-c561-5f69-8db8-0495481bb2b0,635d0176-d1ac-5cf3-bc42-8fdbd9561903,36b4d88e-d13c-56ce-8167-2bcfd9b7fdeb,21,present,2fcc7551-8195-5661-abb4-00763cf1253e,2026-03-20T10:00:00Z
400537f0-2a0b-57d2-a6f0-dc14cacd9fff,f2856ae5-c561-5f69-8db8-0495481bb2b0,ca866ba4-0791-5dde-9473-415ea647e370,36b4d88e-d13c-56ce-8167-2bcfd9b7fdeb,27,present,2fcc7551-8195-5661-abb4-00763cf1253e,2026-03-20T10:00:00Z
9f2530c0-4c0c-507e-b07d-132e9c24f112,f2856ae5-c561-5f69-8db8-0495481bb2b0,677c9e10-2574-5731-b07b-2edaba36a83e,36b4d88e-d13c-56ce-8167-2bcfd9b7fdeb,66,present,2fcc7551-8195-5661-abb4-00763cf1253e,2026-03-20T10:00:00Z
7d06f03e-ef06-5aaa-bf56-5ce0326c3c65,f2856ae5-c561-5f69-8db8-0495481bb2b0,f3a4fd64-e945-5bdc-9c80-cfbc113fb307,9d9c681e-943e-5556-a1f8-4285cf626553,14,present,2fcc7551-8195-5661-abb4-00763cf1253e,2026-03-20T10:00:00Z
521d0d0a-57b8-5cad-9259-c3b46c457c96,f2856ae5-c561-5f69-8db8-0495481bb2b0,a00a99f3-c137-5a92-bc77-c21c8db1b68a,9d9c681e-943e-5556-a1f8-4285cf626553,22,present,2fcc7551-8195-5661-abb4-00763cf1253e,2026-03-20T10:00:00Z
6c444be5-c246-51f1-9d02-4bc4a67a16f4,f2856ae5-c561-5f69-8db8-0495481bb2b0,6f62be6a-c4c7-5e4d-9551-bd522fd4cd0b,9d9c681e-943e-5556-a1f8-4285cf626553,41,present,2fcc7551-8195-5661-abb4-00763cf1253e,2026-03-20T10:00:00Z
4a29e133-8c8a-5078-afd5-96bc26301924,f2856ae5-c561-5f69-8db8-0495481bb2b0,d53f2d1b-3586-5c10-bf18-501fa07fd78a,9d9c681e-943e-5556-a1f8-4285cf626553,11,present,2fcc7551-8195-5661-abb4-00763cf1253e,2026-03-20T10:00:00Z
1aa45125-768c-5057-9e80-531d3b0db237,f2856ae5-c561-5f69-8db8-0495481bb2b0,07c94231-74f3-547c-b434-fbb7ef9a9dfc,9d9c681e-943e-5556-a1f8-4285cf626553,17,present,2fcc7551-8195-5661-abb4-00763cf1253e,2026-03-20T10:00:00Z
761e043d-92d6-5f0f-8c53-bb2184c81220,f2856ae5-c561-5f69-8db8-0495481bb2b0,84df9417-5e8f-5a20-a2f7-447b492b7eb8,9d9c681e-943e-5556-a1f8-4285cf626553,48,present,2fcc7551-8195-5661-abb4-00763cf1253e,2026-03-20T10:00:00Z
57ac9347-923f-5136-b94a-30bf9f8b3562,f2856ae5-c561-5f69-8db8-0495481bb2b0,d1f7faf9-58cb-5c10-8cf5-50ea9f5e13ec,9d9c681e-943e-5556-a1f8-4285cf626553,14,present,2fcc7551-8195-5661-abb4-00763cf1253e,2026-03-20T10:00:00Z
47337f0b-d08e-5395-b574-a3d85fda8e69,f2856ae5-c561-5f69-8db8-0495481bb2b0,e1ee48ce-f660-5b8d-bc29-c6cc1e12ce4a,9d9c681e-943e-5556-a1f8-4285cf626553,,absent,2fcc7551-8195-5661-abb4-00763cf1253e,2026-03-20T10:00:00Z
c3b2b555-402e-5eba-846f-f7f4db3a68d0,f2856ae5-c561-5f69-8db8-0495481bb2b0,090e84ad-74f5-5ce5-9a18-b539a686f048,9d9c681e-943e-5556-a1f8-4285cf626553,32,present,2fcc7551-8195-5661-abb4-00763cf1253e,2026-03-20T10:00:00Z
420d2ab4-fe52-53ef-ae68-616cb7f1a8ae,f2856ae5-c561-5f69-8db8-0495481bb2b0,ef0bd7b2-fc16-5b83-9e1f-4f4cccab4b4b,9d9c681e-943e-5556-a1f8-4285cf626553,17,present,2fcc7551-8195-5661-abb4-00763cf1253e,2026-03-20T10:00:00Z
a66da7f0-aba4-5b06-87f3-3368460fd977,f2856ae5-c561-5f69-8db8-0495481bb2b0,ec838c04-6471-5751-8d4e-78fcff79701b,9d9c681e-943e-5556-a1f8-4285cf626553,29,present,2fcc7551-8195-5661-abb4-00763cf1253e,2026-03-20T10:00:00Z
4b7d7a10-87c6-56f3-b34a-9402a5d9c167,f2856ae5-c561-5f69-8db8-0495481bb2b0,8bc1a04c-5e40-514a-9658-91e849689028,9d9c681e-943e-5556-a1f8-4285cf626553,52,present,2fcc7551-8195-5661-abb4-00763cf1253e,2026-03-20T10:00:00Z
a1899db1-e19d-59b0-ad95-d8fc37918c84,f2856ae5-c561-5f69-8db8-0495481bb2b0,ff25a5dc-f304-54a0-9d74-7b8a7d3d8d4d,9d9c681e-943e-5556-a1f8-4285cf626553,13,present,2fcc7551-8195-5661-abb4-00763cf1253e,2026-03-20T10:00:00Z
c11ed6c8-747c-5319-8179-3c30237e010f,f2856ae5-c561-5f69-8db8-0495481bb2b0,142901a9-9023-50ae-8d51-45a8492ce73d,9d9c681e-943e-5556-a1f8-4285cf626553,26,present,2fcc7551-8195-5661-abb4-00763cf1253e,2026-03-20T10:00:00Z
b583628d-8c3c-5c94-8489-8220bdec578d,f2856ae5-c561-5f69-8db8-0495481bb2b0,38052435-c3c4-5754-b732-411d165b43b2,9d9c681e-943e-5556-a1f8-4285cf626553,46,present,2fcc7551-8195-5661-abb4-00763cf1253e,2026-03-20T10:00:00Z
ce72ac16-48b3-5b9c-8cbe-eafac42d7c89,f2856ae5-c561-5f69-8db8-0495481bb2b0,793febd0-58d1-5720-974c-7fac9831b490,9d9c681e-943e-5556-a1f8-4285cf626553,17,present,2fcc7551-8195-5661-abb4-00763cf1253e,2026-03-20T10:00:00Z
fd9f6cc3-d287-5ec6-9563-30fe0811e4ec,f2856ae5-c561-5f69-8db8-0495481bb2b0,c4311ea9-1b64-58b6-a429-68753e6f1674,9d9c681e-943e-5556-a1f8-4285cf626553,27,present,2fcc7551-8195-5661-abb4-00763cf1253e,2026-03-20T10:00:00Z
ab0e6050-d273-5a82-bf65-a9cc3313cacf,f2856ae5-c561-5f69-8db8-0495481bb2b0,fb828b3c-f92e-5af6-9e12-01c0216522db,9d9c681e-943e-5556-a1f8-4285cf626553,56,present,2fcc7551-8195-5661-abb4-00763cf1253e,2026-03-20T10:00:00Z
5cf7c862-1c38-588c-af53-f4ed957917b2,f2856ae5-c561-5f69-8db8-0495481bb2b0,5d54a41a-20ce-5ae1-b323-ba0b02304487,9d9c681e-943e-5556-a1f8-4285cf626553,13,present,72fa82de-09c5-522c-bbba-f0a09021a696,2026-03-20T10:00:00Z
40bd6bed-7dc5-598a-8521-ac1403793e3c,f2856ae5-c561-5f69-8db8-0495481bb2b0,1062f271-2f67-584d-b911-e09dc2e8e83d,9d9c681e-943e-5556-a1f8-4285cf626553,21,present,72fa82de-09c5-522c-bbba-f0a09021a696,2026-03-20T10:00:00Z
c264b0fc-2e79-5bdf-ab74-973bc4f3147f,f2856ae5-c561-5f69-8db8-0495481bb2b0,301d296a-e6a0-56a0-9cf2-5ba2a85bfc78,9d9c681e-943e-5556-a1f8-4285cf626553,37,present,72fa82de-09c5-522c-bbba-f0a09021a696,2026-03-20T10:00:00Z
f453ea4b-9f1f-5f16-931c-873d5bda9d00,f2856ae5-c561-5f69-8db8-0495481bb2b0,635d0176-d1ac-5cf3-bc42-8fdbd9561903,9d9c681e-943e-5556-a1f8-4285cf626553,18,present,2fcc7551-8195-5661-abb4-00763cf1253e,2026-03-20T10:00:00Z
d5ef2658-bf32-5753-b472-60831aef233c,f2856ae5-c561-5f69-8db8-0495481bb2b0,ca866ba4-0791-5dde-9473-415ea647e370,9d9c681e-943e-5556-a1f8-4285cf626553,18,present,2fcc7551-8195-5661-abb4-00763cf1253e,2026-03-20T10:00:00Z
a2ebe8fc-6882-5a62-9acb-9a7f80f489ae,f2856ae5-c561-5f69-8db8-0495481bb2b0,677c9e10-2574-5731-b07b-2edaba36a83e,9d9c681e-943e-5556-a1f8-4285cf626553,36,present,2fcc7551-8195-5661-abb4-00763cf1253e,2026-03-20T10:00:00Z
ad571d95-3c93-5948-8e66-7fd270669c87,f2856ae5-c561-5f69-8db8-0495481bb2b0,f3a4fd64-e945-5bdc-9c80-cfbc113fb307,c763c069-467d-50db-afbd-6af8e6ee81f2,17,present,2fcc7551-8195-5661-abb4-00763cf1253e,2026-03-20T10:00:00Z
19eddd85-b077-5c40-999a-61dacafbe816,f2856ae5-c561-5f69-8db8-0495481bb2b0,a00a99f3-c137-5a92-bc77-c21c8db1b68a,c763c069-467d-50db-afbd-6af8e6ee81f2,23,present,2fcc7551-8195-5661-abb4-00763cf1253e,2026-03-20T10:00:00Z
db2e4d58-c381-5b2a-9924-77743d15d80e,f2856ae5-c561-5f69-8db8-0495481bb2b0,6f62be6a-c4c7-5e4d-9551-bd522fd4cd0b,c763c069-467d-50db-afbd-6af8e6ee81f2,47,present,2fcc7551-8195-5661-abb4-00763cf1253e,2026-03-20T10:00:00Z
e38642f4-2814-507d-b866-5d64013f96ed,f2856ae5-c561-5f69-8db8-0495481bb2b0,d53f2d1b-3586-5c10-bf18-501fa07fd78a,c763c069-467d-50db-afbd-6af8e6ee81f2,17,present,2fcc7551-8195-5661-abb4-00763cf1253e,2026-03-20T10:00:00Z
ec6596d4-c048-5196-bbab-1117ad7b76cd,f2856ae5-c561-5f69-8db8-0495481bb2b0,07c94231-74f3-547c-b434-fbb7ef9a9dfc,c763c069-467d-50db-afbd-6af8e6ee81f2,,absent,2fcc7551-8195-5661-abb4-00763cf1253e,2026-03-20T10:00:00Z
17eb0c99-6ed5-57ca-9376-31c54f6815e5,f2856ae5-c561-5f69-8db8-0495481bb2b0,84df9417-5e8f-5a20-a2f7-447b492b7eb8,c763c069-467d-50db-afbd-6af8e6ee81f2,58,present,2fcc7551-8195-5661-abb4-00763cf1253e,2026-03-20T10:00:00Z
834b9019-4030-5056-ab21-4177911f94b4,f2856ae5-c561-5f69-8db8-0495481bb2b0,d1f7faf9-58cb-5c10-8cf5-50ea9f5e13ec,c763c069-467d-50db-afbd-6af8e6ee81f2,17,present,2fcc7551-8195-5661-abb4-00763cf1253e,2026-03-20T10:00:00Z
f0a8cd7e-520a-58c8-8f83-efb95aa2844a,f2856ae5-c561-5f69-8db8-0495481bb2b0,e1ee48ce-f660-5b8d-bc29-c6cc1e12ce4a,c763c069-467d-50db-afbd-6af8e6ee81f2,25,present,2fcc7551-8195-5661-abb4-00763cf1253e,2026-03-20T10:00:00Z
818b681b-62d8-5b80-9c23-bf1f703eeaca,f2856ae5-c561-5f69-8db8-0495481bb2b0,090e84ad-74f5-5ce5-9a18-b539a686f048,c763c069-467d-50db-afbd-6af8e6ee81f2,54,present,2fcc7551-8195-5661-abb4-00763cf1253e,2026-03-20T10:00:00Z
89806e2a-8fb5-55d0-b665-738e235188ba,f2856ae5-c561-5f69-8db8-0495481bb2b0,ef0bd7b2-fc16-5b83-9e1f-4f4cccab4b4b,c763c069-467d-50db-afbd-6af8e6ee81f2,15,present,2fcc7551-8195-5661-abb4-00763cf1253e,2026-03-20T10:00:00Z
c1003479-8690-5d58-91a4-75137d2aa507,f2856ae5-c561-5f69-8db8-0495481bb2b0,ec838c04-6471-5751-8d4e-78fcff79701b,c763c069-467d-50db-afbd-6af8e6ee81f2,27,present,2fcc7551-8195-5661-abb4-00763cf1253e,2026-03-20T10:00:00Z
27de2921-17b5-5699-a6b9-08bb8684a843,f2856ae5-c561-5f69-8db8-0495481bb2b0,8bc1a04c-5e40-514a-9658-91e849689028,c763c069-467d-50db-afbd-6af8e6ee81f2,54,present,2fcc7551-8195-5661-abb4-00763cf1253e,2026-03-20T10:00:00Z
210ec56e-1249-5f8b-b3ef-6ed24610cc72,f2856ae5-c561-5f69-8db8-0495481bb2b0,ff25a5dc-f304-54a0-9d74-7b8a7d3d8d4d,c763c069-467d-50db-afbd-6af8e6ee81f2,18,present,2fcc7551-8195-5661-abb4-00763cf1253e,2026-03-20T10:00:00Z
aab73670-967c-521b-97c8-dc1a03d132ac,f2856ae5-c561-5f69-8db8-0495481bb2b0,142901a9-9023-50ae-8d51-45a8492ce73d,c763c069-467d-50db-afbd-6af8e6ee81f2,26,present,2fcc7551-8195-5661-abb4-00763cf1253e,2026-03-20T10:00:00Z
cc9be2a1-49eb-5353-b2dd-b6adf1ad589d,f2856ae5-c561-5f69-8db8-0495481bb2b0,38052435-c3c4-5754-b732-411d165b43b2,c763c069-467d-50db-afbd-6af8e6ee81f2,52,present,2fcc7551-8195-5661-abb4-00763cf1253e,2026-03-20T10:00:00Z
1cb32dfa-a72b-57de-a655-5455fafddcca,f2856ae5-c561-5f69-8db8-0495481bb2b0,793febd0-58d1-5720-974c-7fac9831b490,c763c069-467d-50db-afbd-6af8e6ee81f2,17,present,2fcc7551-8195-5661-abb4-00763cf1253e,2026-03-20T10:00:00Z
8e24caca-a827-5638-935a-46ee5ecf763c,f2856ae5-c561-5f69-8db8-0495481bb2b0,c4311ea9-1b64-58b6-a429-68753e6f1674,c763c069-467d-50db-afbd-6af8e6ee81f2,32,present,2fcc7551-8195-5661-abb4-00763cf1253e,2026-03-20T10:00:00Z
64d3af10-8c42-561a-8cdb-03c91eeec72e,f2856ae5-c561-5f69-8db8-0495481bb2b0,fb828b3c-f92e-5af6-9e12-01c0216522db,c763c069-467d-50db-afbd-6af8e6ee81f2,54,present,2fcc7551-8195-5661-abb4-00763cf1253e,2026-03-20T10:00:00Z
495a12b7-5cad-5472-af0e-f28b9fa3253c,f2856ae5-c561-5f69-8db8-0495481bb2b0,5d54a41a-20ce-5ae1-b323-ba0b02304487,c763c069-467d-50db-afbd-6af8e6ee81f2,22,present,72fa82de-09c5-522c-bbba-f0a09021a696,2026-03-20T10:00:00Z
1ef1127f-4343-52a9-81e4-8dbc56f62a3f,f2856ae5-c561-5f69-8db8-0495481bb2b0,1062f271-2f67-584d-b911-e09dc2e8e83d,c763c069-467d-50db-afbd-6af8e6ee81f2,39,present,72fa82de-09c5-522c-bbba-f0a09021a696,2026-03-20T10:00:00Z
09bbf8db-e7b1-5f3c-b4b8-4bb56797fee6,f2856ae5-c561-5f69-8db8-0495481bb2b0,301d296a-e6a0-56a0-9cf2-5ba2a85bfc78,c763c069-467d-50db-afbd-6af8e6ee81f2,62,present,72fa82de-09c5-522c-bbba-f0a09021a696,2026-03-20T10:00:00Z
35a3ff46-4a84-52d5-b4ad-9de0523e2cbf,f2856ae5-c561-5f69-8db8-0495481bb2b0,635d0176-d1ac-5cf3-bc42-8fdbd9561903,c763c069-467d-50db-afbd-6af8e6ee81f2,20,present,2fcc7551-8195-5661-abb4-00763cf1253e,2026-03-20T10:00:00Z
17b33252-5702-545d-89a1-58a8623be49c,f2856ae5-c561-5f69-8db8-0495481bb2b0,ca866ba4-0791-5dde-9473-415ea647e370,c763c069-467d-50db-afbd-6af8e6ee81f2,30,present,2fcc7551-8195-5661-abb4-00763cf1253e,2026-03-20T10:00:00Z
9222c795-a40e-5b56-90e0-7d24e28823ee,f2856ae5-c561-5f69-8db8-0495481bb2b0,677c9e10-2574-5731-b07b-2edaba36a83e,c763c069-467d-50db-afbd-6af8e6ee81f2,61,present,2fcc7551-8195-5661-abb4-00763cf1253e,2026-03-20T10:00:00Z
a2b66ee4-2d03-5ec7-bab5-5327e6d6b21f,f2856ae5-c561-5f69-8db8-0495481bb2b0,f3a4fd64-e945-5bdc-9c80-cfbc113fb307,3278e9eb-6c70-56a6-a5e0-439c4a8d04f5,23,present,2fcc7551-8195-5661-abb4-00763cf1253e,2026-03-20T10:00:00Z
6b5096dd-ac95-57f6-b64f-0356671db60f,f2856ae5-c561-5f69-8db8-0495481bb2b0,a00a99f3-c137-5a92-bc77-c21c8db1b68a,3278e9eb-6c70-56a6-a5e0-439c4a8d04f5,,absent,2fcc7551-8195-5661-abb4-00763cf1253e,2026-03-20T10:00:00Z
9c3210e3-79cc-55d9-80e9-7952b7773642,f2856ae5-c561-5f69-8db8-0495481bb2b0,6f62be6a-c4c7-5e4d-9551-bd522fd4cd0b,3278e9eb-6c70-56a6-a5e0-439c4a8d04f5,79,present,2fcc7551-8195-5661-abb4-00763cf1253e,2026-03-20T10:00:00Z
f214de38-a83a-565c-be2b-58cf11d9996b,f2856ae5-c561-5f69-8db8-0495481bb2b0,d53f2d1b-3586-5c10-bf18-501fa07fd78a,3278e9eb-6c70-56a6-a5e0-439c4a8d04f5,20,present,2fcc7551-8195-5661-abb4-00763cf1253e,2026-03-20T10:00:00Z
5ec29f21-54e8-580f-9455-d3435626e44a,f2856ae5-c561-5f69-8db8-0495481bb2b0,07c94231-74f3-547c-b434-fbb7ef9a9dfc,3278e9eb-6c70-56a6-a5e0-439c4a8d04f5,34,present,2fcc7551-8195-5661-abb4-00763cf1253e,2026-03-20T10:00:00Z
4e05ed1e-d558-5838-95f1-fc6dc501a678,f2856ae5-c561-5f69-8db8-0495481bb2b0,84df9417-5e8f-5a20-a2f7-447b492b7eb8,3278e9eb-6c70-56a6-a5e0-439c4a8d04f5,76,present,2fcc7551-8195-5661-abb4-00763cf1253e,2026-03-20T10:00:00Z
8387eed2-8e45-5040-bf44-94dae97413e8,f2856ae5-c561-5f69-8db8-0495481bb2b0,d1f7faf9-58cb-5c10-8cf5-50ea9f5e13ec,3278e9eb-6c70-56a6-a5e0-439c4a8d04f5,28,present,2fcc7551-8195-5661-abb4-00763cf1253e,2026-03-20T10:00:00Z
19caed7b-b7f3-5294-a78a-8bfb92391a24,f2856ae5-c561-5f69-8db8-0495481bb2b0,e1ee48ce-f660-5b8d-bc29-c6cc1e12ce4a,3278e9eb-6c70-56a6-a5e0-439c4a8d04f5,48,present,2fcc7551-8195-5661-abb4-00763cf1253e,2026-03-20T10:00:00Z
2893d7a9-d305-5133-8fab-8df806983cf8,f2856ae5-c561-5f69-8db8-0495481bb2b0,090e84ad-74f5-5ce5-9a18-b539a686f048,3278e9eb-6c70-56a6-a5e0-439c4a8d04f5,87,present,2fcc7551-8195-5661-abb4-00763cf1253e,2026-03-20T10:00:00Z
20ab3f40-cdff-50cf-9b04-475b41dea294,f2856ae5-c561-5f69-8db8-0495481bb2b0,ef0bd7b2-fc16-5b83-9e1f-4f4cccab4b4b,3278e9eb-6c70-56a6-a5e0-439c4a8d04f5,20,present,2fcc7551-8195-5661-abb4-00763cf1253e,2026-03-20T10:00:00Z
75f43206-0f04-5700-8914-6e937aa984cc,f2856ae5-c561-5f69-8db8-0495481bb2b0,ec838c04-6471-5751-8d4e-78fcff79701b,3278e9eb-6c70-56a6-a5e0-439c4a8d04f5,34,present,2fcc7551-8195-5661-abb4-00763cf1253e,2026-03-20T10:00:00Z
5f3af652-6b32-5401-bee1-78fb1bf2d2e4,f2856ae5-c561-5f69-8db8-0495481bb2b0,8bc1a04c-5e40-514a-9658-91e849689028,3278e9eb-6c70-56a6-a5e0-439c4a8d04f5,67,present,2fcc7551-8195-5661-abb4-00763cf1253e,2026-03-20T10:00:00Z
4bdb2a89-0f72-5f82-bde4-13b2d37b794e,f2856ae5-c561-5f69-8db8-0495481bb2b0,ff25a5dc-f304-54a0-9d74-7b8a7d3d8d4d,3278e9eb-6c70-56a6-a5e0-439c4a8d04f5,21,present,2fcc7551-8195-5661-abb4-00763cf1253e,2026-03-20T10:00:00Z
d763674f-5601-5961-afd9-42622cee40a6,f2856ae5-c561-5f69-8db8-0495481bb2b0,142901a9-9023-50ae-8d51-45a8492ce73d,3278e9eb-6c70-56a6-a5e0-439c4a8d04f5,32,present,2fcc7551-8195-5661-abb4-00763cf1253e,2026-03-20T10:00:00Z
31ac774b-a014-5377-a69a-a9a63ab6d055,f2856ae5-c561-5f69-8db8-0495481bb2b0,38052435-c3c4-5754-b732-411d165b43b2,3278e9eb-6c70-56a6-a5e0-439c4a8d04f5,73,present,2fcc7551-8195-5661-abb4-00763cf1253e,2026-03-20T10:00:00Z
26a72e57-87af-56ba-8f02-e7e0af52d1d2,f2856ae5-c561-5f69-8db8-0495481bb2b0,793febd0-58d1-5720-974c-7fac9831b490,3278e9eb-6c70-56a6-a5e0-439c4a8d04f5,20,present,2fcc7551-8195-5661-abb4-00763cf1253e,2026-03-20T10:00:00Z
49e0b356-726e-53ce-9b01-9c0d944f1f0f,f2856ae5-c561-5f69-8db8-0495481bb2b0,c4311ea9-1b64-58b6-a429-68753e6f1674,3278e9eb-6c70-56a6-a5e0-439c4a8d04f5,36,present,2fcc7551-8195-5661-abb4-00763cf1253e,2026-03-20T10:00:00Z
94549fee-65da-5f50-be26-f192a7ed8664,f2856ae5-c561-5f69-8db8-0495481bb2b0,fb828b3c-f92e-5af6-9e12-01c0216522db,3278e9eb-6c70-56a6-a5e0-439c4a8d04f5,79,present,2fcc7551-8195-5661-abb4-00763cf1253e,2026-03-20T10:00:00Z
687d6064-faad-5bb0-862c-4909d3b887d4,f2856ae5-c561-5f69-8db8-0495481bb2b0,5d54a41a-20ce-5ae1-b323-ba0b02304487,3278e9eb-6c70-56a6-a5e0-439c4a8d04f5,16,present,72fa82de-09c5-522c-bbba-f0a09021a696,2026-03-20T10:00:00Z
08e0a828-85ba-5d73-8060-d374296e307a,f2856ae5-c561-5f69-8db8-0495481bb2b0,1062f271-2f67-584d-b911-e09dc2e8e83d,3278e9eb-6c70-56a6-a5e0-439c4a8d04f5,27,present,72fa82de-09c5-522c-bbba-f0a09021a696,2026-03-20T10:00:00Z
85c9fd6a-dc7b-51bc-a000-48e6df63540e,f2856ae5-c561-5f69-8db8-0495481bb2b0,301d296a-e6a0-56a0-9cf2-5ba2a85bfc78,3278e9eb-6c70-56a6-a5e0-439c4a8d04f5,69,present,72fa82de-09c5-522c-bbba-f0a09021a696,2026-03-20T10:00:00Z
87934ec7-9ef5-551f-9772-da4f00d53197,f2856ae5-c561-5f69-8db8-0495481bb2b0,635d0176-d1ac-5cf3-bc42-8fdbd9561903,3278e9eb-6c70-56a6-a5e0-439c4a8d04f5,22,present,2fcc7551-8195-5661-abb4-00763cf1253e,2026-03-20T10:00:00Z
7a73781a-b5fb-5bbe-b8b6-958449d2c245,f2856ae5-c561-5f69-8db8-0495481bb2b0,ca866ba4-0791-5dde-9473-415ea647e370,3278e9eb-6c70-56a6-a5e0-439c4a8d04f5,40,present,2fcc7551-8195-5661-abb4-00763cf1253e,2026-03-20T10:00:00Z
8bce94e7-919e-58ed-90d1-e489c599609e,f2856ae5-c561-5f69-8db8-0495481bb2b0,677c9e10-2574-5731-b07b-2edaba36a83e,3278e9eb-6c70-56a6-a5e0-439c4a8d04f5,84,present,2fcc7551-8195-5661-abb4-00763cf1253e,2026-03-20T10:00:00Z
ccdf46dc-76ff-5e72-ab0a-de2cc704a9b7,f2856ae5-c561-5f69-8db8-0495481bb2b0,f3a4fd64-e945-5bdc-9c80-cfbc113fb307,2e2dbb36-0c9c-5295-8376-28b4dff31e8e,13,present,2fcc7551-8195-5661-abb4-00763cf1253e,2026-03-20T10:00:00Z
22580713-18cb-5737-87e2-a634776ba538,f2856ae5-c561-5f69-8db8-0495481bb2b0,a00a99f3-c137-5a92-bc77-c21c8db1b68a,2e2dbb36-0c9c-5295-8376-28b4dff31e8e,23,present,2fcc7551-8195-5661-abb4-00763cf1253e,2026-03-20T10:00:00Z
38fdc3ba-e187-5042-9ba7-48794cfe6f27,f2856ae5-c561-5f69-8db8-0495481bb2b0,6f62be6a-c4c7-5e4d-9551-bd522fd4cd0b,2e2dbb36-0c9c-5295-8376-28b4dff31e8e,50,present,2fcc7551-8195-5661-abb4-00763cf1253e,2026-03-20T10:00:00Z
b29f44f9-2b7a-598e-8c94-b1d3f5baed1b,f2856ae5-c561-5f69-8db8-0495481bb2b0,d53f2d1b-3586-5c10-bf18-501fa07fd78a,2e2dbb36-0c9c-5295-8376-28b4dff31e8e,19,present,2fcc7551-8195-5661-abb4-00763cf1253e,2026-03-20T10:00:00Z
53884785-57e9-51b0-ac80-0368fb78fcf6,f2856ae5-c561-5f69-8db8-0495481bb2b0,07c94231-74f3-547c-b434-fbb7ef9a9dfc,2e2dbb36-0c9c-5295-8376-28b4dff31e8e,34,present,2fcc7551-8195-5661-abb4-00763cf1253e,2026-03-20T10:00:00Z
c1bbd597-a4ce-5d12-8e29-0a4c890f1d54,f2856ae5-c561-5f69-8db8-0495481bb2b0,84df9417-5e8f-5a20-a2f7-447b492b7eb8,2e2dbb36-0c9c-5295-8376-28b4dff31e8e,70,present,2fcc7551-8195-5661-abb4-00763cf1253e,2026-03-20T10:00:00Z
4c8da537-e4e5-595b-a4fe-b0bd6de181e5,f2856ae5-c561-5f69-8db8-0495481bb2b0,d1f7faf9-58cb-5c10-8cf5-50ea9f5e13ec,2e2dbb36-0c9c-5295-8376-28b4dff31e8e,21,present,2fcc7551-8195-5661-abb4-00763cf1253e,2026-03-20T10:00:00Z
f1f92d9a-133d-5b2f-b328-9d1f649da45d,f2856ae5-c561-5f69-8db8-0495481bb2b0,e1ee48ce-f660-5b8d-bc29-c6cc1e12ce4a,2e2dbb36-0c9c-5295-8376-28b4dff31e8e,32,present,2fcc7551-8195-5661-abb4-00763cf1253e,2026-03-20T10:00:00Z
c2873c28-14cd-5034-a469-36ce9ceffb10,f2856ae5-c561-5f69-8db8-0495481bb2b0,090e84ad-74f5-5ce5-9a18-b539a686f048,2e2dbb36-0c9c-5295-8376-28b4dff31e8e,78,present,2fcc7551-8195-5661-abb4-00763cf1253e,2026-03-20T10:00:00Z
a22a51d4-f681-57e5-8280-56184cbc30b5,f2856ae5-c561-5f69-8db8-0495481bb2b0,ef0bd7b2-fc16-5b83-9e1f-4f4cccab4b4b,2e2dbb36-0c9c-5295-8376-28b4dff31e8e,18,present,2fcc7551-8195-5661-abb4-00763cf1253e,2026-03-20T10:00:00Z
04b172c0-e578-54a4-a9e6-5f86aaf2fcaf,f2856ae5-c561-5f69-8db8-0495481bb2b0,ec838c04-6471-5751-8d4e-78fcff79701b,2e2dbb36-0c9c-5295-8376-28b4dff31e8e,27,present,2fcc7551-8195-5661-abb4-00763cf1253e,2026-03-20T10:00:00Z
a5b48611-9cd2-52be-9ada-d0a423fb898b,f2856ae5-c561-5f69-8db8-0495481bb2b0,8bc1a04c-5e40-514a-9658-91e849689028,2e2dbb36-0c9c-5295-8376-28b4dff31e8e,58,present,2fcc7551-8195-5661-abb4-00763cf1253e,2026-03-20T10:00:00Z
21bf5c2e-2abe-5576-b5d6-bc9d5955c9ac,f2856ae5-c561-5f69-8db8-0495481bb2b0,ff25a5dc-f304-54a0-9d74-7b8a7d3d8d4d,2e2dbb36-0c9c-5295-8376-28b4dff31e8e,19,present,2fcc7551-8195-5661-abb4-00763cf1253e,2026-03-20T10:00:00Z
705a2d84-6aff-5272-a960-89bc8442e2b2,f2856ae5-c561-5f69-8db8-0495481bb2b0,142901a9-9023-50ae-8d51-45a8492ce73d,2e2dbb36-0c9c-5295-8376-28b4dff31e8e,31,present,2fcc7551-8195-5661-abb4-00763cf1253e,2026-03-20T10:00:00Z
4f1e0f02-7ff5-5a56-90cd-0830c7dd808b,f2856ae5-c561-5f69-8db8-0495481bb2b0,38052435-c3c4-5754-b732-411d165b43b2,2e2dbb36-0c9c-5295-8376-28b4dff31e8e,58,present,2fcc7551-8195-5661-abb4-00763cf1253e,2026-03-20T10:00:00Z
a736a91a-172b-5fa5-9799-c57821a095ce,f2856ae5-c561-5f69-8db8-0495481bb2b0,793febd0-58d1-5720-974c-7fac9831b490,2e2dbb36-0c9c-5295-8376-28b4dff31e8e,17,present,2fcc7551-8195-5661-abb4-00763cf1253e,2026-03-20T10:00:00Z
dd85c4d7-c2ee-503c-a077-d151090cf4f2,f2856ae5-c561-5f69-8db8-0495481bb2b0,c4311ea9-1b64-58b6-a429-68753e6f1674,2e2dbb36-0c9c-5295-8376-28b4dff31e8e,33,present,2fcc7551-8195-5661-abb4-00763cf1253e,2026-03-20T10:00:00Z
9e09981c-080e-56c2-b351-6c92505368cd,f2856ae5-c561-5f69-8db8-0495481bb2b0,fb828b3c-f92e-5af6-9e12-01c0216522db,2e2dbb36-0c9c-5295-8376-28b4dff31e8e,68,present,2fcc7551-8195-5661-abb4-00763cf1253e,2026-03-20T10:00:00Z
e16bdc93-2236-522d-934f-ac0af4d1c6b2,f2856ae5-c561-5f69-8db8-0495481bb2b0,5d54a41a-20ce-5ae1-b323-ba0b02304487,2e2dbb36-0c9c-5295-8376-28b4dff31e8e,23,present,72fa82de-09c5-522c-bbba-f0a09021a696,2026-03-20T10:00:00Z
a667d4fe-bbc1-50b8-a17c-11a4e25e803d,f2856ae5-c561-5f69-8db8-0495481bb2b0,1062f271-2f67-584d-b911-e09dc2e8e83d,2e2dbb36-0c9c-5295-8376-28b4dff31e8e,35,present,72fa82de-09c5-522c-bbba-f0a09021a696,2026-03-20T10:00:00Z
9dea122c-2084-5c83-9c13-0eff806ab07a,f2856ae5-c561-5f69-8db8-0495481bb2b0,301d296a-e6a0-56a0-9cf2-5ba2a85bfc78,2e2dbb36-0c9c-5295-8376-28b4dff31e8e,59,present,72fa82de-09c5-522c-bbba-f0a09021a696,2026-03-20T10:00:00Z
4c78d6e2-1ed6-5be8-a323-5cf54b96a92b,f2856ae5-c561-5f69-8db8-0495481bb2b0,635d0176-d1ac-5cf3-bc42-8fdbd9561903,2e2dbb36-0c9c-5295-8376-28b4dff31e8e,17,present,2fcc7551-8195-5661-abb4-00763cf1253e,2026-03-20T10:00:00Z
874241e7-0dc4-500d-b66a-98746d2b3b09,f2856ae5-c561-5f69-8db8-0495481bb2b0,ca866ba4-0791-5dde-9473-415ea647e370,2e2dbb36-0c9c-5295-8376-28b4dff31e8e,24,present,2fcc7551-8195-5661-abb4-00763cf1253e,2026-03-20T10:00:00Z
660b670b-0acb-5943-821e-a79750c2cab2,f2856ae5-c561-5f69-8db8-0495481bb2b0,677c9e10-2574-5731-b07b-2edaba36a83e,2e2dbb36-0c9c-5295-8376-28b4dff31e8e,57,present,2fcc7551-8195-5661-abb4-00763cf1253e,2026-03-20T10:00:00Z
3c8b5464-b10c-5a39-af9d-65fdfdc99dd0,f2856ae5-c561-5f69-8db8-0495481bb2b0,f3a4fd64-e945-5bdc-9c80-cfbc113fb307,c5ff99af-dddb-5e24-8141-91483e0394f5,18,present,2fcc7551-8195-5661-abb4-00763cf1253e,2026-03-20T10:00:00Z
30b33fec-165b-55ac-8b7d-22ad9e396d78,f2856ae5-c561-5f69-8db8-0495481bb2b0,a00a99f3-c137-5a92-bc77-c21c8db1b68a,c5ff99af-dddb-5e24-8141-91483e0394f5,24,present,2fcc7551-8195-5661-abb4-00763cf1253e,2026-03-20T10:00:00Z
42e44435-fef4-5258-bbe6-54fb4f600d64,f2856ae5-c561-5f69-8db8-0495481bb2b0,6f62be6a-c4c7-5e4d-9551-bd522fd4cd0b,c5ff99af-dddb-5e24-8141-91483e0394f5,51,present,2fcc7551-8195-5661-abb4-00763cf1253e,2026-03-20T10:00:00Z
881e7417-cda7-527c-923e-154c15e35c2f,f2856ae5-c561-5f69-8db8-0495481bb2b0,d53f2d1b-3586-5c10-bf18-501fa07fd78a,c5ff99af-dddb-5e24-8141-91483e0394f5,14,present,2fcc7551-8195-5661-abb4-00763cf1253e,2026-03-20T10:00:00Z
1130f0ef-8f45-5c21-a58e-8d9bc3de6e6d,f2856ae5-c561-5f69-8db8-0495481bb2b0,07c94231-74f3-547c-b434-fbb7ef9a9dfc,c5ff99af-dddb-5e24-8141-91483e0394f5,19,present,2fcc7551-8195-5661-abb4-00763cf1253e,2026-03-20T10:00:00Z
6b76f5a6-c154-58a8-87f8-583827e91984,f2856ae5-c561-5f69-8db8-0495481bb2b0,84df9417-5e8f-5a20-a2f7-447b492b7eb8,c5ff99af-dddb-5e24-8141-91483e0394f5,50,present,2fcc7551-8195-5661-abb4-00763cf1253e,2026-03-20T10:00:00Z
83477cd2-4d78-5d7c-afe6-31a21f976dcf,f2856ae5-c561-5f69-8db8-0495481bb2b0,d1f7faf9-58cb-5c10-8cf5-50ea9f5e13ec,c5ff99af-dddb-5e24-8141-91483e0394f5,17,present,2fcc7551-8195-5661-abb4-00763cf1253e,2026-03-20T10:00:00Z
3420a7cc-d6ea-54aa-b3bd-8461d17bc04f,f2856ae5-c561-5f69-8db8-0495481bb2b0,e1ee48ce-f660-5b8d-bc29-c6cc1e12ce4a,c5ff99af-dddb-5e24-8141-91483e0394f5,27,present,2fcc7551-8195-5661-abb4-00763cf1253e,2026-03-20T10:00:00Z
af57a354-aac5-5aca-90b0-0962c3928aab,f2856ae5-c561-5f69-8db8-0495481bb2b0,090e84ad-74f5-5ce5-9a18-b539a686f048,c5ff99af-dddb-5e24-8141-91483e0394f5,60,present,2fcc7551-8195-5661-abb4-00763cf1253e,2026-03-20T10:00:00Z
32beff30-645f-5a3a-8246-a7aee99412c6,f2856ae5-c561-5f69-8db8-0495481bb2b0,ef0bd7b2-fc16-5b83-9e1f-4f4cccab4b4b,c5ff99af-dddb-5e24-8141-91483e0394f5,16,present,2fcc7551-8195-5661-abb4-00763cf1253e,2026-03-20T10:00:00Z
a8f0014f-9c24-55c8-bb33-006d208e0e11,f2856ae5-c561-5f69-8db8-0495481bb2b0,ec838c04-6471-5751-8d4e-78fcff79701b,c5ff99af-dddb-5e24-8141-91483e0394f5,24,present,2fcc7551-8195-5661-abb4-00763cf1253e,2026-03-20T10:00:00Z
9eb84aed-24d4-5f3f-9132-73b649c4cee8,f2856ae5-c561-5f69-8db8-0495481bb2b0,8bc1a04c-5e40-514a-9658-91e849689028,c5ff99af-dddb-5e24-8141-91483e0394f5,57,present,2fcc7551-8195-5661-abb4-00763cf1253e,2026-03-20T10:00:00Z
cc9920e9-f15f-5ea5-ab23-1ed9f12c6743,f2856ae5-c561-5f69-8db8-0495481bb2b0,ff25a5dc-f304-54a0-9d74-7b8a7d3d8d4d,c5ff99af-dddb-5e24-8141-91483e0394f5,16,present,2fcc7551-8195-5661-abb4-00763cf1253e,2026-03-20T10:00:00Z
acce34f0-e7e6-58a2-8c19-706c26765000,f2856ae5-c561-5f69-8db8-0495481bb2b0,142901a9-9023-50ae-8d51-45a8492ce73d,c5ff99af-dddb-5e24-8141-91483e0394f5,26,present,2fcc7551-8195-5661-abb4-00763cf1253e,2026-03-20T10:00:00Z
c73b8a0d-7c87-5214-86d9-82befa8b30e1,f2856ae5-c561-5f69-8db8-0495481bb2b0,38052435-c3c4-5754-b732-411d165b43b2,c5ff99af-dddb-5e24-8141-91483e0394f5,49,present,2fcc7551-8195-5661-abb4-00763cf1253e,2026-03-20T10:00:00Z
6df915ea-0311-50b7-89b1-983aaf3a9a30,f2856ae5-c561-5f69-8db8-0495481bb2b0,793febd0-58d1-5720-974c-7fac9831b490,c5ff99af-dddb-5e24-8141-91483e0394f5,16,present,2fcc7551-8195-5661-abb4-00763cf1253e,2026-03-20T10:00:00Z
1d0643d0-f2a7-51ef-a2a0-2dffff81ab12,f2856ae5-c561-5f69-8db8-0495481bb2b0,c4311ea9-1b64-58b6-a429-68753e6f1674,c5ff99af-dddb-5e24-8141-91483e0394f5,25,present,2fcc7551-8195-5661-abb4-00763cf1253e,2026-03-20T10:00:00Z
722fbfd2-d04a-5f7c-ace2-c5c89dc68950,f2856ae5-c561-5f69-8db8-0495481bb2b0,fb828b3c-f92e-5af6-9e12-01c0216522db,c5ff99af-dddb-5e24-8141-91483e0394f5,63,present,2fcc7551-8195-5661-abb4-00763cf1253e,2026-03-20T10:00:00Z
ee87cf2c-0ada-5b0e-842f-0a0dd0732823,f2856ae5-c561-5f69-8db8-0495481bb2b0,5d54a41a-20ce-5ae1-b323-ba0b02304487,c5ff99af-dddb-5e24-8141-91483e0394f5,17,present,72fa82de-09c5-522c-bbba-f0a09021a696,2026-03-20T10:00:00Z
7a60d7b2-b379-51e3-af14-ab75121d774f,f2856ae5-c561-5f69-8db8-0495481bb2b0,1062f271-2f67-584d-b911-e09dc2e8e83d,c5ff99af-dddb-5e24-8141-91483e0394f5,25,present,72fa82de-09c5-522c-bbba-f0a09021a696,2026-03-20T10:00:00Z
1648c8dd-506f-5bce-8155-73a50d017feb,f2856ae5-c561-5f69-8db8-0495481bb2b0,301d296a-e6a0-56a0-9cf2-5ba2a85bfc78,c5ff99af-dddb-5e24-8141-91483e0394f5,61,present,72fa82de-09c5-522c-bbba-f0a09021a696,2026-03-20T10:00:00Z
a75fc973-7eaf-5ace-8899-0769b48b9ede,f2856ae5-c561-5f69-8db8-0495481bb2b0,635d0176-d1ac-5cf3-bc42-8fdbd9561903,c5ff99af-dddb-5e24-8141-91483e0394f5,11,present,2fcc7551-8195-5661-abb4-00763cf1253e,2026-03-20T10:00:00Z
1fbc8be1-cf6f-5ca5-8877-8395c301a391,f2856ae5-c561-5f69-8db8-0495481bb2b0,ca866ba4-0791-5dde-9473-415ea647e370,c5ff99af-dddb-5e24-8141-91483e0394f5,23,present,2fcc7551-8195-5661-abb4-00763cf1253e,2026-03-20T10:00:00Z
a30d77da-6c14-576f-a50d-5d3ac4202e11,f2856ae5-c561-5f69-8db8-0495481bb2b0,677c9e10-2574-5731-b07b-2edaba36a83e,c5ff99af-dddb-5e24-8141-91483e0394f5,43,present,2fcc7551-8195-5661-abb4-00763cf1253e,2026-03-20T10:00:00Z
3c73df5b-6948-5cd1-8c0f-053935529cb7,f2856ae5-c561-5f69-8db8-0495481bb2b0,f3a4fd64-e945-5bdc-9c80-cfbc113fb307,7df76894-e273-5d9d-9ace-65e144085d4a,19,present,2fcc7551-8195-5661-abb4-00763cf1253e,2026-03-20T10:00:00Z
db418ded-9336-578a-9f0c-6aa311f3a18a,f2856ae5-c561-5f69-8db8-0495481bb2b0,a00a99f3-c137-5a92-bc77-c21c8db1b68a,7df76894-e273-5d9d-9ace-65e144085d4a,28,present,2fcc7551-8195-5661-abb4-00763cf1253e,2026-03-20T10:00:00Z
046d38a1-af4b-5bec-8314-74b03b128fca,f2856ae5-c561-5f69-8db8-0495481bb2b0,6f62be6a-c4c7-5e4d-9551-bd522fd4cd0b,7df76894-e273-5d9d-9ace-65e144085d4a,70,present,2fcc7551-8195-5661-abb4-00763cf1253e,2026-03-20T10:00:00Z
de293622-ed4b-5746-863c-249005e51f15,f2856ae5-c561-5f69-8db8-0495481bb2b0,d53f2d1b-3586-5c10-bf18-501fa07fd78a,7df76894-e273-5d9d-9ace-65e144085d4a,17,present,2fcc7551-8195-5661-abb4-00763cf1253e,2026-03-20T10:00:00Z
9bae04c4-2a94-5b2d-bb7b-514d065b3fd6,f2856ae5-c561-5f69-8db8-0495481bb2b0,07c94231-74f3-547c-b434-fbb7ef9a9dfc,7df76894-e273-5d9d-9ace-65e144085d4a,26,present,2fcc7551-8195-5661-abb4-00763cf1253e,2026-03-20T10:00:00Z
9e24b39b-9890-5645-ba87-64964f6af1c2,f2856ae5-c561-5f69-8db8-0495481bb2b0,84df9417-5e8f-5a20-a2f7-447b492b7eb8,7df76894-e273-5d9d-9ace-65e144085d4a,54,present,2fcc7551-8195-5661-abb4-00763cf1253e,2026-03-20T10:00:00Z
05a0b8d9-fc52-590d-be77-37ea6f114b40,f2856ae5-c561-5f69-8db8-0495481bb2b0,d1f7faf9-58cb-5c10-8cf5-50ea9f5e13ec,7df76894-e273-5d9d-9ace-65e144085d4a,19,present,2fcc7551-8195-5661-abb4-00763cf1253e,2026-03-20T10:00:00Z
1f9fcf13-5aaf-507a-a434-265f107703c1,f2856ae5-c561-5f69-8db8-0495481bb2b0,e1ee48ce-f660-5b8d-bc29-c6cc1e12ce4a,7df76894-e273-5d9d-9ace-65e144085d4a,31,present,2fcc7551-8195-5661-abb4-00763cf1253e,2026-03-20T10:00:00Z
d6b86c3a-6047-5bce-b656-6d7cf4586664,f2856ae5-c561-5f69-8db8-0495481bb2b0,090e84ad-74f5-5ce5-9a18-b539a686f048,7df76894-e273-5d9d-9ace-65e144085d4a,63,present,2fcc7551-8195-5661-abb4-00763cf1253e,2026-03-20T10:00:00Z
440c8890-4577-5163-8cbe-651b24667f5e,f2856ae5-c561-5f69-8db8-0495481bb2b0,ef0bd7b2-fc16-5b83-9e1f-4f4cccab4b4b,7df76894-e273-5d9d-9ace-65e144085d4a,16,present,2fcc7551-8195-5661-abb4-00763cf1253e,2026-03-20T10:00:00Z
b595d354-02f2-5df4-9ee8-d8932987d6c9,f2856ae5-c561-5f69-8db8-0495481bb2b0,ec838c04-6471-5751-8d4e-78fcff79701b,7df76894-e273-5d9d-9ace-65e144085d4a,28,present,2fcc7551-8195-5661-abb4-00763cf1253e,2026-03-20T10:00:00Z
ded41fb6-aac2-5fbc-a78d-b63bc8d4a536,f2856ae5-c561-5f69-8db8-0495481bb2b0,8bc1a04c-5e40-514a-9658-91e849689028,7df76894-e273-5d9d-9ace-65e144085d4a,53,present,2fcc7551-8195-5661-abb4-00763cf1253e,2026-03-20T10:00:00Z
371f8414-b2b9-5df6-96bb-86327b6f3143,f2856ae5-c561-5f69-8db8-0495481bb2b0,ff25a5dc-f304-54a0-9d74-7b8a7d3d8d4d,7df76894-e273-5d9d-9ace-65e144085d4a,16,present,2fcc7551-8195-5661-abb4-00763cf1253e,2026-03-20T10:00:00Z
0196baf5-7527-5899-b611-45dc04539e05,f2856ae5-c561-5f69-8db8-0495481bb2b0,142901a9-9023-50ae-8d51-45a8492ce73d,7df76894-e273-5d9d-9ace-65e144085d4a,32,present,2fcc7551-8195-5661-abb4-00763cf1253e,2026-03-20T10:00:00Z
6753dc1e-dfcd-5a14-b24c-c11ce2d62b42,f2856ae5-c561-5f69-8db8-0495481bb2b0,38052435-c3c4-5754-b732-411d165b43b2,7df76894-e273-5d9d-9ace-65e144085d4a,58,present,2fcc7551-8195-5661-abb4-00763cf1253e,2026-03-20T10:00:00Z
087b0314-8e05-5d94-9e98-860f41240a51,f2856ae5-c561-5f69-8db8-0495481bb2b0,793febd0-58d1-5720-974c-7fac9831b490,7df76894-e273-5d9d-9ace-65e144085d4a,23,present,2fcc7551-8195-5661-abb4-00763cf1253e,2026-03-20T10:00:00Z
dfbee743-37b2-5566-9312-4a617486cc53,f2856ae5-c561-5f69-8db8-0495481bb2b0,c4311ea9-1b64-58b6-a429-68753e6f1674,7df76894-e273-5d9d-9ace-65e144085d4a,42,present,2fcc7551-8195-5661-abb4-00763cf1253e,2026-03-20T10:00:00Z
9fccf845-7fdb-5b88-bb2f-207c1215ce19,f2856ae5-c561-5f69-8db8-0495481bb2b0,fb828b3c-f92e-5af6-9e12-01c0216522db,7df76894-e273-5d9d-9ace-65e144085d4a,78,present,2fcc7551-8195-5661-abb4-00763cf1253e,2026-03-20T10:00:00Z
65cbdc1a-5490-5415-95e2-e5bf75c87037,f2856ae5-c561-5f69-8db8-0495481bb2b0,5d54a41a-20ce-5ae1-b323-ba0b02304487,7df76894-e273-5d9d-9ace-65e144085d4a,18,present,72fa82de-09c5-522c-bbba-f0a09021a696,2026-03-20T10:00:00Z
dfb2e453-c67c-5974-895d-7d1fa90c61fe,f2856ae5-c561-5f69-8db8-0495481bb2b0,1062f271-2f67-584d-b911-e09dc2e8e83d,7df76894-e273-5d9d-9ace-65e144085d4a,33,present,72fa82de-09c5-522c-bbba-f0a09021a696,2026-03-20T10:00:00Z
d838154a-73d3-5948-a871-4bb88d31820c,f2856ae5-c561-5f69-8db8-0495481bb2b0,301d296a-e6a0-56a0-9cf2-5ba2a85bfc78,7df76894-e273-5d9d-9ace-65e144085d4a,58,present,72fa82de-09c5-522c-bbba-f0a09021a696,2026-03-20T10:00:00Z
2ac59bfd-5ce3-5d03-896b-b8837b7b2a61,f2856ae5-c561-5f69-8db8-0495481bb2b0,635d0176-d1ac-5cf3-bc42-8fdbd9561903,7df76894-e273-5d9d-9ace-65e144085d4a,18,present,2fcc7551-8195-5661-abb4-00763cf1253e,2026-03-20T10:00:00Z
fc14787a-2978-5235-bd76-f7f1b9f5ea79,f2856ae5-c561-5f69-8db8-0495481bb2b0,ca866ba4-0791-5dde-9473-415ea647e370,7df76894-e273-5d9d-9ace-65e144085d4a,35,present,2fcc7551-8195-5661-abb4-00763cf1253e,2026-03-20T10:00:00Z
be5e32fd-2bad-590e-95a7-ecdd164e6406,f2856ae5-c561-5f69-8db8-0495481bb2b0,677c9e10-2574-5731-b07b-2edaba36a83e,7df76894-e273-5d9d-9ace-65e144085d4a,72,present,2fcc7551-8195-5661-abb4-00763cf1253e,2026-03-20T10:00:00Z
cffdb99b-4b6d-56df-8da5-4761d3ef9c50,f2856ae5-c561-5f69-8db8-0495481bb2b0,f3a4fd64-e945-5bdc-9c80-cfbc113fb307,11e2a464-6f07-5a4e-a03f-bb717288111a,13,present,2fcc7551-8195-5661-abb4-00763cf1253e,2026-03-20T10:00:00Z
921ef98f-2b3e-5d96-9472-466a289be728,f2856ae5-c561-5f69-8db8-0495481bb2b0,a00a99f3-c137-5a92-bc77-c21c8db1b68a,11e2a464-6f07-5a4e-a03f-bb717288111a,18,present,2fcc7551-8195-5661-abb4-00763cf1253e,2026-03-20T10:00:00Z
43b0188c-ce51-5fbb-b8dd-e3c12d24f628,f2856ae5-c561-5f69-8db8-0495481bb2b0,6f62be6a-c4c7-5e4d-9551-bd522fd4cd0b,11e2a464-6f07-5a4e-a03f-bb717288111a,33,present,2fcc7551-8195-5661-abb4-00763cf1253e,2026-03-20T10:00:00Z
4c55a6af-c7a8-518b-b8d1-50596e6271e5,f2856ae5-c561-5f69-8db8-0495481bb2b0,d53f2d1b-3586-5c10-bf18-501fa07fd78a,11e2a464-6f07-5a4e-a03f-bb717288111a,13,present,2fcc7551-8195-5661-abb4-00763cf1253e,2026-03-20T10:00:00Z
5842e80b-937d-587b-aefe-ae61473c21ca,f2856ae5-c561-5f69-8db8-0495481bb2b0,07c94231-74f3-547c-b434-fbb7ef9a9dfc,11e2a464-6f07-5a4e-a03f-bb717288111a,16,present,2fcc7551-8195-5661-abb4-00763cf1253e,2026-03-20T10:00:00Z
669c1e57-ebbe-529f-8e34-8c965f5b6227,f2856ae5-c561-5f69-8db8-0495481bb2b0,84df9417-5e8f-5a20-a2f7-447b492b7eb8,11e2a464-6f07-5a4e-a03f-bb717288111a,39,present,2fcc7551-8195-5661-abb4-00763cf1253e,2026-03-20T10:00:00Z
98fb1491-3602-5a8c-be08-c4b3e0599305,f2856ae5-c561-5f69-8db8-0495481bb2b0,d1f7faf9-58cb-5c10-8cf5-50ea9f5e13ec,11e2a464-6f07-5a4e-a03f-bb717288111a,12,present,2fcc7551-8195-5661-abb4-00763cf1253e,2026-03-20T10:00:00Z
7adc840f-74aa-5ab7-99de-d0bb97d1fe32,f2856ae5-c561-5f69-8db8-0495481bb2b0,e1ee48ce-f660-5b8d-bc29-c6cc1e12ce4a,11e2a464-6f07-5a4e-a03f-bb717288111a,24,present,2fcc7551-8195-5661-abb4-00763cf1253e,2026-03-20T10:00:00Z
1c368e24-d612-53bc-bfe9-20a06a0011d1,f2856ae5-c561-5f69-8db8-0495481bb2b0,090e84ad-74f5-5ce5-9a18-b539a686f048,11e2a464-6f07-5a4e-a03f-bb717288111a,44,present,2fcc7551-8195-5661-abb4-00763cf1253e,2026-03-20T10:00:00Z
630c83c5-05fa-515c-b23d-51db9f441631,f2856ae5-c561-5f69-8db8-0495481bb2b0,ef0bd7b2-fc16-5b83-9e1f-4f4cccab4b4b,11e2a464-6f07-5a4e-a03f-bb717288111a,10,present,2fcc7551-8195-5661-abb4-00763cf1253e,2026-03-20T10:00:00Z
4e0a88be-fac7-5020-abeb-74473f044189,f2856ae5-c561-5f69-8db8-0495481bb2b0,ec838c04-6471-5751-8d4e-78fcff79701b,11e2a464-6f07-5a4e-a03f-bb717288111a,14,present,2fcc7551-8195-5661-abb4-00763cf1253e,2026-03-20T10:00:00Z
199f9669-ed8c-5aff-b454-d0cde7d90477,f2856ae5-c561-5f69-8db8-0495481bb2b0,8bc1a04c-5e40-514a-9658-91e849689028,11e2a464-6f07-5a4e-a03f-bb717288111a,27,present,2fcc7551-8195-5661-abb4-00763cf1253e,2026-03-20T10:00:00Z
8a12db80-07f1-5489-b5ee-48e89d56b61d,f2856ae5-c561-5f69-8db8-0495481bb2b0,ff25a5dc-f304-54a0-9d74-7b8a7d3d8d4d,11e2a464-6f07-5a4e-a03f-bb717288111a,9,present,2fcc7551-8195-5661-abb4-00763cf1253e,2026-03-20T10:00:00Z
6c9298a0-aaf2-5c64-9730-82a355acc3dd,f2856ae5-c561-5f69-8db8-0495481bb2b0,142901a9-9023-50ae-8d51-45a8492ce73d,11e2a464-6f07-5a4e-a03f-bb717288111a,13,present,2fcc7551-8195-5661-abb4-00763cf1253e,2026-03-20T10:00:00Z
6182443c-c08c-5254-acae-4033add3a8cd,f2856ae5-c561-5f69-8db8-0495481bb2b0,38052435-c3c4-5754-b732-411d165b43b2,11e2a464-6f07-5a4e-a03f-bb717288111a,23,present,2fcc7551-8195-5661-abb4-00763cf1253e,2026-03-20T10:00:00Z
395394a5-3412-54a3-bf3e-e643efb0b44c,f2856ae5-c561-5f69-8db8-0495481bb2b0,793febd0-58d1-5720-974c-7fac9831b490,11e2a464-6f07-5a4e-a03f-bb717288111a,11,present,2fcc7551-8195-5661-abb4-00763cf1253e,2026-03-20T10:00:00Z
b3ac2f67-4c57-54ea-821f-b12876af2f4a,f2856ae5-c561-5f69-8db8-0495481bb2b0,c4311ea9-1b64-58b6-a429-68753e6f1674,11e2a464-6f07-5a4e-a03f-bb717288111a,19,present,2fcc7551-8195-5661-abb4-00763cf1253e,2026-03-20T10:00:00Z
7f47d098-9ded-571f-a5bc-2cf359ba8afc,f2856ae5-c561-5f69-8db8-0495481bb2b0,fb828b3c-f92e-5af6-9e12-01c0216522db,11e2a464-6f07-5a4e-a03f-bb717288111a,34,present,2fcc7551-8195-5661-abb4-00763cf1253e,2026-03-20T10:00:00Z
22314770-ac2a-5fdb-b7eb-a21536d2b656,f2856ae5-c561-5f69-8db8-0495481bb2b0,5d54a41a-20ce-5ae1-b323-ba0b02304487,11e2a464-6f07-5a4e-a03f-bb717288111a,13,present,72fa82de-09c5-522c-bbba-f0a09021a696,2026-03-20T10:00:00Z
3e43d1ca-cac5-52e9-90b2-0d482c6726a6,f2856ae5-c561-5f69-8db8-0495481bb2b0,1062f271-2f67-584d-b911-e09dc2e8e83d,11e2a464-6f07-5a4e-a03f-bb717288111a,19,present,72fa82de-09c5-522c-bbba-f0a09021a696,2026-03-20T10:00:00Z
efbec269-2f8b-51e0-a2d0-c7da09b5f55f,f2856ae5-c561-5f69-8db8-0495481bb2b0,301d296a-e6a0-56a0-9cf2-5ba2a85bfc78,11e2a464-6f07-5a4e-a03f-bb717288111a,39,present,72fa82de-09c5-522c-bbba-f0a09021a696,2026-03-20T10:00:00Z
692ee781-2b0a-5b8e-affb-ccbf590943ea,f2856ae5-c561-5f69-8db8-0495481bb2b0,635d0176-d1ac-5cf3-bc42-8fdbd9561903,11e2a464-6f07-5a4e-a03f-bb717288111a,14,present,2fcc7551-8195-5661-abb4-00763cf1253e,2026-03-20T10:00:00Z
afb04553-3efe-5984-8998-e45881126a4f,f2856ae5-c561-5f69-8db8-0495481bb2b0,ca866ba4-0791-5dde-9473-415ea647e370,11e2a464-6f07-5a4e-a03f-bb717288111a,22,present,2fcc7551-8195-5661-abb4-00763cf1253e,2026-03-20T10:00:00Z
5c94b4a1-79f7-50f4-a460-c9553285faea,f2856ae5-c561-5f69-8db8-0495481bb2b0,677c9e10-2574-5731-b07b-2edaba36a83e,11e2a464-6f07-5a4e-a03f-bb717288111a,42,present,2fcc7551-8195-5661-abb4-00763cf1253e,2026-03-20T10:00:00Z
ff89187c-a2d6-5da5-9c8a-eec3b0713405,f2856ae5-c561-5f69-8db8-0495481bb2b0,f3a4fd64-e945-5bdc-9c80-cfbc113fb307,70e65636-5347-5d9d-bfcb-bfd229d62a05,18,present,2fcc7551-8195-5661-abb4-00763cf1253e,2026-03-20T10:00:00Z
18599699-c16d-5a5e-8276-b4bfeda4cdfa,f2856ae5-c561-5f69-8db8-0495481bb2b0,a00a99f3-c137-5a92-bc77-c21c8db1b68a,70e65636-5347-5d9d-bfcb-bfd229d62a05,28,present,2fcc7551-8195-5661-abb4-00763cf1253e,2026-03-20T10:00:00Z
84c89eef-d3bc-5de0-a452-a5769e999a18,f2856ae5-c561-5f69-8db8-0495481bb2b0,6f62be6a-c4c7-5e4d-9551-bd522fd4cd0b,70e65636-5347-5d9d-bfcb-bfd229d62a05,53,present,2fcc7551-8195-5661-abb4-00763cf1253e,2026-03-20T10:00:00Z
7bb9ec47-792b-54af-b9a0-ea3e193297c2,f2856ae5-c561-5f69-8db8-0495481bb2b0,d53f2d1b-3586-5c10-bf18-501fa07fd78a,70e65636-5347-5d9d-bfcb-bfd229d62a05,14,present,2fcc7551-8195-5661-abb4-00763cf1253e,2026-03-20T10:00:00Z
2232a09a-0398-5b86-bd54-2beb21aa187f,f2856ae5-c561-5f69-8db8-0495481bb2b0,07c94231-74f3-547c-b434-fbb7ef9a9dfc,70e65636-5347-5d9d-bfcb-bfd229d62a05,22,present,2fcc7551-8195-5661-abb4-00763cf1253e,2026-03-20T10:00:00Z
7c5ef346-0054-505c-ac17-f80959c8b60f,f2856ae5-c561-5f69-8db8-0495481bb2b0,84df9417-5e8f-5a20-a2f7-447b492b7eb8,70e65636-5347-5d9d-bfcb-bfd229d62a05,58,present,2fcc7551-8195-5661-abb4-00763cf1253e,2026-03-20T10:00:00Z
cdea463b-2424-5273-9dae-f26464865fa9,f2856ae5-c561-5f69-8db8-0495481bb2b0,d1f7faf9-58cb-5c10-8cf5-50ea9f5e13ec,70e65636-5347-5d9d-bfcb-bfd229d62a05,20,present,2fcc7551-8195-5661-abb4-00763cf1253e,2026-03-20T10:00:00Z
74fcce8f-dc51-5434-b6a7-2a27db18e7eb,f2856ae5-c561-5f69-8db8-0495481bb2b0,e1ee48ce-f660-5b8d-bc29-c6cc1e12ce4a,70e65636-5347-5d9d-bfcb-bfd229d62a05,35,present,2fcc7551-8195-5661-abb4-00763cf1253e,2026-03-20T10:00:00Z
07134396-06f1-5a24-bc1f-ee14c483a43b,f2856ae5-c561-5f69-8db8-0495481bb2b0,090e84ad-74f5-5ce5-9a18-b539a686f048,70e65636-5347-5d9d-bfcb-bfd229d62a05,69,present,2fcc7551-8195-5661-abb4-00763cf1253e,2026-03-20T10:00:00Z
9ce22001-db84-522e-bdbe-ed2e18e93b0c,f2856ae5-c561-5f69-8db8-0495481bb2b0,ef0bd7b2-fc16-5b83-9e1f-4f4cccab4b4b,70e65636-5347-5d9d-bfcb-bfd229d62a05,17,present,2fcc7551-8195-5661-abb4-00763cf1253e,2026-03-20T10:00:00Z
9c607136-fa10-531f-9050-fd5b5040acbd,f2856ae5-c561-5f69-8db8-0495481bb2b0,ec838c04-6471-5751-8d4e-78fcff79701b,70e65636-5347-5d9d-bfcb-bfd229d62a05,30,present,2fcc7551-8195-5661-abb4-00763cf1253e,2026-03-20T10:00:00Z
637827a5-aa24-52a7-95fa-974490c61f0d,f2856ae5-c561-5f69-8db8-0495481bb2b0,8bc1a04c-5e40-514a-9658-91e849689028,70e65636-5347-5d9d-bfcb-bfd229d62a05,42,present,2fcc7551-8195-5661-abb4-00763cf1253e,2026-03-20T10:00:00Z
93aa85db-3108-5a76-82f1-8fb53ce4afb1,f2856ae5-c561-5f69-8db8-0495481bb2b0,ff25a5dc-f304-54a0-9d74-7b8a7d3d8d4d,70e65636-5347-5d9d-bfcb-bfd229d62a05,17,present,2fcc7551-8195-5661-abb4-00763cf1253e,2026-03-20T10:00:00Z
b3bdc234-1349-5f76-a667-3d1b3d7df943,f2856ae5-c561-5f69-8db8-0495481bb2b0,142901a9-9023-50ae-8d51-45a8492ce73d,70e65636-5347-5d9d-bfcb-bfd229d62a05,25,present,2fcc7551-8195-5661-abb4-00763cf1253e,2026-03-20T10:00:00Z
628d4564-d2f6-5b9e-ab3e-bfc792c0ff51,f2856ae5-c561-5f69-8db8-0495481bb2b0,38052435-c3c4-5754-b732-411d165b43b2,70e65636-5347-5d9d-bfcb-bfd229d62a05,43,present,2fcc7551-8195-5661-abb4-00763cf1253e,2026-03-20T10:00:00Z
6486ad19-639b-5a20-b3a3-ba13b443ec32,f2856ae5-c561-5f69-8db8-0495481bb2b0,793febd0-58d1-5720-974c-7fac9831b490,70e65636-5347-5d9d-bfcb-bfd229d62a05,19,present,2fcc7551-8195-5661-abb4-00763cf1253e,2026-03-20T10:00:00Z
233f94c2-367b-5ceb-ae5a-cdc121d699d1,f2856ae5-c561-5f69-8db8-0495481bb2b0,c4311ea9-1b64-58b6-a429-68753e6f1674,70e65636-5347-5d9d-bfcb-bfd229d62a05,27,present,2fcc7551-8195-5661-abb4-00763cf1253e,2026-03-20T10:00:00Z
e09a21df-2244-5338-9eb4-8314da60374b,f2856ae5-c561-5f69-8db8-0495481bb2b0,fb828b3c-f92e-5af6-9e12-01c0216522db,70e65636-5347-5d9d-bfcb-bfd229d62a05,62,present,2fcc7551-8195-5661-abb4-00763cf1253e,2026-03-20T10:00:00Z
dff6bc7f-58db-5606-8bfd-88f1e562490b,f2856ae5-c561-5f69-8db8-0495481bb2b0,5d54a41a-20ce-5ae1-b323-ba0b02304487,70e65636-5347-5d9d-bfcb-bfd229d62a05,18,present,72fa82de-09c5-522c-bbba-f0a09021a696,2026-03-20T10:00:00Z
fdf49ee1-29e3-54ce-9394-7e2e9e2b58e9,f2856ae5-c561-5f69-8db8-0495481bb2b0,1062f271-2f67-584d-b911-e09dc2e8e83d,70e65636-5347-5d9d-bfcb-bfd229d62a05,34,present,72fa82de-09c5-522c-bbba-f0a09021a696,2026-03-20T10:00:00Z
cee9b370-73c1-5b02-93cd-45a98a3690c1,f2856ae5-c561-5f69-8db8-0495481bb2b0,301d296a-e6a0-56a0-9cf2-5ba2a85bfc78,70e65636-5347-5d9d-bfcb-bfd229d62a05,63,present,72fa82de-09c5-522c-bbba-f0a09021a696,2026-03-20T10:00:00Z
f03a5214-2f14-5f98-a0d2-8aea3a2bf433,f2856ae5-c561-5f69-8db8-0495481bb2b0,635d0176-d1ac-5cf3-bc42-8fdbd9561903,70e65636-5347-5d9d-bfcb-bfd229d62a05,17,present,2fcc7551-8195-5661-abb4-00763cf1253e,2026-03-20T10:00:00Z
0963ee26-99c8-5971-96fa-54152342be16,f2856ae5-c561-5f69-8db8-0495481bb2b0,ca866ba4-0791-5dde-9473-415ea647e370,70e65636-5347-5d9d-bfcb-bfd229d62a05,26,present,2fcc7551-8195-5661-abb4-00763cf1253e,2026-03-20T10:00:00Z
08b9616e-87e2-57c5-a259-46b4b4aa7341,f2856ae5-c561-5f69-8db8-0495481bb2b0,677c9e10-2574-5731-b07b-2edaba36a83e,70e65636-5347-5d9d-bfcb-bfd229d62a05,52,present,2fcc7551-8195-5661-abb4-00763cf1253e,2026-03-20T10:00:00Z
189f0aab-ec81-5e0e-ab04-373ea3caba58,f2856ae5-c561-5f69-8db8-0495481bb2b0,f3a4fd64-e945-5bdc-9c80-cfbc113fb307,4548863c-08be-52e9-9722-e77e9efd1a95,16,present,2fcc7551-8195-5661-abb4-00763cf1253e,2026-03-20T10:00:00Z
dd5b6543-2efa-55a8-b243-b3da79001e00,f2856ae5-c561-5f69-8db8-0495481bb2b0,a00a99f3-c137-5a92-bc77-c21c8db1b68a,4548863c-08be-52e9-9722-e77e9efd1a95,26,present,2fcc7551-8195-5661-abb4-00763cf1253e,2026-03-20T10:00:00Z
28f569d0-951c-5863-8bb7-1b2d97a03e6b,f2856ae5-c561-5f69-8db8-0495481bb2b0,6f62be6a-c4c7-5e4d-9551-bd522fd4cd0b,4548863c-08be-52e9-9722-e77e9efd1a95,59,present,2fcc7551-8195-5661-abb4-00763cf1253e,2026-03-20T10:00:00Z
45149f76-d934-5ca8-887d-09c15c5af2de,f2856ae5-c561-5f69-8db8-0495481bb2b0,d53f2d1b-3586-5c10-bf18-501fa07fd78a,4548863c-08be-52e9-9722-e77e9efd1a95,15,present,2fcc7551-8195-5661-abb4-00763cf1253e,2026-03-20T10:00:00Z
a828a8cc-7131-5b3d-bcf4-0186553bdc13,f2856ae5-c561-5f69-8db8-0495481bb2b0,07c94231-74f3-547c-b434-fbb7ef9a9dfc,4548863c-08be-52e9-9722-e77e9efd1a95,28,present,2fcc7551-8195-5661-abb4-00763cf1253e,2026-03-20T10:00:00Z
85e4a24c-a772-5740-9d3b-412f369c3a60,f2856ae5-c561-5f69-8db8-0495481bb2b0,84df9417-5e8f-5a20-a2f7-447b492b7eb8,4548863c-08be-52e9-9722-e77e9efd1a95,59,present,2fcc7551-8195-5661-abb4-00763cf1253e,2026-03-20T10:00:00Z
31c83ec9-1c42-5e22-b52b-547344ba3df6,f2856ae5-c561-5f69-8db8-0495481bb2b0,d1f7faf9-58cb-5c10-8cf5-50ea9f5e13ec,4548863c-08be-52e9-9722-e77e9efd1a95,17,present,2fcc7551-8195-5661-abb4-00763cf1253e,2026-03-20T10:00:00Z
dcc7eb51-9064-5e3a-a0ab-33a9028c4e7d,f2856ae5-c561-5f69-8db8-0495481bb2b0,e1ee48ce-f660-5b8d-bc29-c6cc1e12ce4a,4548863c-08be-52e9-9722-e77e9efd1a95,27,present,2fcc7551-8195-5661-abb4-00763cf1253e,2026-03-20T10:00:00Z
9a976926-64b2-5801-8801-e29d546810dd,f2856ae5-c561-5f69-8db8-0495481bb2b0,090e84ad-74f5-5ce5-9a18-b539a686f048,4548863c-08be-52e9-9722-e77e9efd1a95,58,present,2fcc7551-8195-5661-abb4-00763cf1253e,2026-03-20T10:00:00Z
402c74b7-192c-5f86-b186-2b63b89e94ff,f2856ae5-c561-5f69-8db8-0495481bb2b0,ef0bd7b2-fc16-5b83-9e1f-4f4cccab4b4b,4548863c-08be-52e9-9722-e77e9efd1a95,15,present,2fcc7551-8195-5661-abb4-00763cf1253e,2026-03-20T10:00:00Z
99c746e8-8c63-5632-adb3-4cc5aecb94eb,f2856ae5-c561-5f69-8db8-0495481bb2b0,ec838c04-6471-5751-8d4e-78fcff79701b,4548863c-08be-52e9-9722-e77e9efd1a95,29,present,2fcc7551-8195-5661-abb4-00763cf1253e,2026-03-20T10:00:00Z
ad3d7638-d42a-5fa1-b5e3-fd836af486f5,f2856ae5-c561-5f69-8db8-0495481bb2b0,8bc1a04c-5e40-514a-9658-91e849689028,4548863c-08be-52e9-9722-e77e9efd1a95,43,present,2fcc7551-8195-5661-abb4-00763cf1253e,2026-03-20T10:00:00Z
d711f701-8af0-5cab-9dc3-4d3143571614,f2856ae5-c561-5f69-8db8-0495481bb2b0,ff25a5dc-f304-54a0-9d74-7b8a7d3d8d4d,4548863c-08be-52e9-9722-e77e9efd1a95,12,present,2fcc7551-8195-5661-abb4-00763cf1253e,2026-03-20T10:00:00Z
ea37e40e-f542-55a7-945f-e46103a32985,f2856ae5-c561-5f69-8db8-0495481bb2b0,142901a9-9023-50ae-8d51-45a8492ce73d,4548863c-08be-52e9-9722-e77e9efd1a95,24,present,2fcc7551-8195-5661-abb4-00763cf1253e,2026-03-20T10:00:00Z
662817cf-284e-58d3-8453-0ea2bec9a96c,f2856ae5-c561-5f69-8db8-0495481bb2b0,38052435-c3c4-5754-b732-411d165b43b2,4548863c-08be-52e9-9722-e77e9efd1a95,42,present,2fcc7551-8195-5661-abb4-00763cf1253e,2026-03-20T10:00:00Z
54a35fca-59c8-5714-b465-0af22b853e37,f2856ae5-c561-5f69-8db8-0495481bb2b0,793febd0-58d1-5720-974c-7fac9831b490,4548863c-08be-52e9-9722-e77e9efd1a95,19,present,2fcc7551-8195-5661-abb4-00763cf1253e,2026-03-20T10:00:00Z
94ae2d39-c52e-504b-985c-5ab4020ac29a,f2856ae5-c561-5f69-8db8-0495481bb2b0,c4311ea9-1b64-58b6-a429-68753e6f1674,4548863c-08be-52e9-9722-e77e9efd1a95,30,present,2fcc7551-8195-5661-abb4-00763cf1253e,2026-03-20T10:00:00Z
b077d94e-15f2-510b-8225-17e795565895,f2856ae5-c561-5f69-8db8-0495481bb2b0,fb828b3c-f92e-5af6-9e12-01c0216522db,4548863c-08be-52e9-9722-e77e9efd1a95,69,present,2fcc7551-8195-5661-abb4-00763cf1253e,2026-03-20T10:00:00Z
eeb5ba00-d6a8-55a2-a971-038f1204ea92,f2856ae5-c561-5f69-8db8-0495481bb2b0,5d54a41a-20ce-5ae1-b323-ba0b02304487,4548863c-08be-52e9-9722-e77e9efd1a95,21,present,72fa82de-09c5-522c-bbba-f0a09021a696,2026-03-20T10:00:00Z
483ce236-8647-5a2e-ae77-7583a8ef9d4b,f2856ae5-c561-5f69-8db8-0495481bb2b0,1062f271-2f67-584d-b911-e09dc2e8e83d,4548863c-08be-52e9-9722-e77e9efd1a95,37,present,72fa82de-09c5-522c-bbba-f0a09021a696,2026-03-20T10:00:00Z
58f99ff8-c555-51b0-baa6-309e7c3dbb4d,f2856ae5-c561-5f69-8db8-0495481bb2b0,301d296a-e6a0-56a0-9cf2-5ba2a85bfc78,4548863c-08be-52e9-9722-e77e9efd1a95,67,present,72fa82de-09c5-522c-bbba-f0a09021a696,2026-03-20T10:00:00Z
fd6d42a8-a486-5a9e-8139-448f4f5a7d83,f2856ae5-c561-5f69-8db8-0495481bb2b0,635d0176-d1ac-5cf3-bc42-8fdbd9561903,4548863c-08be-52e9-9722-e77e9efd1a95,18,present,2fcc7551-8195-5661-abb4-00763cf1253e,2026-03-20T10:00:00Z
9cef0556-7005-54ec-adfc-f0d1bda9013a,f2856ae5-c561-5f69-8db8-0495481bb2b0,ca866ba4-0791-5dde-9473-415ea647e370,4548863c-08be-52e9-9722-e77e9efd1a95,40,present,2fcc7551-8195-5661-abb4-00763cf1253e,2026-03-20T10:00:00Z
8e8439f2-118a-53e2-abc1-b8316e1d5f38,f2856ae5-c561-5f69-8db8-0495481bb2b0,677c9e10-2574-5731-b07b-2edaba36a83e,4548863c-08be-52e9-9722-e77e9efd1a95,72,present,2fcc7551-8195-5661-abb4-00763cf1253e,2026-03-20T10:00:00Z
2f92d488-5020-5660-a46c-984509525c6f,f2856ae5-c561-5f69-8db8-0495481bb2b0,89a1c969-4141-555d-8ac4-33a2b29e6ded,4039fe24-0627-5ba4-a42f-6a9953a9795f,13,present,cdc27f92-2037-5191-bdf4-6c262b1949de,2026-03-20T10:00:00Z
da08dba1-e1df-5462-9d65-96b80ef07a75,f2856ae5-c561-5f69-8db8-0495481bb2b0,9a8f1f0e-a2f4-5476-b159-3839d4dab4ca,4039fe24-0627-5ba4-a42f-6a9953a9795f,17,present,cdc27f92-2037-5191-bdf4-6c262b1949de,2026-03-20T10:00:00Z
0ce8f236-f763-5b25-bb9a-260b26fea0a3,f2856ae5-c561-5f69-8db8-0495481bb2b0,db88ff88-2899-5869-9996-b260c2eafbf3,4039fe24-0627-5ba4-a42f-6a9953a9795f,39,present,cdc27f92-2037-5191-bdf4-6c262b1949de,2026-03-20T10:00:00Z
b400c49c-4bdd-55b2-842a-ed89205bc2b8,f2856ae5-c561-5f69-8db8-0495481bb2b0,5ed88aa0-2740-5dd2-abe5-63fa0624db08,4039fe24-0627-5ba4-a42f-6a9953a9795f,17,present,cdc27f92-2037-5191-bdf4-6c262b1949de,2026-03-20T10:00:00Z
d3bcbd6a-5788-5e11-88d4-dd2e11e4fbbf,f2856ae5-c561-5f69-8db8-0495481bb2b0,7b373708-6301-56ba-b90d-75d0a4ec8dff,4039fe24-0627-5ba4-a42f-6a9953a9795f,30,present,cdc27f92-2037-5191-bdf4-6c262b1949de,2026-03-20T10:00:00Z
adb5aa11-f94a-50cf-a22e-374655b76baf,f2856ae5-c561-5f69-8db8-0495481bb2b0,84f428c2-aac4-5e92-9904-f40aea529ae2,4039fe24-0627-5ba4-a42f-6a9953a9795f,39,present,cdc27f92-2037-5191-bdf4-6c262b1949de,2026-03-20T10:00:00Z
c0bde434-489c-5b49-8a1f-856c069564ae,f2856ae5-c561-5f69-8db8-0495481bb2b0,c87de391-3613-51d5-9ccc-882a08e7fca5,4039fe24-0627-5ba4-a42f-6a9953a9795f,17,present,cdc27f92-2037-5191-bdf4-6c262b1949de,2026-03-20T10:00:00Z
2c5cae2d-87cf-5886-bbf4-aea6b81bc549,f2856ae5-c561-5f69-8db8-0495481bb2b0,9cff46db-c9cb-5d32-8536-f5b4bcdeb0f4,4039fe24-0627-5ba4-a42f-6a9953a9795f,23,present,cdc27f92-2037-5191-bdf4-6c262b1949de,2026-03-20T10:00:00Z
79e991a3-afe3-5a24-a168-b8cef4e8ff54,f2856ae5-c561-5f69-8db8-0495481bb2b0,4e7f39c6-25e1-5ccb-a238-610190e373d4,4039fe24-0627-5ba4-a42f-6a9953a9795f,48,present,cdc27f92-2037-5191-bdf4-6c262b1949de,2026-03-20T10:00:00Z
f0e60057-934c-5ea9-b5e9-aef64bac18e1,f2856ae5-c561-5f69-8db8-0495481bb2b0,9c13f1a1-7d5a-59a5-9584-fde45b06b1d3,4039fe24-0627-5ba4-a42f-6a9953a9795f,18,present,cdc27f92-2037-5191-bdf4-6c262b1949de,2026-03-20T10:00:00Z
bfc26d74-3417-50e7-8755-0ea146135819,f2856ae5-c561-5f69-8db8-0495481bb2b0,a5984216-76d6-57dc-bd1d-cc3ed1299490,4039fe24-0627-5ba4-a42f-6a9953a9795f,30,present,cdc27f92-2037-5191-bdf4-6c262b1949de,2026-03-20T10:00:00Z
8915f7f9-7c19-581e-8bd3-042b5988295e,f2856ae5-c561-5f69-8db8-0495481bb2b0,cf80dbb6-49dd-501d-a37c-1fd07820a225,4039fe24-0627-5ba4-a42f-6a9953a9795f,70,present,cdc27f92-2037-5191-bdf4-6c262b1949de,2026-03-20T10:00:00Z
b2cb5d8f-5c77-542c-ba3d-557a1c4c6945,f2856ae5-c561-5f69-8db8-0495481bb2b0,7f33de9b-2d3b-51dc-be54-092fd1da81a8,4039fe24-0627-5ba4-a42f-6a9953a9795f,17,present,cdc27f92-2037-5191-bdf4-6c262b1949de,2026-03-20T10:00:00Z
183c2b88-6b99-5e1f-ac66-e3a8879c4e59,f2856ae5-c561-5f69-8db8-0495481bb2b0,3dcc4ee5-7fed-5938-bc9b-cd0a35f43e52,4039fe24-0627-5ba4-a42f-6a9953a9795f,26,present,cdc27f92-2037-5191-bdf4-6c262b1949de,2026-03-20T10:00:00Z
9790a79f-9d77-5def-83c3-93cba093c7ed,f2856ae5-c561-5f69-8db8-0495481bb2b0,8bd57b91-f6f6-5765-acac-b8047826ec4b,4039fe24-0627-5ba4-a42f-6a9953a9795f,51,present,cdc27f92-2037-5191-bdf4-6c262b1949de,2026-03-20T10:00:00Z
eec9be4b-bfd6-5c54-9b40-00150d712ffa,f2856ae5-c561-5f69-8db8-0495481bb2b0,5ae31b32-4b45-596c-9167-56cab366346c,4039fe24-0627-5ba4-a42f-6a9953a9795f,20,present,cdc27f92-2037-5191-bdf4-6c262b1949de,2026-03-20T10:00:00Z
6848f075-4181-5ed2-b76e-ab83a0dda33a,f2856ae5-c561-5f69-8db8-0495481bb2b0,ec344613-1fca-5cc4-8cac-4818a0ecf8d3,4039fe24-0627-5ba4-a42f-6a9953a9795f,30,present,cdc27f92-2037-5191-bdf4-6c262b1949de,2026-03-20T10:00:00Z
24c5bbc3-b9c1-5380-9ab4-b5a6a83f6967,f2856ae5-c561-5f69-8db8-0495481bb2b0,48f3f6dd-fdd8-528a-b9ba-b12bd78071a1,4039fe24-0627-5ba4-a42f-6a9953a9795f,65,present,cdc27f92-2037-5191-bdf4-6c262b1949de,2026-03-20T10:00:00Z
c8c90a84-55f7-56ed-abb3-66157dede33a,f2856ae5-c561-5f69-8db8-0495481bb2b0,2e7fed22-819b-5faf-b500-e1130785f0f9,4039fe24-0627-5ba4-a42f-6a9953a9795f,14,present,72fa82de-09c5-522c-bbba-f0a09021a696,2026-03-20T10:00:00Z
8454fee0-8802-593e-889b-e7bb0a9223ed,f2856ae5-c561-5f69-8db8-0495481bb2b0,ef448b82-b761-5e44-b437-2be46fe60c3c,4039fe24-0627-5ba4-a42f-6a9953a9795f,31,present,72fa82de-09c5-522c-bbba-f0a09021a696,2026-03-20T10:00:00Z
40817e3c-1efe-5579-98c5-3d9ee580480e,f2856ae5-c561-5f69-8db8-0495481bb2b0,c70e591a-9806-59ff-bbd2-77c6d961dafc,4039fe24-0627-5ba4-a42f-6a9953a9795f,54,present,72fa82de-09c5-522c-bbba-f0a09021a696,2026-03-20T10:00:00Z
bc5cb2a5-66ab-52df-a19e-13e411ed0caa,f2856ae5-c561-5f69-8db8-0495481bb2b0,c7ace640-ab29-5d6e-ae0b-ef405aa8990f,4039fe24-0627-5ba4-a42f-6a9953a9795f,13,present,cdc27f92-2037-5191-bdf4-6c262b1949de,2026-03-20T10:00:00Z
6dcf6bcc-56bb-5c3a-8092-aa9791a7e586,f2856ae5-c561-5f69-8db8-0495481bb2b0,3bc33292-b85c-5c25-9104-758e1a7ece4b,4039fe24-0627-5ba4-a42f-6a9953a9795f,25,present,cdc27f92-2037-5191-bdf4-6c262b1949de,2026-03-20T10:00:00Z
8ecc3654-5e56-5581-bce9-5df1413280ec,f2856ae5-c561-5f69-8db8-0495481bb2b0,6afa375a-e53d-589c-93d2-1abeb3dbbcbf,4039fe24-0627-5ba4-a42f-6a9953a9795f,46,present,cdc27f92-2037-5191-bdf4-6c262b1949de,2026-03-20T10:00:00Z
c078549b-f975-5679-885f-86bcd290515c,f2856ae5-c561-5f69-8db8-0495481bb2b0,89a1c969-4141-555d-8ac4-33a2b29e6ded,456c9418-8ef7-5122-b7d5-3a0578e77948,20,present,cdc27f92-2037-5191-bdf4-6c262b1949de,2026-03-20T10:00:00Z
5ceee0bb-fe31-564e-9f69-a243742fe3a8,f2856ae5-c561-5f69-8db8-0495481bb2b0,9a8f1f0e-a2f4-5476-b159-3839d4dab4ca,456c9418-8ef7-5122-b7d5-3a0578e77948,33,present,cdc27f92-2037-5191-bdf4-6c262b1949de,2026-03-20T10:00:00Z
1f97afc3-e475-5c71-a38d-5eb07cb1db1d,f2856ae5-c561-5f69-8db8-0495481bb2b0,db88ff88-2899-5869-9996-b260c2eafbf3,456c9418-8ef7-5122-b7d5-3a0578e77948,70,present,cdc27f92-2037-5191-bdf4-6c262b1949de,2026-03-20T10:00:00Z
0d77576b-5cc4-5498-b70f-a9227a2007b8,f2856ae5-c561-5f69-8db8-0495481bb2b0,5ed88aa0-2740-5dd2-abe5-63fa0624db08,456c9418-8ef7-5122-b7d5-3a0578e77948,23,present,cdc27f92-2037-5191-bdf4-6c262b1949de,2026-03-20T10:00:00Z
e6c73458-33ab-59e8-a465-e756aaf324f3,f2856ae5-c561-5f69-8db8-0495481bb2b0,7b373708-6301-56ba-b90d-75d0a4ec8dff,456c9418-8ef7-5122-b7d5-3a0578e77948,35,present,cdc27f92-2037-5191-bdf4-6c262b1949de,2026-03-20T10:00:00Z
4238a68f-506f-5973-a2ff-f505f5727d5e,f2856ae5-c561-5f69-8db8-0495481bb2b0,84f428c2-aac4-5e92-9904-f40aea529ae2,456c9418-8ef7-5122-b7d5-3a0578e77948,68,present,cdc27f92-2037-5191-bdf4-6c262b1949de,2026-03-20T10:00:00Z
6f6f9ac0-8855-553d-804e-272266bf7c4b,f2856ae5-c561-5f69-8db8-0495481bb2b0,c87de391-3613-51d5-9ccc-882a08e7fca5,456c9418-8ef7-5122-b7d5-3a0578e77948,21,present,cdc27f92-2037-5191-bdf4-6c262b1949de,2026-03-20T10:00:00Z
f7d6b1b1-e3b1-5d2a-af4b-d38041a12f0c,f2856ae5-c561-5f69-8db8-0495481bb2b0,9cff46db-c9cb-5d32-8536-f5b4bcdeb0f4,456c9418-8ef7-5122-b7d5-3a0578e77948,27,present,cdc27f92-2037-5191-bdf4-6c262b1949de,2026-03-20T10:00:00Z
5d7664e1-0c30-5a2c-a7a2-de5212b71983,f2856ae5-c561-5f69-8db8-0495481bb2b0,4e7f39c6-25e1-5ccb-a238-610190e373d4,456c9418-8ef7-5122-b7d5-3a0578e77948,57,present,cdc27f92-2037-5191-bdf4-6c262b1949de,2026-03-20T10:00:00Z
c1ceff35-3aaf-533b-90cb-ab2732d396f2,f2856ae5-c561-5f69-8db8-0495481bb2b0,9c13f1a1-7d5a-59a5-9584-fde45b06b1d3,456c9418-8ef7-5122-b7d5-3a0578e77948,16,present,cdc27f92-2037-5191-bdf4-6c262b1949de,2026-03-20T10:00:00Z
ec55e373-84a6-59f7-863b-78b74f8cee59,f2856ae5-c561-5f69-8db8-0495481bb2b0,a5984216-76d6-57dc-bd1d-cc3ed1299490,456c9418-8ef7-5122-b7d5-3a0578e77948,34,present,cdc27f92-2037-5191-bdf4-6c262b1949de,2026-03-20T10:00:00Z
853720c0-bdbe-5da1-ac82-5b3ab6d79758,f2856ae5-c561-5f69-8db8-0495481bb2b0,cf80dbb6-49dd-501d-a37c-1fd07820a225,456c9418-8ef7-5122-b7d5-3a0578e77948,53,present,cdc27f92-2037-5191-bdf4-6c262b1949de,2026-03-20T10:00:00Z
1a8338c0-7eac-5b5c-9a81-ef0af993f149,f2856ae5-c561-5f69-8db8-0495481bb2b0,7f33de9b-2d3b-51dc-be54-092fd1da81a8,456c9418-8ef7-5122-b7d5-3a0578e77948,20,present,cdc27f92-2037-5191-bdf4-6c262b1949de,2026-03-20T10:00:00Z
6d857657-8fa7-5115-9447-e56f9380ae88,f2856ae5-c561-5f69-8db8-0495481bb2b0,3dcc4ee5-7fed-5938-bc9b-cd0a35f43e52,456c9418-8ef7-5122-b7d5-3a0578e77948,34,present,cdc27f92-2037-5191-bdf4-6c262b1949de,2026-03-20T10:00:00Z
8d849627-0f64-5aeb-af12-8dc7677c954e,f2856ae5-c561-5f69-8db8-0495481bb2b0,8bd57b91-f6f6-5765-acac-b8047826ec4b,456c9418-8ef7-5122-b7d5-3a0578e77948,63,present,cdc27f92-2037-5191-bdf4-6c262b1949de,2026-03-20T10:00:00Z
b895a397-1e36-56c3-bba8-1f8eeecaf38f,f2856ae5-c561-5f69-8db8-0495481bb2b0,5ae31b32-4b45-596c-9167-56cab366346c,456c9418-8ef7-5122-b7d5-3a0578e77948,13,present,cdc27f92-2037-5191-bdf4-6c262b1949de,2026-03-20T10:00:00Z
25851db8-5e01-5aee-8d23-8e676f8be3d4,f2856ae5-c561-5f69-8db8-0495481bb2b0,ec344613-1fca-5cc4-8cac-4818a0ecf8d3,456c9418-8ef7-5122-b7d5-3a0578e77948,26,present,cdc27f92-2037-5191-bdf4-6c262b1949de,2026-03-20T10:00:00Z
54b1f130-a228-5d76-9b53-bf9414093505,f2856ae5-c561-5f69-8db8-0495481bb2b0,48f3f6dd-fdd8-528a-b9ba-b12bd78071a1,456c9418-8ef7-5122-b7d5-3a0578e77948,50,present,cdc27f92-2037-5191-bdf4-6c262b1949de,2026-03-20T10:00:00Z
c5c3cbd6-d9f0-5832-9931-98a9d2b7ab28,f2856ae5-c561-5f69-8db8-0495481bb2b0,2e7fed22-819b-5faf-b500-e1130785f0f9,456c9418-8ef7-5122-b7d5-3a0578e77948,19,present,72fa82de-09c5-522c-bbba-f0a09021a696,2026-03-20T10:00:00Z
8dcc2a51-f11f-5112-9ba4-3ce386ea5f0f,f2856ae5-c561-5f69-8db8-0495481bb2b0,ef448b82-b761-5e44-b437-2be46fe60c3c,456c9418-8ef7-5122-b7d5-3a0578e77948,32,present,72fa82de-09c5-522c-bbba-f0a09021a696,2026-03-20T10:00:00Z
bbf0bb02-4f8b-55c8-922e-456d05659307,f2856ae5-c561-5f69-8db8-0495481bb2b0,c70e591a-9806-59ff-bbd2-77c6d961dafc,456c9418-8ef7-5122-b7d5-3a0578e77948,66,present,72fa82de-09c5-522c-bbba-f0a09021a696,2026-03-20T10:00:00Z
27a4fc02-8996-57d5-b888-d85f204fa11d,f2856ae5-c561-5f69-8db8-0495481bb2b0,c7ace640-ab29-5d6e-ae0b-ef405aa8990f,456c9418-8ef7-5122-b7d5-3a0578e77948,19,present,cdc27f92-2037-5191-bdf4-6c262b1949de,2026-03-20T10:00:00Z
9041c2b1-6f47-58f7-91bf-157b6f36ea59,f2856ae5-c561-5f69-8db8-0495481bb2b0,3bc33292-b85c-5c25-9104-758e1a7ece4b,456c9418-8ef7-5122-b7d5-3a0578e77948,38,present,cdc27f92-2037-5191-bdf4-6c262b1949de,2026-03-20T10:00:00Z
70dbd5de-58e8-55c8-a496-2c9871a81abf,f2856ae5-c561-5f69-8db8-0495481bb2b0,6afa375a-e53d-589c-93d2-1abeb3dbbcbf,456c9418-8ef7-5122-b7d5-3a0578e77948,72,present,cdc27f92-2037-5191-bdf4-6c262b1949de,2026-03-20T10:00:00Z
9c6d4602-8fb5-5880-a9e8-fdde3e225dfc,f2856ae5-c561-5f69-8db8-0495481bb2b0,89a1c969-4141-555d-8ac4-33a2b29e6ded,51555871-ebcd-50a0-bc8d-78efff56c195,15,present,cdc27f92-2037-5191-bdf4-6c262b1949de,2026-03-20T10:00:00Z
58dee3b9-6df9-578d-8dd9-6f6461afb675,f2856ae5-c561-5f69-8db8-0495481bb2b0,9a8f1f0e-a2f4-5476-b159-3839d4dab4ca,51555871-ebcd-50a0-bc8d-78efff56c195,23,present,cdc27f92-2037-5191-bdf4-6c262b1949de,2026-03-20T10:00:00Z
2b791ab9-aaca-59c1-8eac-e3854779d188,f2856ae5-c561-5f69-8db8-0495481bb2b0,db88ff88-2899-5869-9996-b260c2eafbf3,51555871-ebcd-50a0-bc8d-78efff56c195,62,present,cdc27f92-2037-5191-bdf4-6c262b1949de,2026-03-20T10:00:00Z
42773d0e-5d47-5500-8933-bb163f5566ee,f2856ae5-c561-5f69-8db8-0495481bb2b0,5ed88aa0-2740-5dd2-abe5-63fa0624db08,51555871-ebcd-50a0-bc8d-78efff56c195,15,present,cdc27f92-2037-5191-bdf4-6c262b1949de,2026-03-20T10:00:00Z
a989139c-6f9e-52c4-b455-8fb5242b3d8c,f2856ae5-c561-5f69-8db8-0495481bb2b0,7b373708-6301-56ba-b90d-75d0a4ec8dff,51555871-ebcd-50a0-bc8d-78efff56c195,33,present,cdc27f92-2037-5191-bdf4-6c262b1949de,2026-03-20T10:00:00Z
4bb58912-3dcc-5e56-9e82-401b8cd286a3,f2856ae5-c561-5f69-8db8-0495481bb2b0,84f428c2-aac4-5e92-9904-f40aea529ae2,51555871-ebcd-50a0-bc8d-78efff56c195,64,present,cdc27f92-2037-5191-bdf4-6c262b1949de,2026-03-20T10:00:00Z
6f9d6c02-04d2-5d1b-801e-8dda58ca5fde,f2856ae5-c561-5f69-8db8-0495481bb2b0,c87de391-3613-51d5-9ccc-882a08e7fca5,51555871-ebcd-50a0-bc8d-78efff56c195,20,present,cdc27f92-2037-5191-bdf4-6c262b1949de,2026-03-20T10:00:00Z
3fb05472-77c1-592b-a628-44ad6b16e85c,f2856ae5-c561-5f69-8db8-0495481bb2b0,9cff46db-c9cb-5d32-8536-f5b4bcdeb0f4,51555871-ebcd-50a0-bc8d-78efff56c195,32,present,cdc27f92-2037-5191-bdf4-6c262b1949de,2026-03-20T10:00:00Z
27b483de-fcd6-568c-99b4-be164ce6d99f,f2856ae5-c561-5f69-8db8-0495481bb2b0,4e7f39c6-25e1-5ccb-a238-610190e373d4,51555871-ebcd-50a0-bc8d-78efff56c195,68,present,cdc27f92-2037-5191-bdf4-6c262b1949de,2026-03-20T10:00:00Z
7d906866-23aa-56ab-9e17-729cb422010a,f2856ae5-c561-5f69-8db8-0495481bb2b0,9c13f1a1-7d5a-59a5-9584-fde45b06b1d3,51555871-ebcd-50a0-bc8d-78efff56c195,20,present,cdc27f92-2037-5191-bdf4-6c262b1949de,2026-03-20T10:00:00Z
1520276d-7005-5c7c-a810-d0d756e41f9b,f2856ae5-c561-5f69-8db8-0495481bb2b0,a5984216-76d6-57dc-bd1d-cc3ed1299490,51555871-ebcd-50a0-bc8d-78efff56c195,31,present,cdc27f92-2037-5191-bdf4-6c262b1949de,2026-03-20T10:00:00Z
ff18d199-61e5-5060-a7f0-8fb57b253a12,f2856ae5-c561-5f69-8db8-0495481bb2b0,cf80dbb6-49dd-501d-a37c-1fd07820a225,51555871-ebcd-50a0-bc8d-78efff56c195,63,present,cdc27f92-2037-5191-bdf4-6c262b1949de,2026-03-20T10:00:00Z
62a02a77-ee59-56ef-87c0-4233dc7a87f4,f2856ae5-c561-5f69-8db8-0495481bb2b0,7f33de9b-2d3b-51dc-be54-092fd1da81a8,51555871-ebcd-50a0-bc8d-78efff56c195,24,present,cdc27f92-2037-5191-bdf4-6c262b1949de,2026-03-20T10:00:00Z
72e976ad-7fe2-525c-a506-5051e94b4b6a,f2856ae5-c561-5f69-8db8-0495481bb2b0,3dcc4ee5-7fed-5938-bc9b-cd0a35f43e52,51555871-ebcd-50a0-bc8d-78efff56c195,36,present,cdc27f92-2037-5191-bdf4-6c262b1949de,2026-03-20T10:00:00Z
689b44da-8e5a-5b20-a0b7-be291f055e82,f2856ae5-c561-5f69-8db8-0495481bb2b0,8bd57b91-f6f6-5765-acac-b8047826ec4b,51555871-ebcd-50a0-bc8d-78efff56c195,72,present,cdc27f92-2037-5191-bdf4-6c262b1949de,2026-03-20T10:00:00Z
36035070-7bd2-500b-a223-1fc502e0c8b5,f2856ae5-c561-5f69-8db8-0495481bb2b0,5ae31b32-4b45-596c-9167-56cab366346c,51555871-ebcd-50a0-bc8d-78efff56c195,20,present,cdc27f92-2037-5191-bdf4-6c262b1949de,2026-03-20T10:00:00Z
6f714b04-e484-5e92-8409-15bb399d72b3,f2856ae5-c561-5f69-8db8-0495481bb2b0,ec344613-1fca-5cc4-8cac-4818a0ecf8d3,51555871-ebcd-50a0-bc8d-78efff56c195,34,present,cdc27f92-2037-5191-bdf4-6c262b1949de,2026-03-20T10:00:00Z
211e3d9e-241e-5c4e-b348-1c67f7aeb6e1,f2856ae5-c561-5f69-8db8-0495481bb2b0,48f3f6dd-fdd8-528a-b9ba-b12bd78071a1,51555871-ebcd-50a0-bc8d-78efff56c195,76,present,cdc27f92-2037-5191-bdf4-6c262b1949de,2026-03-20T10:00:00Z
8dd3f085-8e66-5535-82eb-5fb647c4e389,f2856ae5-c561-5f69-8db8-0495481bb2b0,2e7fed22-819b-5faf-b500-e1130785f0f9,51555871-ebcd-50a0-bc8d-78efff56c195,20,present,72fa82de-09c5-522c-bbba-f0a09021a696,2026-03-20T10:00:00Z
a591bb8b-6b84-58d7-a56e-4b8137ce79cd,f2856ae5-c561-5f69-8db8-0495481bb2b0,ef448b82-b761-5e44-b437-2be46fe60c3c,51555871-ebcd-50a0-bc8d-78efff56c195,33,present,72fa82de-09c5-522c-bbba-f0a09021a696,2026-03-20T10:00:00Z
4cee49ae-3d61-5ab5-8ca2-fbf5225f5121,f2856ae5-c561-5f69-8db8-0495481bb2b0,c70e591a-9806-59ff-bbd2-77c6d961dafc,51555871-ebcd-50a0-bc8d-78efff56c195,67,present,72fa82de-09c5-522c-bbba-f0a09021a696,2026-03-20T10:00:00Z
3c685854-4d30-5c8a-a404-910c69784b79,f2856ae5-c561-5f69-8db8-0495481bb2b0,c7ace640-ab29-5d6e-ae0b-ef405aa8990f,51555871-ebcd-50a0-bc8d-78efff56c195,23,present,cdc27f92-2037-5191-bdf4-6c262b1949de,2026-03-20T10:00:00Z
bb2b2d5e-ed7e-58cb-bcc1-d904b3d209c3,f2856ae5-c561-5f69-8db8-0495481bb2b0,3bc33292-b85c-5c25-9104-758e1a7ece4b,51555871-ebcd-50a0-bc8d-78efff56c195,35,present,cdc27f92-2037-5191-bdf4-6c262b1949de,2026-03-20T10:00:00Z
ba547927-08f3-5c91-b5c4-f893aa06b8b2,f2856ae5-c561-5f69-8db8-0495481bb2b0,6afa375a-e53d-589c-93d2-1abeb3dbbcbf,51555871-ebcd-50a0-bc8d-78efff56c195,69,present,cdc27f92-2037-5191-bdf4-6c262b1949de,2026-03-20T10:00:00Z
d9ed6944-eb46-5690-9373-88012563610e,f2856ae5-c561-5f69-8db8-0495481bb2b0,89a1c969-4141-555d-8ac4-33a2b29e6ded,aac782a0-2cca-5aa4-8336-9783140f5163,14,present,cdc27f92-2037-5191-bdf4-6c262b1949de,2026-03-20T10:00:00Z
e3dec223-5778-5b8a-ac50-32de91a06b1f,f2856ae5-c561-5f69-8db8-0495481bb2b0,9a8f1f0e-a2f4-5476-b159-3839d4dab4ca,aac782a0-2cca-5aa4-8336-9783140f5163,25,present,cdc27f92-2037-5191-bdf4-6c262b1949de,2026-03-20T10:00:00Z
9e3c7240-0488-5318-ac52-4af3103803c7,f2856ae5-c561-5f69-8db8-0495481bb2b0,db88ff88-2899-5869-9996-b260c2eafbf3,aac782a0-2cca-5aa4-8336-9783140f5163,60,present,cdc27f92-2037-5191-bdf4-6c262b1949de,2026-03-20T10:00:00Z
168443e4-ba87-5599-8f99-42f4363a1fdc,f2856ae5-c561-5f69-8db8-0495481bb2b0,5ed88aa0-2740-5dd2-abe5-63fa0624db08,aac782a0-2cca-5aa4-8336-9783140f5163,18,present,cdc27f92-2037-5191-bdf4-6c262b1949de,2026-03-20T10:00:00Z
78bc5143-0eb3-58ba-8ac7-2a3b4e39a56b,f2856ae5-c561-5f69-8db8-0495481bb2b0,7b373708-6301-56ba-b90d-75d0a4ec8dff,aac782a0-2cca-5aa4-8336-9783140f5163,30,present,cdc27f92-2037-5191-bdf4-6c262b1949de,2026-03-20T10:00:00Z
5a4fe002-cfe8-5059-85f8-4d5ca2466816,f2856ae5-c561-5f69-8db8-0495481bb2b0,84f428c2-aac4-5e92-9904-f40aea529ae2,aac782a0-2cca-5aa4-8336-9783140f5163,55,present,cdc27f92-2037-5191-bdf4-6c262b1949de,2026-03-20T10:00:00Z
156409a2-fe30-5343-828d-e7e93c7f24a9,f2856ae5-c561-5f69-8db8-0495481bb2b0,c87de391-3613-51d5-9ccc-882a08e7fca5,aac782a0-2cca-5aa4-8336-9783140f5163,13,present,cdc27f92-2037-5191-bdf4-6c262b1949de,2026-03-20T10:00:00Z
f0d9ccb6-49e1-5c6a-ac4b-b3bfd162cdd1,f2856ae5-c561-5f69-8db8-0495481bb2b0,9cff46db-c9cb-5d32-8536-f5b4bcdeb0f4,aac782a0-2cca-5aa4-8336-9783140f5163,27,present,cdc27f92-2037-5191-bdf4-6c262b1949de,2026-03-20T10:00:00Z
3f639562-8250-5b50-af8c-3fad84aec762,f2856ae5-c561-5f69-8db8-0495481bb2b0,4e7f39c6-25e1-5ccb-a238-610190e373d4,aac782a0-2cca-5aa4-8336-9783140f5163,50,present,cdc27f92-2037-5191-bdf4-6c262b1949de,2026-03-20T10:00:00Z
0cbac43c-70d0-5f00-8c4b-503450a1073f,f2856ae5-c561-5f69-8db8-0495481bb2b0,9c13f1a1-7d5a-59a5-9584-fde45b06b1d3,aac782a0-2cca-5aa4-8336-9783140f5163,16,present,cdc27f92-2037-5191-bdf4-6c262b1949de,2026-03-20T10:00:00Z
73fe705d-c5f3-570c-bbc9-e9932dab6e21,f2856ae5-c561-5f69-8db8-0495481bb2b0,a5984216-76d6-57dc-bd1d-cc3ed1299490,aac782a0-2cca-5aa4-8336-9783140f5163,25,present,cdc27f92-2037-5191-bdf4-6c262b1949de,2026-03-20T10:00:00Z
fc126fc0-6693-5b94-8fb7-e261b486b994,f2856ae5-c561-5f69-8db8-0495481bb2b0,cf80dbb6-49dd-501d-a37c-1fd07820a225,aac782a0-2cca-5aa4-8336-9783140f5163,58,present,cdc27f92-2037-5191-bdf4-6c262b1949de,2026-03-20T10:00:00Z
1889cf6c-ee89-5c68-b8bd-5fa8825a0b88,f2856ae5-c561-5f69-8db8-0495481bb2b0,7f33de9b-2d3b-51dc-be54-092fd1da81a8,aac782a0-2cca-5aa4-8336-9783140f5163,20,present,cdc27f92-2037-5191-bdf4-6c262b1949de,2026-03-20T10:00:00Z
203bea15-97fd-5f95-b384-1ad6b8a7cfcc,f2856ae5-c561-5f69-8db8-0495481bb2b0,3dcc4ee5-7fed-5938-bc9b-cd0a35f43e52,aac782a0-2cca-5aa4-8336-9783140f5163,31,present,cdc27f92-2037-5191-bdf4-6c262b1949de,2026-03-20T10:00:00Z
e25a16b7-6d0f-5b78-9714-654118d7fb4c,f2856ae5-c561-5f69-8db8-0495481bb2b0,8bd57b91-f6f6-5765-acac-b8047826ec4b,aac782a0-2cca-5aa4-8336-9783140f5163,70,present,cdc27f92-2037-5191-bdf4-6c262b1949de,2026-03-20T10:00:00Z
e6cfa777-427f-5479-b538-1446673c36bf,f2856ae5-c561-5f69-8db8-0495481bb2b0,5ae31b32-4b45-596c-9167-56cab366346c,aac782a0-2cca-5aa4-8336-9783140f5163,19,present,cdc27f92-2037-5191-bdf4-6c262b1949de,2026-03-20T10:00:00Z
e4520d9d-f992-55fc-952c-3c314cc97dbc,f2856ae5-c561-5f69-8db8-0495481bb2b0,ec344613-1fca-5cc4-8cac-4818a0ecf8d3,aac782a0-2cca-5aa4-8336-9783140f5163,29,present,cdc27f92-2037-5191-bdf4-6c262b1949de,2026-03-20T10:00:00Z
852ace60-be2d-5df6-a07d-24c9482e2245,f2856ae5-c561-5f69-8db8-0495481bb2b0,48f3f6dd-fdd8-528a-b9ba-b12bd78071a1,aac782a0-2cca-5aa4-8336-9783140f5163,56,present,cdc27f92-2037-5191-bdf4-6c262b1949de,2026-03-20T10:00:00Z
c609b3a5-ea51-5942-bb0b-66466785648b,f2856ae5-c561-5f69-8db8-0495481bb2b0,2e7fed22-819b-5faf-b500-e1130785f0f9,aac782a0-2cca-5aa4-8336-9783140f5163,17,present,72fa82de-09c5-522c-bbba-f0a09021a696,2026-03-20T10:00:00Z
9e1dd65e-888e-5465-b9ca-95b84ca8de4f,f2856ae5-c561-5f69-8db8-0495481bb2b0,ef448b82-b761-5e44-b437-2be46fe60c3c,aac782a0-2cca-5aa4-8336-9783140f5163,30,present,72fa82de-09c5-522c-bbba-f0a09021a696,2026-03-20T10:00:00Z
b0f51a87-d74b-5074-b95f-f281f1a03a8f,f2856ae5-c561-5f69-8db8-0495481bb2b0,c70e591a-9806-59ff-bbd2-77c6d961dafc,aac782a0-2cca-5aa4-8336-9783140f5163,57,present,72fa82de-09c5-522c-bbba-f0a09021a696,2026-03-20T10:00:00Z
6c7b9e0f-2181-50a3-bfe5-36b847e15eda,f2856ae5-c561-5f69-8db8-0495481bb2b0,c7ace640-ab29-5d6e-ae0b-ef405aa8990f,aac782a0-2cca-5aa4-8336-9783140f5163,16,present,cdc27f92-2037-5191-bdf4-6c262b1949de,2026-03-20T10:00:00Z
943d2bc4-67a5-5790-b335-e9ee6afd1b7c,f2856ae5-c561-5f69-8db8-0495481bb2b0,3bc33292-b85c-5c25-9104-758e1a7ece4b,aac782a0-2cca-5aa4-8336-9783140f5163,25,present,cdc27f92-2037-5191-bdf4-6c262b1949de,2026-03-20T10:00:00Z
74719d58-0c77-5207-b47e-f37cc19aad90,f2856ae5-c561-5f69-8db8-0495481bb2b0,6afa375a-e53d-589c-93d2-1abeb3dbbcbf,aac782a0-2cca-5aa4-8336-9783140f5163,50,present,cdc27f92-2037-5191-bdf4-6c262b1949de,2026-03-20T10:00:00Z
7ecbcf8b-7c06-5bf1-8d9d-6d6d7ed99b3b,f2856ae5-c561-5f69-8db8-0495481bb2b0,89a1c969-4141-555d-8ac4-33a2b29e6ded,33d875fd-1aaa-565b-8be3-7f887fe292da,12,present,cdc27f92-2037-5191-bdf4-6c262b1949de,2026-03-20T10:00:00Z
585c380a-a640-5dc9-ac9d-859c37148e0a,f2856ae5-c561-5f69-8db8-0495481bb2b0,9a8f1f0e-a2f4-5476-b159-3839d4dab4ca,33d875fd-1aaa-565b-8be3-7f887fe292da,18,present,cdc27f92-2037-5191-bdf4-6c262b1949de,2026-03-20T10:00:00Z
a6144224-18f1-5f74-a23e-3c1d218e9546,f2856ae5-c561-5f69-8db8-0495481bb2b0,db88ff88-2899-5869-9996-b260c2eafbf3,33d875fd-1aaa-565b-8be3-7f887fe292da,34,present,cdc27f92-2037-5191-bdf4-6c262b1949de,2026-03-20T10:00:00Z
fea5953c-2e82-5e31-b9af-06b25196d2ce,f2856ae5-c561-5f69-8db8-0495481bb2b0,5ed88aa0-2740-5dd2-abe5-63fa0624db08,33d875fd-1aaa-565b-8be3-7f887fe292da,5,present,cdc27f92-2037-5191-bdf4-6c262b1949de,2026-03-20T10:00:00Z
3d9121c2-5926-529f-a536-76ccd98772ff,f2856ae5-c561-5f69-8db8-0495481bb2b0,7b373708-6301-56ba-b90d-75d0a4ec8dff,33d875fd-1aaa-565b-8be3-7f887fe292da,11,present,cdc27f92-2037-5191-bdf4-6c262b1949de,2026-03-20T10:00:00Z
b3cff929-5010-5801-bc5c-f06cb5036f23,f2856ae5-c561-5f69-8db8-0495481bb2b0,84f428c2-aac4-5e92-9904-f40aea529ae2,33d875fd-1aaa-565b-8be3-7f887fe292da,14,present,cdc27f92-2037-5191-bdf4-6c262b1949de,2026-03-20T10:00:00Z
a9a44f7b-7bab-5e9e-ba32-6b3315466496,f2856ae5-c561-5f69-8db8-0495481bb2b0,c87de391-3613-51d5-9ccc-882a08e7fca5,33d875fd-1aaa-565b-8be3-7f887fe292da,10,present,cdc27f92-2037-5191-bdf4-6c262b1949de,2026-03-20T10:00:00Z
3f42bdfa-73a6-5628-8da2-9b400d2a8771,f2856ae5-c561-5f69-8db8-0495481bb2b0,9cff46db-c9cb-5d32-8536-f5b4bcdeb0f4,33d875fd-1aaa-565b-8be3-7f887fe292da,15,present,cdc27f92-2037-5191-bdf4-6c262b1949de,2026-03-20T10:00:00Z
a06dccee-965f-5959-b8dd-47d481fc10d7,f2856ae5-c561-5f69-8db8-0495481bb2b0,4e7f39c6-25e1-5ccb-a238-610190e373d4,33d875fd-1aaa-565b-8be3-7f887fe292da,32,present,cdc27f92-2037-5191-bdf4-6c262b1949de,2026-03-20T10:00:00Z
2aa2a7bb-3385-5b1a-ab22-d456ae7568b1,f2856ae5-c561-5f69-8db8-0495481bb2b0,9c13f1a1-7d5a-59a5-9584-fde45b06b1d3,33d875fd-1aaa-565b-8be3-7f887fe292da,8,present,cdc27f92-2037-5191-bdf4-6c262b1949de,2026-03-20T10:00:00Z
7520183f-5e0a-59c4-80da-05bd649bbf09,f2856ae5-c561-5f69-8db8-0495481bb2b0,a5984216-76d6-57dc-bd1d-cc3ed1299490,33d875fd-1aaa-565b-8be3-7f887fe292da,10,present,cdc27f92-2037-5191-bdf4-6c262b1949de,2026-03-20T10:00:00Z
ce17c55f-5a41-5cb5-abd1-9f5ed909281f,f2856ae5-c561-5f69-8db8-0495481bb2b0,cf80dbb6-49dd-501d-a37c-1fd07820a225,33d875fd-1aaa-565b-8be3-7f887fe292da,22,present,cdc27f92-2037-5191-bdf4-6c262b1949de,2026-03-20T10:00:00Z
8756a68f-f35f-5488-84f4-e1c2ec1312e5,f2856ae5-c561-5f69-8db8-0495481bb2b0,7f33de9b-2d3b-51dc-be54-092fd1da81a8,33d875fd-1aaa-565b-8be3-7f887fe292da,12,present,cdc27f92-2037-5191-bdf4-6c262b1949de,2026-03-20T10:00:00Z
21fc6033-46dd-593e-b185-776dac42b677,f2856ae5-c561-5f69-8db8-0495481bb2b0,3dcc4ee5-7fed-5938-bc9b-cd0a35f43e52,33d875fd-1aaa-565b-8be3-7f887fe292da,16,present,cdc27f92-2037-5191-bdf4-6c262b1949de,2026-03-20T10:00:00Z
215995c4-d00e-5d2f-b92d-8c48bb01e389,f2856ae5-c561-5f69-8db8-0495481bb2b0,8bd57b91-f6f6-5765-acac-b8047826ec4b,33d875fd-1aaa-565b-8be3-7f887fe292da,26,present,cdc27f92-2037-5191-bdf4-6c262b1949de,2026-03-20T10:00:00Z
add94b41-99e4-5e7a-b792-d1899d4156d7,f2856ae5-c561-5f69-8db8-0495481bb2b0,5ae31b32-4b45-596c-9167-56cab366346c,33d875fd-1aaa-565b-8be3-7f887fe292da,9,present,cdc27f92-2037-5191-bdf4-6c262b1949de,2026-03-20T10:00:00Z
07571d1a-1afc-50df-9252-378d5277c3b1,f2856ae5-c561-5f69-8db8-0495481bb2b0,ec344613-1fca-5cc4-8cac-4818a0ecf8d3,33d875fd-1aaa-565b-8be3-7f887fe292da,19,present,cdc27f92-2037-5191-bdf4-6c262b1949de,2026-03-20T10:00:00Z
1e57ef27-5428-5f6a-9a2f-5d7b4dd4e327,f2856ae5-c561-5f69-8db8-0495481bb2b0,48f3f6dd-fdd8-528a-b9ba-b12bd78071a1,33d875fd-1aaa-565b-8be3-7f887fe292da,25,present,cdc27f92-2037-5191-bdf4-6c262b1949de,2026-03-20T10:00:00Z
8e83a845-9b19-5b8d-afe4-48bd1f0137e2,f2856ae5-c561-5f69-8db8-0495481bb2b0,2e7fed22-819b-5faf-b500-e1130785f0f9,33d875fd-1aaa-565b-8be3-7f887fe292da,5,present,72fa82de-09c5-522c-bbba-f0a09021a696,2026-03-20T10:00:00Z
5e8b170b-b809-5cfc-9850-1a7340f69572,f2856ae5-c561-5f69-8db8-0495481bb2b0,ef448b82-b761-5e44-b437-2be46fe60c3c,33d875fd-1aaa-565b-8be3-7f887fe292da,7,present,72fa82de-09c5-522c-bbba-f0a09021a696,2026-03-20T10:00:00Z
4feed49f-8cfd-5d21-96fd-e1b6b7f6f556,f2856ae5-c561-5f69-8db8-0495481bb2b0,c70e591a-9806-59ff-bbd2-77c6d961dafc,33d875fd-1aaa-565b-8be3-7f887fe292da,27,present,72fa82de-09c5-522c-bbba-f0a09021a696,2026-03-20T10:00:00Z
94c30467-29e8-5e05-822e-835b244c2335,f2856ae5-c561-5f69-8db8-0495481bb2b0,c7ace640-ab29-5d6e-ae0b-ef405aa8990f,33d875fd-1aaa-565b-8be3-7f887fe292da,10,present,cdc27f92-2037-5191-bdf4-6c262b1949de,2026-03-20T10:00:00Z
ca6b4467-341d-530f-b8c8-bd3f2518873d,f2856ae5-c561-5f69-8db8-0495481bb2b0,3bc33292-b85c-5c25-9104-758e1a7ece4b,33d875fd-1aaa-565b-8be3-7f887fe292da,13,present,cdc27f92-2037-5191-bdf4-6c262b1949de,2026-03-20T10:00:00Z
a7e735ca-5652-5bf9-9545-46077ab518d4,f2856ae5-c561-5f69-8db8-0495481bb2b0,6afa375a-e53d-589c-93d2-1abeb3dbbcbf,33d875fd-1aaa-565b-8be3-7f887fe292da,28,present,cdc27f92-2037-5191-bdf4-6c262b1949de,2026-03-20T10:00:00Z
e34af1a4-7f8f-5e91-81c2-99a94279d207,f2856ae5-c561-5f69-8db8-0495481bb2b0,89a1c969-4141-555d-8ac4-33a2b29e6ded,28df7936-e738-5065-ae0d-8b2607b2a935,26,present,cdc27f92-2037-5191-bdf4-6c262b1949de,2026-03-20T10:00:00Z
84e75a3b-9ade-531e-abc1-dce49318400c,f2856ae5-c561-5f69-8db8-0495481bb2b0,9a8f1f0e-a2f4-5476-b159-3839d4dab4ca,28df7936-e738-5065-ae0d-8b2607b2a935,34,present,cdc27f92-2037-5191-bdf4-6c262b1949de,2026-03-20T10:00:00Z
f3407898-2842-5dfe-ae94-a4b1d4d55f43,f2856ae5-c561-5f69-8db8-0495481bb2b0,db88ff88-2899-5869-9996-b260c2eafbf3,28df7936-e738-5065-ae0d-8b2607b2a935,70,present,cdc27f92-2037-5191-bdf4-6c262b1949de,2026-03-20T10:00:00Z
4a82c5ff-a9b1-5b2c-91fb-cef115c9820f,f2856ae5-c561-5f69-8db8-0495481bb2b0,5ed88aa0-2740-5dd2-abe5-63fa0624db08,28df7936-e738-5065-ae0d-8b2607b2a935,25,present,cdc27f92-2037-5191-bdf4-6c262b1949de,2026-03-20T10:00:00Z
599e429e-7f0c-5796-85c5-21624d0f37f0,f2856ae5-c561-5f69-8db8-0495481bb2b0,7b373708-6301-56ba-b90d-75d0a4ec8dff,28df7936-e738-5065-ae0d-8b2607b2a935,40,present,cdc27f92-2037-5191-bdf4-6c262b1949de,2026-03-20T10:00:00Z
7c15f511-36b8-5cda-bd5e-2287c0575c2c,f2856ae5-c561-5f69-8db8-0495481bb2b0,84f428c2-aac4-5e92-9904-f40aea529ae2,28df7936-e738-5065-ae0d-8b2607b2a935,83,present,cdc27f92-2037-5191-bdf4-6c262b1949de,2026-03-20T10:00:00Z
23ed8001-38b2-5fbe-a9cb-6bc9da934103,f2856ae5-c561-5f69-8db8-0495481bb2b0,c87de391-3613-51d5-9ccc-882a08e7fca5,28df7936-e738-5065-ae0d-8b2607b2a935,24,present,cdc27f92-2037-5191-bdf4-6c262b1949de,2026-03-20T10:00:00Z
4bb5f306-d8f8-582b-9316-4be9a76c18c4,f2856ae5-c561-5f69-8db8-0495481bb2b0,9cff46db-c9cb-5d32-8536-f5b4bcdeb0f4,28df7936-e738-5065-ae0d-8b2607b2a935,37,present,cdc27f92-2037-5191-bdf4-6c262b1949de,2026-03-20T10:00:00Z
f3cedf43-fe8d-5593-930f-0d1c2ca4e3f5,f2856ae5-c561-5f69-8db8-0495481bb2b0,4e7f39c6-25e1-5ccb-a238-610190e373d4,28df7936-e738-5065-ae0d-8b2607b2a935,76,present,cdc27f92-2037-5191-bdf4-6c262b1949de,2026-03-20T10:00:00Z
89b13ea8-b6b5-54d3-ac73-ae7bad5ace82,f2856ae5-c561-5f69-8db8-0495481bb2b0,9c13f1a1-7d5a-59a5-9584-fde45b06b1d3,28df7936-e738-5065-ae0d-8b2607b2a935,25,present,cdc27f92-2037-5191-bdf4-6c262b1949de,2026-03-20T10:00:00Z
adcdd46e-3b5d-5e66-9d2b-5dceb94b170d,f2856ae5-c561-5f69-8db8-0495481bb2b0,a5984216-76d6-57dc-bd1d-cc3ed1299490,28df7936-e738-5065-ae0d-8b2607b2a935,41,present,cdc27f92-2037-5191-bdf4-6c262b1949de,2026-03-20T10:00:00Z
2046b95b-0d5b-5640-b9a3-523ff8f6d7a8,f2856ae5-c561-5f69-8db8-0495481bb2b0,cf80dbb6-49dd-501d-a37c-1fd07820a225,28df7936-e738-5065-ae0d-8b2607b2a935,91,present,cdc27f92-2037-5191-bdf4-6c262b1949de,2026-03-20T10:00:00Z
c2ea6a9e-9c50-5895-95c1-7e2c6387c291,f2856ae5-c561-5f69-8db8-0495481bb2b0,7f33de9b-2d3b-51dc-be54-092fd1da81a8,28df7936-e738-5065-ae0d-8b2607b2a935,27,present,cdc27f92-2037-5191-bdf4-6c262b1949de,2026-03-20T10:00:00Z
8fa229fc-e9f8-55b8-a5e6-2b7880da9844,f2856ae5-c561-5f69-8db8-0495481bb2b0,3dcc4ee5-7fed-5938-bc9b-cd0a35f43e52,28df7936-e738-5065-ae0d-8b2607b2a935,43,present,cdc27f92-2037-5191-bdf4-6c262b1949de,2026-03-20T10:00:00Z
26164941-8e3c-5731-805d-78388461c646,f2856ae5-c561-5f69-8db8-0495481bb2b0,8bd57b91-f6f6-5765-acac-b8047826ec4b,28df7936-e738-5065-ae0d-8b2607b2a935,83,present,cdc27f92-2037-5191-bdf4-6c262b1949de,2026-03-20T10:00:00Z
d6976dd6-281c-5b84-b032-8a170fd0eafc,f2856ae5-c561-5f69-8db8-0495481bb2b0,5ae31b32-4b45-596c-9167-56cab366346c,28df7936-e738-5065-ae0d-8b2607b2a935,23,present,cdc27f92-2037-5191-bdf4-6c262b1949de,2026-03-20T10:00:00Z
bb66bd57-36ac-57e8-9db9-09993b8a5093,f2856ae5-c561-5f69-8db8-0495481bb2b0,ec344613-1fca-5cc4-8cac-4818a0ecf8d3,28df7936-e738-5065-ae0d-8b2607b2a935,34,present,cdc27f92-2037-5191-bdf4-6c262b1949de,2026-03-20T10:00:00Z
05b39f1e-a2b6-51a2-8508-f5a324d5ee2c,f2856ae5-c561-5f69-8db8-0495481bb2b0,48f3f6dd-fdd8-528a-b9ba-b12bd78071a1,28df7936-e738-5065-ae0d-8b2607b2a935,64,present,cdc27f92-2037-5191-bdf4-6c262b1949de,2026-03-20T10:00:00Z
705477f7-2636-5f92-a9cc-398c6ae7ae4b,f2856ae5-c561-5f69-8db8-0495481bb2b0,2e7fed22-819b-5faf-b500-e1130785f0f9,28df7936-e738-5065-ae0d-8b2607b2a935,23,present,72fa82de-09c5-522c-bbba-f0a09021a696,2026-03-20T10:00:00Z
2c4358f6-8846-5953-bfc0-9fd2d7619e7e,f2856ae5-c561-5f69-8db8-0495481bb2b0,ef448b82-b761-5e44-b437-2be46fe60c3c,28df7936-e738-5065-ae0d-8b2607b2a935,39,present,72fa82de-09c5-522c-bbba-f0a09021a696,2026-03-20T10:00:00Z
1784f23e-7c9a-5d08-b839-42ea245e4250,f2856ae5-c561-5f69-8db8-0495481bb2b0,c70e591a-9806-59ff-bbd2-77c6d961dafc,28df7936-e738-5065-ae0d-8b2607b2a935,80,present,72fa82de-09c5-522c-bbba-f0a09021a696,2026-03-20T10:00:00Z
2dceabc1-9bb3-57bc-8f3c-2e4e896a0a22,f2856ae5-c561-5f69-8db8-0495481bb2b0,c7ace640-ab29-5d6e-ae0b-ef405aa8990f,28df7936-e738-5065-ae0d-8b2607b2a935,24,present,cdc27f92-2037-5191-bdf4-6c262b1949de,2026-03-20T10:00:00Z
e965dda8-957c-572a-9119-d58bf92beefa,f2856ae5-c561-5f69-8db8-0495481bb2b0,3bc33292-b85c-5c25-9104-758e1a7ece4b,28df7936-e738-5065-ae0d-8b2607b2a935,38,present,cdc27f92-2037-5191-bdf4-6c262b1949de,2026-03-20T10:00:00Z
eaa5c949-233d-5051-9685-c14e6a7ef07c,f2856ae5-c561-5f69-8db8-0495481bb2b0,6afa375a-e53d-589c-93d2-1abeb3dbbcbf,28df7936-e738-5065-ae0d-8b2607b2a935,83,present,cdc27f92-2037-5191-bdf4-6c262b1949de,2026-03-20T10:00:00Z
c1b2016e-ce73-523a-829e-ee4f10c6927d,f2856ae5-c561-5f69-8db8-0495481bb2b0,89a1c969-4141-555d-8ac4-33a2b29e6ded,37400182-0950-59ab-9b16-a86cef2a6731,25,present,cdc27f92-2037-5191-bdf4-6c262b1949de,2026-03-20T10:00:00Z
c72adf22-3ba4-56cb-998d-2e173d03035b,f2856ae5-c561-5f69-8db8-0495481bb2b0,9a8f1f0e-a2f4-5476-b159-3839d4dab4ca,37400182-0950-59ab-9b16-a86cef2a6731,41,present,cdc27f92-2037-5191-bdf4-6c262b1949de,2026-03-20T10:00:00Z
aeffc4bc-8b8f-5246-a352-4389b9311689,f2856ae5-c561-5f69-8db8-0495481bb2b0,db88ff88-2899-5869-9996-b260c2eafbf3,37400182-0950-59ab-9b16-a86cef2a6731,78,present,cdc27f92-2037-5191-bdf4-6c262b1949de,2026-03-20T10:00:00Z
870263c0-2c50-590e-b93e-65220cb3bd82,f2856ae5-c561-5f69-8db8-0495481bb2b0,5ed88aa0-2740-5dd2-abe5-63fa0624db08,37400182-0950-59ab-9b16-a86cef2a6731,16,present,cdc27f92-2037-5191-bdf4-6c262b1949de,2026-03-20T10:00:00Z
16c4b396-ffdb-5545-a986-6fbcb8a81e64,f2856ae5-c561-5f69-8db8-0495481bb2b0,7b373708-6301-56ba-b90d-75d0a4ec8dff,37400182-0950-59ab-9b16-a86cef2a6731,32,present,cdc27f92-2037-5191-bdf4-6c262b1949de,2026-03-20T10:00:00Z
db7957f2-0c0c-5e82-9844-46c8c121274e,f2856ae5-c561-5f69-8db8-0495481bb2b0,84f428c2-aac4-5e92-9904-f40aea529ae2,37400182-0950-59ab-9b16-a86cef2a6731,55,present,cdc27f92-2037-5191-bdf4-6c262b1949de,2026-03-20T10:00:00Z
530c72c5-15b6-5a62-9615-a8ef01f2ea9c,f2856ae5-c561-5f69-8db8-0495481bb2b0,c87de391-3613-51d5-9ccc-882a08e7fca5,37400182-0950-59ab-9b16-a86cef2a6731,20,present,cdc27f92-2037-5191-bdf4-6c262b1949de,2026-03-20T10:00:00Z
2ca9ec66-c880-54f9-b689-1563c90ec17a,f2856ae5-c561-5f69-8db8-0495481bb2b0,9cff46db-c9cb-5d32-8536-f5b4bcdeb0f4,37400182-0950-59ab-9b16-a86cef2a6731,32,present,cdc27f92-2037-5191-bdf4-6c262b1949de,2026-03-20T10:00:00Z
67481927-520f-53d4-a111-4ab72826eb54,f2856ae5-c561-5f69-8db8-0495481bb2b0,4e7f39c6-25e1-5ccb-a238-610190e373d4,37400182-0950-59ab-9b16-a86cef2a6731,73,present,cdc27f92-2037-5191-bdf4-6c262b1949de,2026-03-20T10:00:00Z
0713ad51-4ad0-5a1e-a2a4-34d8dcfb5c0e,f2856ae5-c561-5f69-8db8-0495481bb2b0,9c13f1a1-7d5a-59a5-9584-fde45b06b1d3,37400182-0950-59ab-9b16-a86cef2a6731,18,present,cdc27f92-2037-5191-bdf4-6c262b1949de,2026-03-20T10:00:00Z
fb14e264-0ff7-57bb-adaa-6be04ed03928,f2856ae5-c561-5f69-8db8-0495481bb2b0,a5984216-76d6-57dc-bd1d-cc3ed1299490,37400182-0950-59ab-9b16-a86cef2a6731,30,present,cdc27f92-2037-5191-bdf4-6c262b1949de,2026-03-20T10:00:00Z
ba01adcb-3f10-51db-80b5-9911a13c8f11,f2856ae5-c561-5f69-8db8-0495481bb2b0,cf80dbb6-49dd-501d-a37c-1fd07820a225,37400182-0950-59ab-9b16-a86cef2a6731,67,present,cdc27f92-2037-5191-bdf4-6c262b1949de,2026-03-20T10:00:00Z
adef854f-862f-5838-bfad-87e09d76cb65,f2856ae5-c561-5f69-8db8-0495481bb2b0,7f33de9b-2d3b-51dc-be54-092fd1da81a8,37400182-0950-59ab-9b16-a86cef2a6731,22,present,cdc27f92-2037-5191-bdf4-6c262b1949de,2026-03-20T10:00:00Z
a7fc9da6-1018-5d00-b0f2-48e8b5b88b4b,f2856ae5-c561-5f69-8db8-0495481bb2b0,3dcc4ee5-7fed-5938-bc9b-cd0a35f43e52,37400182-0950-59ab-9b16-a86cef2a6731,33,present,cdc27f92-2037-5191-bdf4-6c262b1949de,2026-03-20T10:00:00Z
5c1fbd3c-b9f7-5eab-ba65-53600c11339b,f2856ae5-c561-5f69-8db8-0495481bb2b0,8bd57b91-f6f6-5765-acac-b8047826ec4b,37400182-0950-59ab-9b16-a86cef2a6731,71,present,cdc27f92-2037-5191-bdf4-6c262b1949de,2026-03-20T10:00:00Z
5ea6a2f4-dcad-5946-922c-b73bd529bcca,f2856ae5-c561-5f69-8db8-0495481bb2b0,5ae31b32-4b45-596c-9167-56cab366346c,37400182-0950-59ab-9b16-a86cef2a6731,28,present,cdc27f92-2037-5191-bdf4-6c262b1949de,2026-03-20T10:00:00Z
40cf7381-c72a-5fd7-b46b-ae4ccb9fdbe9,f2856ae5-c561-5f69-8db8-0495481bb2b0,ec344613-1fca-5cc4-8cac-4818a0ecf8d3,37400182-0950-59ab-9b16-a86cef2a6731,37,present,cdc27f92-2037-5191-bdf4-6c262b1949de,2026-03-20T10:00:00Z
a6d31546-ace4-55c9-adc5-e7501f28fe74,f2856ae5-c561-5f69-8db8-0495481bb2b0,48f3f6dd-fdd8-528a-b9ba-b12bd78071a1,37400182-0950-59ab-9b16-a86cef2a6731,83,present,cdc27f92-2037-5191-bdf4-6c262b1949de,2026-03-20T10:00:00Z
511b4ee6-240b-50c9-a46d-f7dacbf96c18,f2856ae5-c561-5f69-8db8-0495481bb2b0,2e7fed22-819b-5faf-b500-e1130785f0f9,37400182-0950-59ab-9b16-a86cef2a6731,19,present,72fa82de-09c5-522c-bbba-f0a09021a696,2026-03-20T10:00:00Z
a65c9aa4-7395-5cd3-a2f8-401b0a53e29b,f2856ae5-c561-5f69-8db8-0495481bb2b0,ef448b82-b761-5e44-b437-2be46fe60c3c,37400182-0950-59ab-9b16-a86cef2a6731,35,present,72fa82de-09c5-522c-bbba-f0a09021a696,2026-03-20T10:00:00Z
c21ba9fe-b8ae-5bb9-bd82-7c92a403eb8f,f2856ae5-c561-5f69-8db8-0495481bb2b0,c70e591a-9806-59ff-bbd2-77c6d961dafc,37400182-0950-59ab-9b16-a86cef2a6731,68,present,72fa82de-09c5-522c-bbba-f0a09021a696,2026-03-20T10:00:00Z
2ee1e363-a052-5c6b-a780-58e617085dc3,f2856ae5-c561-5f69-8db8-0495481bb2b0,c7ace640-ab29-5d6e-ae0b-ef405aa8990f,37400182-0950-59ab-9b16-a86cef2a6731,24,present,cdc27f92-2037-5191-bdf4-6c262b1949de,2026-03-20T10:00:00Z
5eebf439-8ab4-53e0-812b-7433c3ae18cf,f2856ae5-c561-5f69-8db8-0495481bb2b0,3bc33292-b85c-5c25-9104-758e1a7ece4b,37400182-0950-59ab-9b16-a86cef2a6731,36,present,cdc27f92-2037-5191-bdf4-6c262b1949de,2026-03-20T10:00:00Z
3c15bbc0-bca6-5662-a56d-1575641b2fe9,f2856ae5-c561-5f69-8db8-0495481bb2b0,6afa375a-e53d-589c-93d2-1abeb3dbbcbf,37400182-0950-59ab-9b16-a86cef2a6731,71,present,cdc27f92-2037-5191-bdf4-6c262b1949de,2026-03-20T10:00:00Z
24531238-2eb7-5d55-b7b5-e6f3f85ff564,f2856ae5-c561-5f69-8db8-0495481bb2b0,89a1c969-4141-555d-8ac4-33a2b29e6ded,6f72004b-8250-5e3a-9466-d8552a1dab2e,16,present,cdc27f92-2037-5191-bdf4-6c262b1949de,2026-03-20T10:00:00Z
42db8864-4b12-50fc-aedd-2d38e5d747c8,f2856ae5-c561-5f69-8db8-0495481bb2b0,9a8f1f0e-a2f4-5476-b159-3839d4dab4ca,6f72004b-8250-5e3a-9466-d8552a1dab2e,29,present,cdc27f92-2037-5191-bdf4-6c262b1949de,2026-03-20T10:00:00Z
5e4d96fa-b775-512c-904f-5dbaa349ff7d,f2856ae5-c561-5f69-8db8-0495481bb2b0,db88ff88-2899-5869-9996-b260c2eafbf3,6f72004b-8250-5e3a-9466-d8552a1dab2e,67,present,cdc27f92-2037-5191-bdf4-6c262b1949de,2026-03-20T10:00:00Z
70f12c71-e2b8-5b5e-acd7-87b77ad2c68a,f2856ae5-c561-5f69-8db8-0495481bb2b0,5ed88aa0-2740-5dd2-abe5-63fa0624db08,6f72004b-8250-5e3a-9466-d8552a1dab2e,16,present,cdc27f92-2037-5191-bdf4-6c262b1949de,2026-03-20T10:00:00Z
ade2dda1-f649-59aa-bc37-12aca417ad8d,f2856ae5-c561-5f69-8db8-0495481bb2b0,7b373708-6301-56ba-b90d-75d0a4ec8dff,6f72004b-8250-5e3a-9466-d8552a1dab2e,27,present,cdc27f92-2037-5191-bdf4-6c262b1949de,2026-03-20T10:00:00Z
4ef200f9-b476-5698-8ea6-d0a000268c99,f2856ae5-c561-5f69-8db8-0495481bb2b0,84f428c2-aac4-5e92-9904-f40aea529ae2,6f72004b-8250-5e3a-9466-d8552a1dab2e,51,present,cdc27f92-2037-5191-bdf4-6c262b1949de,2026-03-20T10:00:00Z
fed6f8d2-76c5-5cf8-8b38-5ac9aa117531,f2856ae5-c561-5f69-8db8-0495481bb2b0,c87de391-3613-51d5-9ccc-882a08e7fca5,6f72004b-8250-5e3a-9466-d8552a1dab2e,19,present,cdc27f92-2037-5191-bdf4-6c262b1949de,2026-03-20T10:00:00Z
292486db-e388-52c4-a54f-082fc3f64316,f2856ae5-c561-5f69-8db8-0495481bb2b0,9cff46db-c9cb-5d32-8536-f5b4bcdeb0f4,6f72004b-8250-5e3a-9466-d8552a1dab2e,33,present,cdc27f92-2037-5191-bdf4-6c262b1949de,2026-03-20T10:00:00Z
c6a9c38f-80b1-523e-8114-1e8c49d9b7bc,f2856ae5-c561-5f69-8db8-0495481bb2b0,4e7f39c6-25e1-5ccb-a238-610190e373d4,6f72004b-8250-5e3a-9466-d8552a1dab2e,54,present,cdc27f92-2037-5191-bdf4-6c262b1949de,2026-03-20T10:00:00Z
9a891036-5552-5921-8606-d8f458fbbee5,f2856ae5-c561-5f69-8db8-0495481bb2b0,9c13f1a1-7d5a-59a5-9584-fde45b06b1d3,6f72004b-8250-5e3a-9466-d8552a1dab2e,17,present,cdc27f92-2037-5191-bdf4-6c262b1949de,2026-03-20T10:00:00Z
8a3da236-1f95-540c-9017-433203da5616,f2856ae5-c561-5f69-8db8-0495481bb2b0,a5984216-76d6-57dc-bd1d-cc3ed1299490,6f72004b-8250-5e3a-9466-d8552a1dab2e,26,present,cdc27f92-2037-5191-bdf4-6c262b1949de,2026-03-20T10:00:00Z
ef14f821-bd56-5f0d-aefd-3c13521a6dda,f2856ae5-c561-5f69-8db8-0495481bb2b0,cf80dbb6-49dd-501d-a37c-1fd07820a225,6f72004b-8250-5e3a-9466-d8552a1dab2e,50,present,cdc27f92-2037-5191-bdf4-6c262b1949de,2026-03-20T10:00:00Z
a025c613-b07e-577d-9186-fd48f5381306,f2856ae5-c561-5f69-8db8-0495481bb2b0,7f33de9b-2d3b-51dc-be54-092fd1da81a8,6f72004b-8250-5e3a-9466-d8552a1dab2e,21,present,cdc27f92-2037-5191-bdf4-6c262b1949de,2026-03-20T10:00:00Z
b96b981b-58ef-5062-a429-0db5963d1a8f,f2856ae5-c561-5f69-8db8-0495481bb2b0,3dcc4ee5-7fed-5938-bc9b-cd0a35f43e52,6f72004b-8250-5e3a-9466-d8552a1dab2e,29,present,cdc27f92-2037-5191-bdf4-6c262b1949de,2026-03-20T10:00:00Z
b0dad697-5641-5f7a-a59f-8ef8ce903275,f2856ae5-c561-5f69-8db8-0495481bb2b0,8bd57b91-f6f6-5765-acac-b8047826ec4b,6f72004b-8250-5e3a-9466-d8552a1dab2e,69,present,cdc27f92-2037-5191-bdf4-6c262b1949de,2026-03-20T10:00:00Z
83db3769-efdf-5a34-ba7d-584b66d55f36,f2856ae5-c561-5f69-8db8-0495481bb2b0,5ae31b32-4b45-596c-9167-56cab366346c,6f72004b-8250-5e3a-9466-d8552a1dab2e,17,present,cdc27f92-2037-5191-bdf4-6c262b1949de,2026-03-20T10:00:00Z
2400d6d7-ee06-5fa0-8894-c8367c98458a,f2856ae5-c561-5f69-8db8-0495481bb2b0,ec344613-1fca-5cc4-8cac-4818a0ecf8d3,6f72004b-8250-5e3a-9466-d8552a1dab2e,25,present,cdc27f92-2037-5191-bdf4-6c262b1949de,2026-03-20T10:00:00Z
0cac02d7-1411-5542-b6ac-a400eb8c01b1,f2856ae5-c561-5f69-8db8-0495481bb2b0,48f3f6dd-fdd8-528a-b9ba-b12bd78071a1,6f72004b-8250-5e3a-9466-d8552a1dab2e,57,present,cdc27f92-2037-5191-bdf4-6c262b1949de,2026-03-20T10:00:00Z
a3d56cf2-b058-5469-a82b-3bff42da4f99,f2856ae5-c561-5f69-8db8-0495481bb2b0,2e7fed22-819b-5faf-b500-e1130785f0f9,6f72004b-8250-5e3a-9466-d8552a1dab2e,17,present,72fa82de-09c5-522c-bbba-f0a09021a696,2026-03-20T10:00:00Z
aac6632e-eda3-5604-a6c2-c9934c8a04d9,f2856ae5-c561-5f69-8db8-0495481bb2b0,ef448b82-b761-5e44-b437-2be46fe60c3c,6f72004b-8250-5e3a-9466-d8552a1dab2e,27,present,72fa82de-09c5-522c-bbba-f0a09021a696,2026-03-20T10:00:00Z
51dbf286-50ee-579f-83fb-93c630d87318,f2856ae5-c561-5f69-8db8-0495481bb2b0,c70e591a-9806-59ff-bbd2-77c6d961dafc,6f72004b-8250-5e3a-9466-d8552a1dab2e,61,present,72fa82de-09c5-522c-bbba-f0a09021a696,2026-03-20T10:00:00Z
030c67ff-4d04-5f07-b330-64f8e23261a4,f2856ae5-c561-5f69-8db8-0495481bb2b0,c7ace640-ab29-5d6e-ae0b-ef405aa8990f,6f72004b-8250-5e3a-9466-d8552a1dab2e,15,present,cdc27f92-2037-5191-bdf4-6c262b1949de,2026-03-20T10:00:00Z
c5cb9763-e59f-547d-9504-fcd2fdf4402f,f2856ae5-c561-5f69-8db8-0495481bb2b0,3bc33292-b85c-5c25-9104-758e1a7ece4b,6f72004b-8250-5e3a-9466-d8552a1dab2e,28,present,cdc27f92-2037-5191-bdf4-6c262b1949de,2026-03-20T10:00:00Z
a93f481c-9fe0-5234-8dc5-55a5a53a4218,f2856ae5-c561-5f69-8db8-0495481bb2b0,6afa375a-e53d-589c-93d2-1abeb3dbbcbf,6f72004b-8250-5e3a-9466-d8552a1dab2e,54,present,cdc27f92-2037-5191-bdf4-6c262b1949de,2026-03-20T10:00:00Z
0b94d4d7-9946-59cc-ad65-0bf97efcc69c,f2856ae5-c561-5f69-8db8-0495481bb2b0,89a1c969-4141-555d-8ac4-33a2b29e6ded,0dfe39a1-a303-5151-a1cc-3dcb4d78052b,14,present,cdc27f92-2037-5191-bdf4-6c262b1949de,2026-03-20T10:00:00Z
347452fd-4207-5316-aa6d-0c2093d96f98,f2856ae5-c561-5f69-8db8-0495481bb2b0,9a8f1f0e-a2f4-5476-b159-3839d4dab4ca,0dfe39a1-a303-5151-a1cc-3dcb4d78052b,26,present,cdc27f92-2037-5191-bdf4-6c262b1949de,2026-03-20T10:00:00Z
7d11b605-8c70-5653-b017-53e101b8f8e7,f2856ae5-c561-5f69-8db8-0495481bb2b0,db88ff88-2899-5869-9996-b260c2eafbf3,0dfe39a1-a303-5151-a1cc-3dcb4d78052b,56,present,cdc27f92-2037-5191-bdf4-6c262b1949de,2026-03-20T10:00:00Z
ee308614-443c-5812-98bb-2e4b7554fad3,f2856ae5-c561-5f69-8db8-0495481bb2b0,5ed88aa0-2740-5dd2-abe5-63fa0624db08,0dfe39a1-a303-5151-a1cc-3dcb4d78052b,11,present,cdc27f92-2037-5191-bdf4-6c262b1949de,2026-03-20T10:00:00Z
2c9bcca0-acb3-5493-bddb-30ce3dd409bb,f2856ae5-c561-5f69-8db8-0495481bb2b0,7b373708-6301-56ba-b90d-75d0a4ec8dff,0dfe39a1-a303-5151-a1cc-3dcb4d78052b,23,present,cdc27f92-2037-5191-bdf4-6c262b1949de,2026-03-20T10:00:00Z
2ec84c6d-c2d9-523e-ae3b-4a92d61a5aa0,f2856ae5-c561-5f69-8db8-0495481bb2b0,84f428c2-aac4-5e92-9904-f40aea529ae2,0dfe39a1-a303-5151-a1cc-3dcb4d78052b,40,present,cdc27f92-2037-5191-bdf4-6c262b1949de,2026-03-20T10:00:00Z
52bb79c8-9601-5e7c-bffa-07b0407468a6,f2856ae5-c561-5f69-8db8-0495481bb2b0,c87de391-3613-51d5-9ccc-882a08e7fca5,0dfe39a1-a303-5151-a1cc-3dcb4d78052b,11,present,cdc27f92-2037-5191-bdf4-6c262b1949de,2026-03-20T10:00:00Z
b7e5c162-f4d0-5d27-b975-2aaa11f66e38,f2856ae5-c561-5f69-8db8-0495481bb2b0,9cff46db-c9cb-5d32-8536-f5b4bcdeb0f4,0dfe39a1-a303-5151-a1cc-3dcb4d78052b,26,present,cdc27f92-2037-5191-bdf4-6c262b1949de,2026-03-20T10:00:00Z
9336e59c-8232-5bb4-b9c6-cf59b8ca53f2,f2856ae5-c561-5f69-8db8-0495481bb2b0,4e7f39c6-25e1-5ccb-a238-610190e373d4,0dfe39a1-a303-5151-a1cc-3dcb4d78052b,36,present,cdc27f92-2037-5191-bdf4-6c262b1949de,2026-03-20T10:00:00Z
c6abe54a-594a-5c99-a12b-fc123607b60d,f2856ae5-c561-5f69-8db8-0495481bb2b0,9c13f1a1-7d5a-59a5-9584-fde45b06b1d3,0dfe39a1-a303-5151-a1cc-3dcb4d78052b,15,present,cdc27f92-2037-5191-bdf4-6c262b1949de,2026-03-20T10:00:00Z
9905031c-edb2-5166-b0b4-51f47d48b700,f2856ae5-c561-5f69-8db8-0495481bb2b0,a5984216-76d6-57dc-bd1d-cc3ed1299490,0dfe39a1-a303-5151-a1cc-3dcb4d78052b,21,present,cdc27f92-2037-5191-bdf4-6c262b1949de,2026-03-20T10:00:00Z
49afc2a7-4fb7-5faa-84f5-a6a2d3b3350c,f2856ae5-c561-5f69-8db8-0495481bb2b0,cf80dbb6-49dd-501d-a37c-1fd07820a225,0dfe39a1-a303-5151-a1cc-3dcb4d78052b,51,present,cdc27f92-2037-5191-bdf4-6c262b1949de,2026-03-20T10:00:00Z
599a42ca-096a-52cd-a1d6-2df9eea10767,f2856ae5-c561-5f69-8db8-0495481bb2b0,7f33de9b-2d3b-51dc-be54-092fd1da81a8,0dfe39a1-a303-5151-a1cc-3dcb4d78052b,18,present,cdc27f92-2037-5191-bdf4-6c262b1949de,2026-03-20T10:00:00Z
747d059d-08d2-572f-9eec-53d27f257dbc,f2856ae5-c561-5f69-8db8-0495481bb2b0,3dcc4ee5-7fed-5938-bc9b-cd0a35f43e52,0dfe39a1-a303-5151-a1cc-3dcb4d78052b,30,present,cdc27f92-2037-5191-bdf4-6c262b1949de,2026-03-20T10:00:00Z
1d6eae78-e66d-561c-a888-a9bcfb43555e,f2856ae5-c561-5f69-8db8-0495481bb2b0,8bd57b91-f6f6-5765-acac-b8047826ec4b,0dfe39a1-a303-5151-a1cc-3dcb4d78052b,46,present,cdc27f92-2037-5191-bdf4-6c262b1949de,2026-03-20T10:00:00Z
158fa8e3-0eb5-5fdd-b117-80f828d0b778,f2856ae5-c561-5f69-8db8-0495481bb2b0,5ae31b32-4b45-596c-9167-56cab366346c,0dfe39a1-a303-5151-a1cc-3dcb4d78052b,10,present,cdc27f92-2037-5191-bdf4-6c262b1949de,2026-03-20T10:00:00Z
3076f670-3e2b-5de0-bc0f-c90cce31d472,f2856ae5-c561-5f69-8db8-0495481bb2b0,ec344613-1fca-5cc4-8cac-4818a0ecf8d3,0dfe39a1-a303-5151-a1cc-3dcb4d78052b,18,present,cdc27f92-2037-5191-bdf4-6c262b1949de,2026-03-20T10:00:00Z
3ef9d5b9-f032-5610-8ebb-2b1ed1e13a7e,f2856ae5-c561-5f69-8db8-0495481bb2b0,48f3f6dd-fdd8-528a-b9ba-b12bd78071a1,0dfe39a1-a303-5151-a1cc-3dcb4d78052b,38,present,cdc27f92-2037-5191-bdf4-6c262b1949de,2026-03-20T10:00:00Z
797742b9-5ba8-5c3d-8c5a-5df5ad330508,f2856ae5-c561-5f69-8db8-0495481bb2b0,2e7fed22-819b-5faf-b500-e1130785f0f9,0dfe39a1-a303-5151-a1cc-3dcb4d78052b,10,present,72fa82de-09c5-522c-bbba-f0a09021a696,2026-03-20T10:00:00Z
87317e38-9d26-5b3f-991c-5f287ce4542b,f2856ae5-c561-5f69-8db8-0495481bb2b0,ef448b82-b761-5e44-b437-2be46fe60c3c,0dfe39a1-a303-5151-a1cc-3dcb4d78052b,23,present,72fa82de-09c5-522c-bbba-f0a09021a696,2026-03-20T10:00:00Z
4e7445f2-f094-5e60-a775-a0ca94816de2,f2856ae5-c561-5f69-8db8-0495481bb2b0,c70e591a-9806-59ff-bbd2-77c6d961dafc,0dfe39a1-a303-5151-a1cc-3dcb4d78052b,43,present,72fa82de-09c5-522c-bbba-f0a09021a696,2026-03-20T10:00:00Z
a232a644-ee0e-5dca-be82-e48652b68c86,f2856ae5-c561-5f69-8db8-0495481bb2b0,c7ace640-ab29-5d6e-ae0b-ef405aa8990f,0dfe39a1-a303-5151-a1cc-3dcb4d78052b,17,present,cdc27f92-2037-5191-bdf4-6c262b1949de,2026-03-20T10:00:00Z
112450c8-2509-5687-8211-9875933d1c83,f2856ae5-c561-5f69-8db8-0495481bb2b0,3bc33292-b85c-5c25-9104-758e1a7ece4b,0dfe39a1-a303-5151-a1cc-3dcb4d78052b,30,present,cdc27f92-2037-5191-bdf4-6c262b1949de,2026-03-20T10:00:00Z
4b998e20-cdfe-59ee-9d50-a2e05f026b1b,f2856ae5-c561-5f69-8db8-0495481bb2b0,6afa375a-e53d-589c-93d2-1abeb3dbbcbf,0dfe39a1-a303-5151-a1cc-3dcb4d78052b,60,present,cdc27f92-2037-5191-bdf4-6c262b1949de,2026-03-20T10:00:00Z
2f4135d2-73a2-5b19-a77d-4cf1550fe157,f2856ae5-c561-5f69-8db8-0495481bb2b0,89a1c969-4141-555d-8ac4-33a2b29e6ded,9f4d81af-740a-5a3e-895c-cfa5007043cd,24,present,cdc27f92-2037-5191-bdf4-6c262b1949de,2026-03-20T10:00:00Z
8a8d2e36-5114-593e-b455-bf8c9fb96a4f,f2856ae5-c561-5f69-8db8-0495481bb2b0,9a8f1f0e-a2f4-5476-b159-3839d4dab4ca,9f4d81af-740a-5a3e-895c-cfa5007043cd,37,present,cdc27f92-2037-5191-bdf4-6c262b1949de,2026-03-20T10:00:00Z
b7a9fb40-a08d-5b2c-9072-2958c01713b7,f2856ae5-c561-5f69-8db8-0495481bb2b0,db88ff88-2899-5869-9996-b260c2eafbf3,9f4d81af-740a-5a3e-895c-cfa5007043cd,79,present,cdc27f92-2037-5191-bdf4-6c262b1949de,2026-03-20T10:00:00Z
5b9071c0-c15b-52e3-ab2a-d4c96e7d1588,f2856ae5-c561-5f69-8db8-0495481bb2b0,5ed88aa0-2740-5dd2-abe5-63fa0624db08,9f4d81af-740a-5a3e-895c-cfa5007043cd,20,present,cdc27f92-2037-5191-bdf4-6c262b1949de,2026-03-20T10:00:00Z
37b641c8-60ba-5c2a-964b-0352a5fc470d,f2856ae5-c561-5f69-8db8-0495481bb2b0,7b373708-6301-56ba-b90d-75d0a4ec8dff,9f4d81af-740a-5a3e-895c-cfa5007043cd,33,present,cdc27f92-2037-5191-bdf4-6c262b1949de,2026-03-20T10:00:00Z
2d07e640-5375-5e2c-8ac7-6b395609b3fe,f2856ae5-c561-5f69-8db8-0495481bb2b0,84f428c2-aac4-5e92-9904-f40aea529ae2,9f4d81af-740a-5a3e-895c-cfa5007043cd,52,present,cdc27f92-2037-5191-bdf4-6c262b1949de,2026-03-20T10:00:00Z
0261b6ce-ff09-5e0e-aec4-8670b7b1e96d,f2856ae5-c561-5f69-8db8-0495481bb2b0,c87de391-3613-51d5-9ccc-882a08e7fca5,9f4d81af-740a-5a3e-895c-cfa5007043cd,25,present,cdc27f92-2037-5191-bdf4-6c262b1949de,2026-03-20T10:00:00Z
77f0c7f2-beae-5fbe-9bbe-f7b491a70fc3,f2856ae5-c561-5f69-8db8-0495481bb2b0,9cff46db-c9cb-5d32-8536-f5b4bcdeb0f4,9f4d81af-740a-5a3e-895c-cfa5007043cd,33,present,cdc27f92-2037-5191-bdf4-6c262b1949de,2026-03-20T10:00:00Z
aa827c87-30d9-55e3-87bf-1c86ffac1eaf,f2856ae5-c561-5f69-8db8-0495481bb2b0,4e7f39c6-25e1-5ccb-a238-610190e373d4,9f4d81af-740a-5a3e-895c-cfa5007043cd,67,present,cdc27f92-2037-5191-bdf4-6c262b1949de,2026-03-20T10:00:00Z
411eddd6-91e1-5816-b4e0-5bdca44156a7,f2856ae5-c561-5f69-8db8-0495481bb2b0,9c13f1a1-7d5a-59a5-9584-fde45b06b1d3,9f4d81af-740a-5a3e-895c-cfa5007043cd,16,present,cdc27f92-2037-5191-bdf4-6c262b1949de,2026-03-20T10:00:00Z
b8593059-478c-5524-b5c0-078abb8c7c83,f2856ae5-c561-5f69-8db8-0495481bb2b0,a5984216-76d6-57dc-bd1d-cc3ed1299490,9f4d81af-740a-5a3e-895c-cfa5007043cd,32,present,cdc27f92-2037-5191-bdf4-6c262b1949de,2026-03-20T10:00:00Z
a6d93027-6c0d-509a-9f24-19c4a09facd7,f2856ae5-c561-5f69-8db8-0495481bb2b0,cf80dbb6-49dd-501d-a37c-1fd07820a225,9f4d81af-740a-5a3e-895c-cfa5007043cd,54,present,cdc27f92-2037-5191-bdf4-6c262b1949de,2026-03-20T10:00:00Z
dc858ec4-2190-56da-bb88-9dcd59f17e71,f2856ae5-c561-5f69-8db8-0495481bb2b0,7f33de9b-2d3b-51dc-be54-092fd1da81a8,9f4d81af-740a-5a3e-895c-cfa5007043cd,19,present,cdc27f92-2037-5191-bdf4-6c262b1949de,2026-03-20T10:00:00Z
ce934505-e6bc-5783-8c00-8f626a05031a,f2856ae5-c561-5f69-8db8-0495481bb2b0,3dcc4ee5-7fed-5938-bc9b-cd0a35f43e52,9f4d81af-740a-5a3e-895c-cfa5007043cd,29,present,cdc27f92-2037-5191-bdf4-6c262b1949de,2026-03-20T10:00:00Z
12390a35-8949-5376-904a-23846934c60d,f2856ae5-c561-5f69-8db8-0495481bb2b0,8bd57b91-f6f6-5765-acac-b8047826ec4b,9f4d81af-740a-5a3e-895c-cfa5007043cd,58,present,cdc27f92-2037-5191-bdf4-6c262b1949de,2026-03-20T10:00:00Z
f0cc53a5-9cf0-570c-8a1e-ad762bacabe2,f2856ae5-c561-5f69-8db8-0495481bb2b0,5ae31b32-4b45-596c-9167-56cab366346c,9f4d81af-740a-5a3e-895c-cfa5007043cd,20,present,cdc27f92-2037-5191-bdf4-6c262b1949de,2026-03-20T10:00:00Z
227efede-33fb-5358-8a96-c1993e49b144,f2856ae5-c561-5f69-8db8-0495481bb2b0,ec344613-1fca-5cc4-8cac-4818a0ecf8d3,9f4d81af-740a-5a3e-895c-cfa5007043cd,36,present,cdc27f92-2037-5191-bdf4-6c262b1949de,2026-03-20T10:00:00Z
10116d42-bccb-5646-a874-cfcf64eee600,f2856ae5-c561-5f69-8db8-0495481bb2b0,48f3f6dd-fdd8-528a-b9ba-b12bd78071a1,9f4d81af-740a-5a3e-895c-cfa5007043cd,72,present,cdc27f92-2037-5191-bdf4-6c262b1949de,2026-03-20T10:00:00Z
931f1f60-e9bb-589b-b2d6-00bcf5f2e039,f2856ae5-c561-5f69-8db8-0495481bb2b0,2e7fed22-819b-5faf-b500-e1130785f0f9,9f4d81af-740a-5a3e-895c-cfa5007043cd,20,present,72fa82de-09c5-522c-bbba-f0a09021a696,2026-03-20T10:00:00Z
e05eaece-9114-578f-be35-9f06282e04e6,f2856ae5-c561-5f69-8db8-0495481bb2b0,ef448b82-b761-5e44-b437-2be46fe60c3c,9f4d81af-740a-5a3e-895c-cfa5007043cd,43,present,72fa82de-09c5-522c-bbba-f0a09021a696,2026-03-20T10:00:00Z
7c4e6a0c-18bc-5ae3-a1c3-842cc84b0df8,f2856ae5-c561-5f69-8db8-0495481bb2b0,c70e591a-9806-59ff-bbd2-77c6d961dafc,9f4d81af-740a-5a3e-895c-cfa5007043cd,86,present,72fa82de-09c5-522c-bbba-f0a09021a696,2026-03-20T10:00:00Z
27b92a61-692e-5a36-9ae8-03816b4c426c,f2856ae5-c561-5f69-8db8-0495481bb2b0,c7ace640-ab29-5d6e-ae0b-ef405aa8990f,9f4d81af-740a-5a3e-895c-cfa5007043cd,22,present,cdc27f92-2037-5191-bdf4-6c262b1949de,2026-03-20T10:00:00Z
7b052c0b-a7fb-5313-bc39-fa1dd0e1b7a5,f2856ae5-c561-5f69-8db8-0495481bb2b0,3bc33292-b85c-5c25-9104-758e1a7ece4b,9f4d81af-740a-5a3e-895c-cfa5007043cd,33,present,cdc27f92-2037-5191-bdf4-6c262b1949de,2026-03-20T10:00:00Z
8c55d454-41c6-5fbd-9668-b5f50f48881d,f2856ae5-c561-5f69-8db8-0495481bb2b0,6afa375a-e53d-589c-93d2-1abeb3dbbcbf,9f4d81af-740a-5a3e-895c-cfa5007043cd,62,present,cdc27f92-2037-5191-bdf4-6c262b1949de,2026-03-20T10:00:00Z
