id,school_id,term_id,enrolment_id,class_subject_id,teacher_id,comment,status,signed_at
8524450c-0789-5f84-9c25-b467229b492b,9341cf1e-f77b-5e4a-abbe-6a72f8c4a2fa,9054edb8-0369-52aa-b114-359dc868bcbb,c1ab2734-46af-55dc-8766-b22b50c5d3cd,4cdff911-df4f-5372-8103-5374eb970a39,d0f5a97f-ad85-5433-8e7a-67a79da066d3,Should work harder.,submitted,2026-03-27T15:00:00Z
5b0629c1-9614-5185-83cb-6821ca2f2457,9341cf1e-f77b-5e4a-abbe-6a72f8c4a2fa,9054edb8-0369-52aa-b114-359dc868bcbb,c1ab2734-46af-55dc-8766-b22b50c5d3cd,a69d1693-6fb5-52f5-be41-ab34fe0da573,0a9cf731-8101-5c94-8f1a-993db8f3bb9e,Urgent improvement needed.,submitted,2026-03-27T15:00:00Z
6b78c83c-61cb-54de-b2a1-45ab3295f3b0,9341cf1e-f77b-5e4a-abbe-6a72f8c4a2fa,9054edb8-0369-52aa-b114-359dc868bcbb,c1ab2734-46af-55dc-8766-b22b50c5d3cd,052a7e42-8224-5b88-914c-b4a8661da001,ea1ece68-bc07-53fd-ab08-d1c2b4a4002c,Very weak. Please see the teacher for support.,submitted,2026-03-27T15:00:00Z
86de3946-b5cb-5ff1-ac3d-e341f4dbbeaa,9341cf1e-f77b-5e4a-abbe-6a72f8c4a2fa,9054edb8-0369-52aa-b114-359dc868bcbb,c1ab2734-46af-55dc-8766-b22b50c5d3cd,2e41edba-16e9-5e44-932f-ccededaa4b84,6ad65213-e90f-5f74-ae79-ce3505408a84,Very weak. Please see the teacher for support.,submitted,2026-03-27T15:00:00Z
d5816f63-1d61-5b4f-8d9c-90d90684d65f,9341cf1e-f77b-5e4a-abbe-6a72f8c4a2fa,9054edb8-0369-52aa-b114-359dc868bcbb,c1ab2734-46af-55dc-8766-b22b50c5d3cd,7dd70c8d-a6f9-5716-9e10-8bfaae755a23,6ad65213-e90f-5f74-ae79-ce3505408a84,Below expectation. Extra effort needed.,submitted,2026-03-27T15:00:00Z
43dfe7a7-025c-5a74-b57f-68c5c43ed37c,9341cf1e-f77b-5e4a-abbe-6a72f8c4a2fa,9054edb8-0369-52aa-b114-359dc868bcbb,c1ab2734-46af-55dc-8766-b22b50c5d3cd,7ece39d2-5c1e-5514-96b1-31443e80370d,cccdf135-6895-5e96-b2f4-e0c94b2971a0,Urgent improvement needed.,submitted,2026-03-27T15:00:00Z
9d2210a1-153d-5b1e-a507-889828721474,9341cf1e-f77b-5e4a-abbe-6a72f8c4a2fa,9054edb8-0369-52aa-b114-359dc868bcbb,c1ab2734-46af-55dc-8766-b22b50c5d3cd,ddf07508-5995-5e14-848f-efd9315c23a8,adbc96ac-0567-5b6b-9ca1-b7b285463f9c,Poor performance. Seek extra help.,submitted,2026-03-27T15:00:00Z
96fca889-a0ee-52d4-94ed-70bbe75c83d0,9341cf1e-f77b-5e4a-abbe-6a72f8c4a2fa,9054edb8-0369-52aa-b114-359dc868bcbb,582ca7f0-d4be-5e7a-b090-a0208bf45af6,4cdff911-df4f-5372-8103-5374eb970a39,d0f5a97f-ad85-5433-8e7a-67a79da066d3,Fair performance; more practice needed.,submitted,2026-03-27T15:00:00Z
2172b26f-075c-5bed-86a3-f6d8c220cd55,9341cf1e-f77b-5e4a-abbe-6a72f8c4a2fa,9054edb8-0369-52aa-b114-359dc868bcbb,582ca7f0-d4be-5e7a-b090-a0208bf45af6,a69d1693-6fb5-52f5-be41-ab34fe0da573,0a9cf731-8101-5c94-8f1a-993db8f3bb9e,Quite good.,submitted,2026-03-27T15:00:00Z
b9cb55b6-7647-54a2-be5f-2411bd7fc52d,9341cf1e-f77b-5e4a-abbe-6a72f8c4a2fa,9054edb8-0369-52aa-b114-359dc868bcbb,582ca7f0-d4be-5e7a-b090-a0208bf45af6,052a7e42-8224-5b88-914c-b4a8661da001,ea1ece68-bc07-53fd-ab08-d1c2b4a4002c,Should work harder.,submitted,2026-03-27T15:00:00Z
92e81458-6d94-5d9f-8613-e9e13a340f0e,9341cf1e-f77b-5e4a-abbe-6a72f8c4a2fa,9054edb8-0369-52aa-b114-359dc868bcbb,582ca7f0-d4be-5e7a-b090-a0208bf45af6,83f377e2-8ec8-51dc-b0c7-04f44e29ba61,cccdf135-6895-5e96-b2f4-e0c94b2971a0,Pleasing performance.,submitted,2026-03-27T15:00:00Z
c3821449-04e4-55a2-9147-d67b3daef9db,9341cf1e-f77b-5e4a-abbe-6a72f8c4a2fa,9054edb8-0369-52aa-b114-359dc868bcbb,582ca7f0-d4be-5e7a-b090-a0208bf45af6,2e41edba-16e9-5e44-932f-ccededaa4b84,6ad65213-e90f-5f74-ae79-ce3505408a84,Satisfactory. You can do better.,submitted,2026-03-27T15:00:00Z
adba7d14-ec5b-5f98-a3da-b1eb7951d2da,9341cf1e-f77b-5e4a-abbe-6a72f8c4a2fa,9054edb8-0369-52aa-b114-359dc868bcbb,582ca7f0-d4be-5e7a-b090-a0208bf45af6,7dd70c8d-a6f9-5716-9e10-8bfaae755a23,6ad65213-e90f-5f74-ae79-ce3505408a84,Should work harder.,submitted,2026-03-27T15:00:00Z
d69d449a-0014-5f97-b2ca-2ced8e139dec,9341cf1e-f77b-5e4a-abbe-6a72f8c4a2fa,9054edb8-0369-52aa-b114-359dc868bcbb,582ca7f0-d4be-5e7a-b090-a0208bf45af6,bc93b159-b124-574a-88bf-ba923848640a,9a7606a0-33db-5faa-9d93-a634e51b2733,Should work harder.,submitted,2026-03-27T15:00:00Z
6f37fb62-ca52-56c9-b748-30da6e25c416,9341cf1e-f77b-5e4a-abbe-6a72f8c4a2fa,9054edb8-0369-52aa-b114-359dc868bcbb,da76072c-a7aa-575b-b294-71d0628975d0,4cdff911-df4f-5372-8103-5374eb970a39,d0f5a97f-ad85-5433-8e7a-67a79da066d3,Outstanding work this term.,submitted,2026-03-27T15:00:00Z
8f563988-14dd-588d-a44d-14e0fd696277,9341cf1e-f77b-5e4a-abbe-6a72f8c4a2fa,9054edb8-0369-52aa-b114-359dc868bcbb,da76072c-a7aa-575b-b294-71d0628975d0,a69d1693-6fb5-52f5-be41-ab34fe0da573,0a9cf731-8101-5c94-8f1a-993db8f3bb9e,Outstanding work this term.,submitted,2026-03-27T15:00:00Z
45aec118-971e-5ef5-8128-7a6b14932a33,9341cf1e-f77b-5e4a-abbe-6a72f8c4a2fa,9054edb8-0369-52aa-b114-359dc868bcbb,da76072c-a7aa-575b-b294-71d0628975d0,052a7e42-8224-5b88-914c-b4a8661da001,ea1ece68-bc07-53fd-ab08-d1c2b4a4002c,Outstanding work this term.,submitted,2026-03-27T15:00:00Z
f088e96e-594b-558d-bfa7-ee0f264a965e,9341cf1e-f77b-5e4a-abbe-6a72f8c4a2fa,9054edb8-0369-52aa-b114-359dc868bcbb,da76072c-a7aa-575b-b294-71d0628975d0,adf474ab-77bf-5588-84d2-0b3e42316aca,41b489ac-92f6-5fc0-8bce-c587a1d85417,Outstanding work this term.,submitted,2026-03-27T15:00:00Z
6639bb22-c9cf-5c6f-9f22-de6902d0e2f1,9341cf1e-f77b-5e4a-abbe-6a72f8c4a2fa,9054edb8-0369-52aa-b114-359dc868bcbb,da76072c-a7aa-575b-b294-71d0628975d0,7ece39d2-5c1e-5514-96b1-31443e80370d,cccdf135-6895-5e96-b2f4-e0c94b2971a0,Quite good.,submitted,2026-03-27T15:00:00Z
02337ff6-4389-526c-bf42-02159fe7aa83,9341cf1e-f77b-5e4a-abbe-6a72f8c4a2fa,9054edb8-0369-52aa-b114-359dc868bcbb,da76072c-a7aa-575b-b294-71d0628975d0,2e41edba-16e9-5e44-932f-ccededaa4b84,6ad65213-e90f-5f74-ae79-ce3505408a84,Well done. Keep it up!,submitted,2026-03-27T15:00:00Z
f9640be7-15c3-570e-b2f3-3149d10a9b76,9341cf1e-f77b-5e4a-abbe-6a72f8c4a2fa,9054edb8-0369-52aa-b114-359dc868bcbb,da76072c-a7aa-575b-b294-71d0628975d0,7dd70c8d-a6f9-5716-9e10-8bfaae755a23,6ad65213-e90f-5f74-ae79-ce3505408a84,Very good performance.,submitted,2026-03-27T15:00:00Z
40868b7b-1b03-5a3e-81dd-4d74077037c8,9341cf1e-f77b-5e4a-abbe-6a72f8c4a2fa,9054edb8-0369-52aa-b114-359dc868bcbb,34ae0f30-6ce2-5e7e-a46c-1604f44e3985,4cdff911-df4f-5372-8103-5374eb970a39,d0f5a97f-ad85-5433-8e7a-67a79da066d3,Good effort. Aim higher.,submitted,2026-03-27T15:00:00Z
31ca9a42-317e-5560-a8b4-8610e62fa03f,9341cf1e-f77b-5e4a-abbe-6a72f8c4a2fa,9054edb8-0369-52aa-b114-359dc868bcbb,34ae0f30-6ce2-5e7e-a46c-1604f44e3985,a69d1693-6fb5-52f5-be41-ab34fe0da573,0a9cf731-8101-5c94-8f1a-993db8f3bb9e,Good effort. Aim higher.,submitted,2026-03-27T15:00:00Z
30a1ad45-4c82-570f-9834-7d95dfcee687,9341cf1e-f77b-5e4a-abbe-6a72f8c4a2fa,9054edb8-0369-52aa-b114-359dc868bcbb,34ae0f30-6ce2-5e7e-a46c-1604f44e3985,052a7e42-8224-5b88-914c-b4a8661da001,ea1ece68-bc07-53fd-ab08-d1c2b4a4002c,Excellent performance. Keep it up!,submitted,2026-03-27T15:00:00Z
8cb6c276-5b43-5829-b28a-e5207f0fa2f7,9341cf1e-f77b-5e4a-abbe-6a72f8c4a2fa,9054edb8-0369-52aa-b114-359dc868bcbb,34ae0f30-6ce2-5e7e-a46c-1604f44e3985,bc93b159-b124-574a-88bf-ba923848640a,9a7606a0-33db-5faa-9d93-a634e51b2733,Should work harder.,submitted,2026-03-27T15:00:00Z
2c8fe856-bf16-5c47-8036-85f087fb488e,9341cf1e-f77b-5e4a-abbe-6a72f8c4a2fa,9054edb8-0369-52aa-b114-359dc868bcbb,34ae0f30-6ce2-5e7e-a46c-1604f44e3985,7ece39d2-5c1e-5514-96b1-31443e80370d,cccdf135-6895-5e96-b2f4-e0c94b2971a0,Fair performance; more practice needed.,submitted,2026-03-27T15:00:00Z
12899e76-cd94-5c40-a065-35c21639de6c,9341cf1e-f77b-5e4a-abbe-6a72f8c4a2fa,9054edb8-0369-52aa-b114-359dc868bcbb,34ae0f30-6ce2-5e7e-a46c-1604f44e3985,ddf07508-5995-5e14-848f-efd9315c23a8,adbc96ac-0567-5b6b-9ca1-b7b285463f9c,Pleasing performance.,submitted,2026-03-27T15:00:00Z
92ebe8fb-eacb-5c5b-ba02-af2267732a1a,9341cf1e-f77b-5e4a-abbe-6a72f8c4a2fa,9054edb8-0369-52aa-b114-359dc868bcbb,34ae0f30-6ce2-5e7e-a46c-1604f44e3985,7dd70c8d-a6f9-5716-9e10-8bfaae755a23,6ad65213-e90f-5f74-ae79-ce3505408a84,Satisfactory. You can do better.,submitted,2026-03-27T15:00:00Z
a7b54bd7-d2a2-5aa1-a15b-459010498565,9341cf1e-f77b-5e4a-abbe-6a72f8c4a2fa,9054edb8-0369-52aa-b114-359dc868bcbb,73c2adbe-ffec-5ef3-a177-21dc252c73ab,4cdff911-df4f-5372-8103-5374eb970a39,d0f5a97f-ad85-5433-8e7a-67a79da066d3,Outstanding work this term.,submitted,2026-03-27T15:00:00Z
43478ec3-4fdf-5348-80c7-7f1352688bc6,9341cf1e-f77b-5e4a-abbe-6a72f8c4a2fa,9054edb8-0369-52aa-b114-359dc868bcbb,73c2adbe-ffec-5ef3-a177-21dc252c73ab,a69d1693-6fb5-52f5-be41-ab34fe0da573,0a9cf731-8101-5c94-8f1a-993db8f3bb9e,"Very pleasing, keep it up.",submitted,2026-03-27T15:00:00Z
de022c6d-e639-54a8-992b-e0db67b3cdb5,9341cf1e-f77b-5e4a-abbe-6a72f8c4a2fa,9054edb8-0369-52aa-b114-359dc868bcbb,73c2adbe-ffec-5ef3-a177-21dc252c73ab,052a7e42-8224-5b88-914c-b4a8661da001,ea1ece68-bc07-53fd-ab08-d1c2b4a4002c,Good effort. Aim higher.,submitted,2026-03-27T15:00:00Z
f9d55d84-bd02-5074-a9d6-f4619d0da362,9341cf1e-f77b-5e4a-abbe-6a72f8c4a2fa,9054edb8-0369-52aa-b114-359dc868bcbb,73c2adbe-ffec-5ef3-a177-21dc252c73ab,7ece39d2-5c1e-5514-96b1-31443e80370d,cccdf135-6895-5e96-b2f4-e0c94b2971a0,Should work harder.,submitted,2026-03-27T15:00:00Z
03578479-ebd2-53d2-b3a8-757f0bdaf9a4,9341cf1e-f77b-5e4a-abbe-6a72f8c4a2fa,9054edb8-0369-52aa-b114-359dc868bcbb,73c2adbe-ffec-5ef3-a177-21dc252c73ab,adf474ab-77bf-5588-84d2-0b3e42316aca,41b489ac-92f6-5fc0-8bce-c587a1d85417,Satisfactory. You can do better.,submitted,2026-03-27T15:00:00Z
ae47bac9-98c4-5bf5-b7f8-30a5fdee0730,9341cf1e-f77b-5e4a-abbe-6a72f8c4a2fa,9054edb8-0369-52aa-b114-359dc868bcbb,73c2adbe-ffec-5ef3-a177-21dc252c73ab,2e41edba-16e9-5e44-932f-ccededaa4b84,6ad65213-e90f-5f74-ae79-ce3505408a84,Pleasing performance.,submitted,2026-03-27T15:00:00Z
5259097d-d390-5d04-bf49-8205a22717a2,9341cf1e-f77b-5e4a-abbe-6a72f8c4a2fa,9054edb8-0369-52aa-b114-359dc868bcbb,73c2adbe-ffec-5ef3-a177-21dc252c73ab,ddf07508-5995-5e14-848f-efd9315c23a8,adbc96ac-0567-5b6b-9ca1-b7b285463f9c,Should work harder.,submitted,2026-03-27T15:00:00Z
309ce1f3-0894-54ec-aa1a-5496428f5693,9341cf1e-f77b-5e4a-abbe-6a72f8c4a2fa,9054edb8-0369-52aa-b114-359dc868bcbb,db83d865-001d-588d-9fb1-9cf1a84ff5b6,4cdff911-df4f-5372-8103-5374eb970a39,d0f5a97f-ad85-5433-8e7a-67a79da066d3,Quite good.,submitted,2026-03-27T15:00:00Z
4a28902c-1551-5f46-bc98-0028f48a8c95,9341cf1e-f77b-5e4a-abbe-6a72f8c4a2fa,9054edb8-0369-52aa-b114-359dc868bcbb,db83d865-001d-588d-9fb1-9cf1a84ff5b6,a69d1693-6fb5-52f5-be41-ab34fe0da573,0a9cf731-8101-5c94-8f1a-993db8f3bb9e,Outstanding work this term.,submitted,2026-03-27T15:00:00Z
464a49e9-fabe-53a8-a238-710efe2e71ae,9341cf1e-f77b-5e4a-abbe-6a72f8c4a2fa,9054edb8-0369-52aa-b114-359dc868bcbb,db83d865-001d-588d-9fb1-9cf1a84ff5b6,052a7e42-8224-5b88-914c-b4a8661da001,ea1ece68-bc07-53fd-ab08-d1c2b4a4002c,Well done. Keep it up!,submitted,2026-03-27T15:00:00Z
a36ad0e1-4397-5572-ac11-88c0a3d1e888,9341cf1e-f77b-5e4a-abbe-6a72f8c4a2fa,9054edb8-0369-52aa-b114-359dc868bcbb,db83d865-001d-588d-9fb1-9cf1a84ff5b6,7ece39d2-5c1e-5514-96b1-31443e80370d,cccdf135-6895-5e96-b2f4-e0c94b2971a0,Very good performance.,submitted,2026-03-27T15:00:00Z
aadce5a3-364c-532d-8d01-a8e63dbc384f,9341cf1e-f77b-5e4a-abbe-6a72f8c4a2fa,9054edb8-0369-52aa-b114-359dc868bcbb,db83d865-001d-588d-9fb1-9cf1a84ff5b6,7dd70c8d-a6f9-5716-9e10-8bfaae755a23,6ad65213-e90f-5f74-ae79-ce3505408a84,Very good performance.,submitted,2026-03-27T15:00:00Z
81a3c14f-534c-5a8d-8269-aca12ebc17e6,9341cf1e-f77b-5e4a-abbe-6a72f8c4a2fa,9054edb8-0369-52aa-b114-359dc868bcbb,db83d865-001d-588d-9fb1-9cf1a84ff5b6,ddf07508-5995-5e14-848f-efd9315c23a8,adbc96ac-0567-5b6b-9ca1-b7b285463f9c,Test 2 outstanding (absent). Result to be completed.,submitted,2026-03-27T15:00:00Z
4ac208b4-7ea7-5062-9306-ff24f39a94e3,9341cf1e-f77b-5e4a-abbe-6a72f8c4a2fa,9054edb8-0369-52aa-b114-359dc868bcbb,db83d865-001d-588d-9fb1-9cf1a84ff5b6,83f377e2-8ec8-51dc-b0c7-04f44e29ba61,cccdf135-6895-5e96-b2f4-e0c94b2971a0,Well done. Keep it up!,submitted,2026-03-27T15:00:00Z
a0c6add4-3c58-5f2e-9f58-1600505c915e,9341cf1e-f77b-5e4a-abbe-6a72f8c4a2fa,9054edb8-0369-52aa-b114-359dc868bcbb,c318dc97-6919-5a3b-af41-b9b5a7697d33,4cdff911-df4f-5372-8103-5374eb970a39,d0f5a97f-ad85-5433-8e7a-67a79da066d3,Should work harder.,submitted,2026-03-27T15:00:00Z
91f39eb4-28ce-561b-8a5f-ee934259e7b1,9341cf1e-f77b-5e4a-abbe-6a72f8c4a2fa,9054edb8-0369-52aa-b114-359dc868bcbb,c318dc97-6919-5a3b-af41-b9b5a7697d33,a69d1693-6fb5-52f5-be41-ab34fe0da573,0a9cf731-8101-5c94-8f1a-993db8f3bb9e,Below expectation. Extra effort needed.,submitted,2026-03-27T15:00:00Z
3f149ec0-d8e9-5980-8e29-dc585e678ef2,9341cf1e-f77b-5e4a-abbe-6a72f8c4a2fa,9054edb8-0369-52aa-b114-359dc868bcbb,c318dc97-6919-5a3b-af41-b9b5a7697d33,052a7e42-8224-5b88-914c-b4a8661da001,ea1ece68-bc07-53fd-ab08-d1c2b4a4002c,Quite good.,submitted,2026-03-27T15:00:00Z
c216e97c-19fb-5976-88b3-85b0b3ec3cc3,9341cf1e-f77b-5e4a-abbe-6a72f8c4a2fa,9054edb8-0369-52aa-b114-359dc868bcbb,c318dc97-6919-5a3b-af41-b9b5a7697d33,adf474ab-77bf-5588-84d2-0b3e42316aca,41b489ac-92f6-5fc0-8bce-c587a1d85417,Very good performance.,submitted,2026-03-27T15:00:00Z
5966012d-0637-50f5-ba98-9432fc01dd49,9341cf1e-f77b-5e4a-abbe-6a72f8c4a2fa,9054edb8-0369-52aa-b114-359dc868bcbb,c318dc97-6919-5a3b-af41-b9b5a7697d33,7ece39d2-5c1e-5514-96b1-31443e80370d,cccdf135-6895-5e96-b2f4-e0c94b2971a0,Fair performance; more practice needed.,submitted,2026-03-27T15:00:00Z
5c6daeaa-98a0-5921-86c6-99d93231be7d,9341cf1e-f77b-5e4a-abbe-6a72f8c4a2fa,9054edb8-0369-52aa-b114-359dc868bcbb,c318dc97-6919-5a3b-af41-b9b5a7697d33,83f377e2-8ec8-51dc-b0c7-04f44e29ba61,cccdf135-6895-5e96-b2f4-e0c94b2971a0,Good effort. Aim higher.,submitted,2026-03-27T15:00:00Z
a9dea7cb-a5a3-5445-992e-5f9e6addb8a8,9341cf1e-f77b-5e4a-abbe-6a72f8c4a2fa,9054edb8-0369-52aa-b114-359dc868bcbb,c318dc97-6919-5a3b-af41-b9b5a7697d33,7dd70c8d-a6f9-5716-9e10-8bfaae755a23,6ad65213-e90f-5f74-ae79-ce3505408a84,Test 2 outstanding (absent). Result to be completed.,submitted,2026-03-27T15:00:00Z
bb8f7831-053b-5d2c-83bd-0f7b07a81d53,9341cf1e-f77b-5e4a-abbe-6a72f8c4a2fa,9054edb8-0369-52aa-b114-359dc868bcbb,10af219f-8e29-5f97-b379-14228f812176,4cdff911-df4f-5372-8103-5374eb970a39,d0f5a97f-ad85-5433-8e7a-67a79da066d3,Poor performance. Seek extra help.,submitted,2026-03-27T15:00:00Z
2c287331-9c1f-5ac3-914f-bd2cb66fce79,9341cf1e-f77b-5e4a-abbe-6a72f8c4a2fa,9054edb8-0369-52aa-b114-359dc868bcbb,10af219f-8e29-5f97-b379-14228f812176,a69d1693-6fb5-52f5-be41-ab34fe0da573,0a9cf731-8101-5c94-8f1a-993db8f3bb9e,Poor performance. Seek extra help.,submitted,2026-03-27T15:00:00Z
770e78a1-eea2-5f03-9a53-86b961cedb46,9341cf1e-f77b-5e4a-abbe-6a72f8c4a2fa,9054edb8-0369-52aa-b114-359dc868bcbb,10af219f-8e29-5f97-b379-14228f812176,052a7e42-8224-5b88-914c-b4a8661da001,ea1ece68-bc07-53fd-ab08-d1c2b4a4002c,Satisfactory. You can do better.,submitted,2026-03-27T15:00:00Z
c786ee49-2978-59f3-b68e-1ad2e79c5fb5,9341cf1e-f77b-5e4a-abbe-6a72f8c4a2fa,9054edb8-0369-52aa-b114-359dc868bcbb,10af219f-8e29-5f97-b379-14228f812176,7dd70c8d-a6f9-5716-9e10-8bfaae755a23,6ad65213-e90f-5f74-ae79-ce3505408a84,Pleasing performance.,submitted,2026-03-27T15:00:00Z
bb3919a3-37be-5a62-b3a6-96f9b11f05eb,9341cf1e-f77b-5e4a-abbe-6a72f8c4a2fa,9054edb8-0369-52aa-b114-359dc868bcbb,10af219f-8e29-5f97-b379-14228f812176,adf474ab-77bf-5588-84d2-0b3e42316aca,41b489ac-92f6-5fc0-8bce-c587a1d85417,Should work harder.,submitted,2026-03-27T15:00:00Z
d412f556-04bc-525d-bca3-e6cf7a10e338,9341cf1e-f77b-5e4a-abbe-6a72f8c4a2fa,9054edb8-0369-52aa-b114-359dc868bcbb,10af219f-8e29-5f97-b379-14228f812176,2e41edba-16e9-5e44-932f-ccededaa4b84,6ad65213-e90f-5f74-ae79-ce3505408a84,Urgent improvement needed.,submitted,2026-03-27T15:00:00Z
961c3944-e10d-5394-aaaf-626773018331,9341cf1e-f77b-5e4a-abbe-6a72f8c4a2fa,9054edb8-0369-52aa-b114-359dc868bcbb,10af219f-8e29-5f97-b379-14228f812176,ddf07508-5995-5e14-848f-efd9315c23a8,adbc96ac-0567-5b6b-9ca1-b7b285463f9c,Weak; revise regularly.,submitted,2026-03-27T15:00:00Z
04962c5f-3b2b-5ea7-b0ae-bc0d905ed8c6,9341cf1e-f77b-5e4a-abbe-6a72f8c4a2fa,9054edb8-0369-52aa-b114-359dc868bcbb,a6632282-2b94-53ae-a2f4-84ac2fc47f4c,4cdff911-df4f-5372-8103-5374eb970a39,d0f5a97f-ad85-5433-8e7a-67a79da066d3,Good effort. Aim higher.,submitted,2026-03-27T15:00:00Z
62b83262-0f51-5787-a99a-69bdb8f575a1,9341cf1e-f77b-5e4a-abbe-6a72f8c4a2fa,9054edb8-0369-52aa-b114-359dc868bcbb,a6632282-2b94-53ae-a2f4-84ac2fc47f4c,a69d1693-6fb5-52f5-be41-ab34fe0da573,0a9cf731-8101-5c94-8f1a-993db8f3bb9e,Needs to work harder.,submitted,2026-03-27T15:00:00Z
4040d609-c12e-5f1d-ba0c-acbf132c7ea2,9341cf1e-f77b-5e4a-abbe-6a72f8c4a2fa,9054edb8-0369-52aa-b114-359dc868bcbb,a6632282-2b94-53ae-a2f4-84ac2fc47f4c,052a7e42-8224-5b88-914c-b4a8661da001,ea1ece68-bc07-53fd-ab08-d1c2b4a4002c,Fair performance; more practice needed.,submitted,2026-03-27T15:00:00Z
12c01fa3-e1ce-5f5b-a308-29241a1289a9,9341cf1e-f77b-5e4a-abbe-6a72f8c4a2fa,9054edb8-0369-52aa-b114-359dc868bcbb,a6632282-2b94-53ae-a2f4-84ac2fc47f4c,7ece39d2-5c1e-5514-96b1-31443e80370d,cccdf135-6895-5e96-b2f4-e0c94b2971a0,Quite good.,submitted,2026-03-27T15:00:00Z
68f5ea1b-91e0-5784-b4d3-7cf2d504bdc4,9341cf1e-f77b-5e4a-abbe-6a72f8c4a2fa,9054edb8-0369-52aa-b114-359dc868bcbb,a6632282-2b94-53ae-a2f4-84ac2fc47f4c,7dd70c8d-a6f9-5716-9e10-8bfaae755a23,6ad65213-e90f-5f74-ae79-ce3505408a84,Quite good.,submitted,2026-03-27T15:00:00Z
76a49f1d-b864-5422-95f5-4c1cf210b87e,9341cf1e-f77b-5e4a-abbe-6a72f8c4a2fa,9054edb8-0369-52aa-b114-359dc868bcbb,a6632282-2b94-53ae-a2f4-84ac2fc47f4c,ddf07508-5995-5e14-848f-efd9315c23a8,adbc96ac-0567-5b6b-9ca1-b7b285463f9c,Should work harder.,submitted,2026-03-27T15:00:00Z
f46b5ae5-4289-5b55-8933-74efede1c6bb,9341cf1e-f77b-5e4a-abbe-6a72f8c4a2fa,9054edb8-0369-52aa-b114-359dc868bcbb,a6632282-2b94-53ae-a2f4-84ac2fc47f4c,adf474ab-77bf-5588-84d2-0b3e42316aca,41b489ac-92f6-5fc0-8bce-c587a1d85417,Poor performance. Seek extra help.,submitted,2026-03-27T15:00:00Z
01385ccb-b450-5843-bb06-1751c371fffd,9341cf1e-f77b-5e4a-abbe-6a72f8c4a2fa,9054edb8-0369-52aa-b114-359dc868bcbb,036839e3-9029-5aee-af81-fcf8748c4a8a,4cdff911-df4f-5372-8103-5374eb970a39,d0f5a97f-ad85-5433-8e7a-67a79da066d3,Pleasing performance.,submitted,2026-03-27T15:00:00Z
e1ea71ff-2267-5468-a27a-283ff5be0690,9341cf1e-f77b-5e4a-abbe-6a72f8c4a2fa,9054edb8-0369-52aa-b114-359dc868bcbb,036839e3-9029-5aee-af81-fcf8748c4a8a,a69d1693-6fb5-52f5-be41-ab34fe0da573,0a9cf731-8101-5c94-8f1a-993db8f3bb9e,Quite good.,submitted,2026-03-27T15:00:00Z
0db67bcc-b5e4-593c-801d-31388cf6f0dd,9341cf1e-f77b-5e4a-abbe-6a72f8c4a2fa,9054edb8-0369-52aa-b114-359dc868bcbb,036839e3-9029-5aee-af81-fcf8748c4a8a,052a7e42-8224-5b88-914c-b4a8661da001,ea1ece68-bc07-53fd-ab08-d1c2b4a4002c,Well done. Keep it up!,submitted,2026-03-27T15:00:00Z
3492b765-4102-5a6d-810b-abf0bd2730ba,9341cf1e-f77b-5e4a-abbe-6a72f8c4a2fa,9054edb8-0369-52aa-b114-359dc868bcbb,036839e3-9029-5aee-af81-fcf8748c4a8a,7ece39d2-5c1e-5514-96b1-31443e80370d,cccdf135-6895-5e96-b2f4-e0c94b2971a0,Fair performance; more practice needed.,submitted,2026-03-27T15:00:00Z
8c41a4ce-d89b-58b1-8b39-9ccda410e73b,9341cf1e-f77b-5e4a-abbe-6a72f8c4a2fa,9054edb8-0369-52aa-b114-359dc868bcbb,036839e3-9029-5aee-af81-fcf8748c4a8a,83f377e2-8ec8-51dc-b0c7-04f44e29ba61,cccdf135-6895-5e96-b2f4-e0c94b2971a0,Pleasing performance.,submitted,2026-03-27T15:00:00Z
634ab100-c983-568a-8106-11ed95ecc58b,9341cf1e-f77b-5e4a-abbe-6a72f8c4a2fa,9054edb8-0369-52aa-b114-359dc868bcbb,036839e3-9029-5aee-af81-fcf8748c4a8a,bc93b159-b124-574a-88bf-ba923848640a,9a7606a0-33db-5faa-9d93-a634e51b2733,Good effort. Aim higher.,submitted,2026-03-27T15:00:00Z
ca1c9881-e75b-5fa9-8f98-6b2b21f2cfa5,9341cf1e-f77b-5e4a-abbe-6a72f8c4a2fa,9054edb8-0369-52aa-b114-359dc868bcbb,036839e3-9029-5aee-af81-fcf8748c4a8a,7dd70c8d-a6f9-5716-9e10-8bfaae755a23,6ad65213-e90f-5f74-ae79-ce3505408a84,Should work harder.,submitted,2026-03-27T15:00:00Z
e8f819f7-c01f-5842-80c8-d499ee8ee26f,9341cf1e-f77b-5e4a-abbe-6a72f8c4a2fa,9054edb8-0369-52aa-b114-359dc868bcbb,f4b48d5a-4ff1-58c8-831b-0e51c5fe4614,1baa8e7b-5b41-5b69-9a43-a65ffe5c4469,d0f5a97f-ad85-5433-8e7a-67a79da066d3,Well done. Keep it up!,submitted,2026-03-27T15:00:00Z
f5f19234-1e29-57c8-9cb5-2092829d0ced,9341cf1e-f77b-5e4a-abbe-6a72f8c4a2fa,9054edb8-0369-52aa-b114-359dc868bcbb,f4b48d5a-4ff1-58c8-831b-0e51c5fe4614,5546b08d-d0d0-57f2-9786-7d7c985e0245,0a9cf731-8101-5c94-8f1a-993db8f3bb9e,Outstanding work this term.,submitted,2026-03-27T15:00:00Z
33130ff6-d5a2-5495-817d-2ddfc771854e,9341cf1e-f77b-5e4a-abbe-6a72f8c4a2fa,9054edb8-0369-52aa-b114-359dc868bcbb,f4b48d5a-4ff1-58c8-831b-0e51c5fe4614,ee5fe543-38fb-51ba-8b68-690f7c0a4954,ea1ece68-bc07-53fd-ab08-d1c2b4a4002c,Quite good.,submitted,2026-03-27T15:00:00Z
bb205eef-35fc-550c-8b18-76e1b30566ac,9341cf1e-f77b-5e4a-abbe-6a72f8c4a2fa,9054edb8-0369-52aa-b114-359dc868bcbb,f4b48d5a-4ff1-58c8-831b-0e51c5fe4614,bd131888-4476-5f15-abb8-695db9306179,cccdf135-6895-5e96-b2f4-e0c94b2971a0,Excellent performance. Keep it up!,submitted,2026-03-27T15:00:00Z
ce726fa9-ad4c-52df-9f47-8dfc71c85a69,9341cf1e-f77b-5e4a-abbe-6a72f8c4a2fa,9054edb8-0369-52aa-b114-359dc868bcbb,f4b48d5a-4ff1-58c8-831b-0e51c5fe4614,ba8c2380-62e8-596a-b791-d4e904870630,cccdf135-6895-5e96-b2f4-e0c94b2971a0,Excellent performance. Keep it up!,submitted,2026-03-27T15:00:00Z
035e6323-ed0e-5edc-a4b2-b1e881e76ca6,9341cf1e-f77b-5e4a-abbe-6a72f8c4a2fa,9054edb8-0369-52aa-b114-359dc868bcbb,f4b48d5a-4ff1-58c8-831b-0e51c5fe4614,c10ec805-1ed0-52a3-bb3e-5fa546228355,9a7606a0-33db-5faa-9d93-a634e51b2733,Well done. Keep it up!,submitted,2026-03-27T15:00:00Z
61c0f54b-feab-5f79-b89d-f73d95c4a73d,9341cf1e-f77b-5e4a-abbe-6a72f8c4a2fa,9054edb8-0369-52aa-b114-359dc868bcbb,f4b48d5a-4ff1-58c8-831b-0e51c5fe4614,eb8cd119-1ee7-5755-9707-4a269052b613,6ad65213-e90f-5f74-ae79-ce3505408a84,Outstanding work this term.,submitted,2026-03-27T15:00:00Z
734c7edb-7c3a-5605-b802-e14b6b53daf5,9341cf1e-f77b-5e4a-abbe-6a72f8c4a2fa,9054edb8-0369-52aa-b114-359dc868bcbb,15204562-8739-57ce-a891-599634f8e229,1baa8e7b-5b41-5b69-9a43-a65ffe5c4469,d0f5a97f-ad85-5433-8e7a-67a79da066d3,Fair performance; more practice needed.,submitted,2026-03-27T15:00:00Z
2d7c3ac0-ee18-5807-9e61-2d60a5c3b91e,9341cf1e-f77b-5e4a-abbe-6a72f8c4a2fa,9054edb8-0369-52aa-b114-359dc868bcbb,15204562-8739-57ce-a891-599634f8e229,5546b08d-d0d0-57f2-9786-7d7c985e0245,0a9cf731-8101-5c94-8f1a-993db8f3bb9e,"Very pleasing, keep it up.",submitted,2026-03-27T15:00:00Z
8da1df20-9a3f-510e-8cb0-c3f33c9d4c0c,9341cf1e-f77b-5e4a-abbe-6a72f8c4a2fa,9054edb8-0369-52aa-b114-359dc868bcbb,15204562-8739-57ce-a891-599634f8e229,ee5fe543-38fb-51ba-8b68-690f7c0a4954,ea1ece68-bc07-53fd-ab08-d1c2b4a4002c,Needs to work harder.,submitted,2026-03-27T15:00:00Z
915f1d81-1b77-5e85-a7f5-ab0b37d60132,9341cf1e-f77b-5e4a-abbe-6a72f8c4a2fa,9054edb8-0369-52aa-b114-359dc868bcbb,15204562-8739-57ce-a891-599634f8e229,c10ec805-1ed0-52a3-bb3e-5fa546228355,9a7606a0-33db-5faa-9d93-a634e51b2733,Satisfactory. You can do better.,submitted,2026-03-27T15:00:00Z
82affd57-5e48-550d-960f-7faac585a4f7,9341cf1e-f77b-5e4a-abbe-6a72f8c4a2fa,9054edb8-0369-52aa-b114-359dc868bcbb,15204562-8739-57ce-a891-599634f8e229,bd131888-4476-5f15-abb8-695db9306179,cccdf135-6895-5e96-b2f4-e0c94b2971a0,Should work harder.,submitted,2026-03-27T15:00:00Z
c6c42674-c7f5-5f27-92dd-d78e9503af52,9341cf1e-f77b-5e4a-abbe-6a72f8c4a2fa,9054edb8-0369-52aa-b114-359dc868bcbb,15204562-8739-57ce-a891-599634f8e229,e91c4eda-0443-5ed4-bff3-2ce94734a9d6,adbc96ac-0567-5b6b-9ca1-b7b285463f9c,"Very pleasing, keep it up.",submitted,2026-03-27T15:00:00Z
5f10243a-5d98-5957-99a3-f9cd040f5fa4,9341cf1e-f77b-5e4a-abbe-6a72f8c4a2fa,9054edb8-0369-52aa-b114-359dc868bcbb,15204562-8739-57ce-a891-599634f8e229,393ea450-8583-5eb0-a331-eb2703165298,6ad65213-e90f-5f74-ae79-ce3505408a84,Urgent improvement needed.,submitted,2026-03-27T15:00:00Z
7bd66227-1271-5410-918d-3bb7e33b5a6b,9341cf1e-f77b-5e4a-abbe-6a72f8c4a2fa,9054edb8-0369-52aa-b114-359dc868bcbb,f714ebb8-4de4-538c-860b-f04ffadb6dc7,1baa8e7b-5b41-5b69-9a43-a65ffe5c4469,d0f5a97f-ad85-5433-8e7a-67a79da066d3,Outstanding work this term.,submitted,2026-03-27T15:00:00Z
c6d35e94-b66e-5291-8c7e-43bd13fcc47b,9341cf1e-f77b-5e4a-abbe-6a72f8c4a2fa,9054edb8-0369-52aa-b114-359dc868bcbb,f714ebb8-4de4-538c-860b-f04ffadb6dc7,5546b08d-d0d0-57f2-9786-7d7c985e0245,0a9cf731-8101-5c94-8f1a-993db8f3bb9e,Very good performance.,submitted,2026-03-27T15:00:00Z
3fa3f551-6a27-5657-9191-b8c84ff396aa,9341cf1e-f77b-5e4a-abbe-6a72f8c4a2fa,9054edb8-0369-52aa-b114-359dc868bcbb,f714ebb8-4de4-538c-860b-f04ffadb6dc7,ee5fe543-38fb-51ba-8b68-690f7c0a4954,ea1ece68-bc07-53fd-ab08-d1c2b4a4002c,"Very pleasing, keep it up.",submitted,2026-03-27T15:00:00Z
f33056bf-c57a-5412-8cae-f19f6ec4ed9b,9341cf1e-f77b-5e4a-abbe-6a72f8c4a2fa,9054edb8-0369-52aa-b114-359dc868bcbb,f714ebb8-4de4-538c-860b-f04ffadb6dc7,e91c4eda-0443-5ed4-bff3-2ce94734a9d6,adbc96ac-0567-5b6b-9ca1-b7b285463f9c,Outstanding work this term.,submitted,2026-03-27T15:00:00Z
9f3a0844-ba38-5b49-95f0-b37d8fd985fe,9341cf1e-f77b-5e4a-abbe-6a72f8c4a2fa,9054edb8-0369-52aa-b114-359dc868bcbb,f714ebb8-4de4-538c-860b-f04ffadb6dc7,ba8c2380-62e8-596a-b791-d4e904870630,cccdf135-6895-5e96-b2f4-e0c94b2971a0,Outstanding work this term.,submitted,2026-03-27T15:00:00Z
32e4411e-eae6-5058-9b35-dd07b6cc914b,9341cf1e-f77b-5e4a-abbe-6a72f8c4a2fa,9054edb8-0369-52aa-b114-359dc868bcbb,f714ebb8-4de4-538c-860b-f04ffadb6dc7,c10ec805-1ed0-52a3-bb3e-5fa546228355,9a7606a0-33db-5faa-9d93-a634e51b2733,Very good performance.,submitted,2026-03-27T15:00:00Z
271b1773-5deb-5e93-a05f-123d016f1663,9341cf1e-f77b-5e4a-abbe-6a72f8c4a2fa,9054edb8-0369-52aa-b114-359dc868bcbb,f714ebb8-4de4-538c-860b-f04ffadb6dc7,7ed4390c-44a7-528d-a267-298172283911,41b489ac-92f6-5fc0-8bce-c587a1d85417,"Very pleasing, keep it up.",submitted,2026-03-27T15:00:00Z
242d53bb-2edd-5af4-8b7c-1d7315536216,9341cf1e-f77b-5e4a-abbe-6a72f8c4a2fa,9054edb8-0369-52aa-b114-359dc868bcbb,267ce91b-e86b-5f8d-8e64-5bca801a721c,1baa8e7b-5b41-5b69-9a43-a65ffe5c4469,d0f5a97f-ad85-5433-8e7a-67a79da066d3,Fair performance; more practice needed.,submitted,2026-03-27T15:00:00Z
3320e6b2-8000-573e-97f9-eea9019ff82c,9341cf1e-f77b-5e4a-abbe-6a72f8c4a2fa,9054edb8-0369-52aa-b114-359dc868bcbb,267ce91b-e86b-5f8d-8e64-5bca801a721c,5546b08d-d0d0-57f2-9786-7d7c985e0245,0a9cf731-8101-5c94-8f1a-993db8f3bb9e,Pleasing performance.,submitted,2026-03-27T15:00:00Z
479528f4-9d18-54fc-ac7a-3730418f6dcf,9341cf1e-f77b-5e4a-abbe-6a72f8c4a2fa,9054edb8-0369-52aa-b114-359dc868bcbb,267ce91b-e86b-5f8d-8e64-5bca801a721c,ee5fe543-38fb-51ba-8b68-690f7c0a4954,ea1ece68-bc07-53fd-ab08-d1c2b4a4002c,Fair performance; more practice needed.,submitted,2026-03-27T15:00:00Z
17230ec3-e5b6-5587-9075-8be4b321181c,9341cf1e-f77b-5e4a-abbe-6a72f8c4a2fa,9054edb8-0369-52aa-b114-359dc868bcbb,267ce91b-e86b-5f8d-8e64-5bca801a721c,bd131888-4476-5f15-abb8-695db9306179,cccdf135-6895-5e96-b2f4-e0c94b2971a0,Fair performance; more practice needed.,submitted,2026-03-27T15:00:00Z
4b75bbc8-9b86-50b0-8c45-e0aa9baf2830,9341cf1e-f77b-5e4a-abbe-6a72f8c4a2fa,9054edb8-0369-52aa-b114-359dc868bcbb,267ce91b-e86b-5f8d-8e64-5bca801a721c,ba8c2380-62e8-596a-b791-d4e904870630,cccdf135-6895-5e96-b2f4-e0c94b2971a0,Should work harder.,submitted,2026-03-27T15:00:00Z
7a342b99-64f2-5415-b0fc-c95ff41af5a7,9341cf1e-f77b-5e4a-abbe-6a72f8c4a2fa,9054edb8-0369-52aa-b114-359dc868bcbb,267ce91b-e86b-5f8d-8e64-5bca801a721c,e91c4eda-0443-5ed4-bff3-2ce94734a9d6,adbc96ac-0567-5b6b-9ca1-b7b285463f9c,Fair performance; more practice needed.,submitted,2026-03-27T15:00:00Z
9b9be110-0cf8-5f74-b1ab-5ef63686d3e1,9341cf1e-f77b-5e4a-abbe-6a72f8c4a2fa,9054edb8-0369-52aa-b114-359dc868bcbb,267ce91b-e86b-5f8d-8e64-5bca801a721c,393ea450-8583-5eb0-a331-eb2703165298,6ad65213-e90f-5f74-ae79-ce3505408a84,Pleasing performance.,submitted,2026-03-27T15:00:00Z
55cf9343-c604-5f5b-af4e-660aa2723eb3,9341cf1e-f77b-5e4a-abbe-6a72f8c4a2fa,9054edb8-0369-52aa-b114-359dc868bcbb,c2de7554-0a0c-58ab-bcc2-24024dbd0435,1baa8e7b-5b41-5b69-9a43-a65ffe5c4469,d0f5a97f-ad85-5433-8e7a-67a79da066d3,Well done. Keep it up!,submitted,2026-03-27T15:00:00Z
c8b18ae9-0154-5fca-85d1-a36b7166419c,9341cf1e-f77b-5e4a-abbe-6a72f8c4a2fa,9054edb8-0369-52aa-b114-359dc868bcbb,c2de7554-0a0c-58ab-bcc2-24024dbd0435,5546b08d-d0d0-57f2-9786-7d7c985e0245,0a9cf731-8101-5c94-8f1a-993db8f3bb9e,Excellent performance. Keep it up!,submitted,2026-03-27T15:00:00Z
540d4230-6050-5692-a11c-dc62354ff0d1,9341cf1e-f77b-5e4a-abbe-6a72f8c4a2fa,9054edb8-0369-52aa-b114-359dc868bcbb,c2de7554-0a0c-58ab-bcc2-24024dbd0435,ee5fe543-38fb-51ba-8b68-690f7c0a4954,ea1ece68-bc07-53fd-ab08-d1c2b4a4002c,Well done. Keep it up!,submitted,2026-03-27T15:00:00Z
4290e7f1-62b1-5054-9b13-63f4adb85159,9341cf1e-f77b-5e4a-abbe-6a72f8c4a2fa,9054edb8-0369-52aa-b114-359dc868bcbb,c2de7554-0a0c-58ab-bcc2-24024dbd0435,e91c4eda-0443-5ed4-bff3-2ce94734a9d6,adbc96ac-0567-5b6b-9ca1-b7b285463f9c,Excellent performance. Keep it up!,submitted,2026-03-27T15:00:00Z
534de9ec-c014-5aa2-9a15-51ed290dd702,9341cf1e-f77b-5e4a-abbe-6a72f8c4a2fa,9054edb8-0369-52aa-b114-359dc868bcbb,c2de7554-0a0c-58ab-bcc2-24024dbd0435,7ed4390c-44a7-528d-a267-298172283911,41b489ac-92f6-5fc0-8bce-c587a1d85417,Very good performance.,submitted,2026-03-27T15:00:00Z
87b57ac1-9499-569c-9fe0-83335bc05eda,9341cf1e-f77b-5e4a-abbe-6a72f8c4a2fa,9054edb8-0369-52aa-b114-359dc868bcbb,c2de7554-0a0c-58ab-bcc2-24024dbd0435,bd131888-4476-5f15-abb8-695db9306179,cccdf135-6895-5e96-b2f4-e0c94b2971a0,Very good performance.,submitted,2026-03-27T15:00:00Z
fe51f05b-d2e6-5df5-b300-1a8efa77b8a2,9341cf1e-f77b-5e4a-abbe-6a72f8c4a2fa,9054edb8-0369-52aa-b114-359dc868bcbb,c2de7554-0a0c-58ab-bcc2-24024dbd0435,393ea450-8583-5eb0-a331-eb2703165298,6ad65213-e90f-5f74-ae79-ce3505408a84,Very good performance.,submitted,2026-03-27T15:00:00Z
8c821c8e-5294-5ce6-a999-760649cb6cb0,9341cf1e-f77b-5e4a-abbe-6a72f8c4a2fa,9054edb8-0369-52aa-b114-359dc868bcbb,8704dc9d-2cf1-50f9-b530-a7b80b0e897e,1baa8e7b-5b41-5b69-9a43-a65ffe5c4469,d0f5a97f-ad85-5433-8e7a-67a79da066d3,Test 2 outstanding (absent). Result to be completed.,submitted,2026-03-27T15:00:00Z
fbd24792-87a9-5e36-a33c-8ea81bb598ed,9341cf1e-f77b-5e4a-abbe-6a72f8c4a2fa,9054edb8-0369-52aa-b114-359dc868bcbb,8704dc9d-2cf1-50f9-b530-a7b80b0e897e,5546b08d-d0d0-57f2-9786-7d7c985e0245,0a9cf731-8101-5c94-8f1a-993db8f3bb9e,Urgent improvement needed.,submitted,2026-03-27T15:00:00Z
03d6af52-6753-52e9-8e9a-e9357c53d485,9341cf1e-f77b-5e4a-abbe-6a72f8c4a2fa,9054edb8-0369-52aa-b114-359dc868bcbb,8704dc9d-2cf1-50f9-b530-a7b80b0e897e,ee5fe543-38fb-51ba-8b68-690f7c0a4954,ea1ece68-bc07-53fd-ab08-d1c2b4a4002c,Below expectation. Extra effort needed.,submitted,2026-03-27T15:00:00Z
5e1cd3b9-706c-54d5-b315-4ce6bf19c450,9341cf1e-f77b-5e4a-abbe-6a72f8c4a2fa,9054edb8-0369-52aa-b114-359dc868bcbb,8704dc9d-2cf1-50f9-b530-a7b80b0e897e,ba8c2380-62e8-596a-b791-d4e904870630,cccdf135-6895-5e96-b2f4-e0c94b2971a0,Urgent improvement needed.,submitted,2026-03-27T15:00:00Z
56965b33-0dad-5a15-ba52-3ce41ee1e2b5,9341cf1e-f77b-5e4a-abbe-6a72f8c4a2fa,9054edb8-0369-52aa-b114-359dc868bcbb,8704dc9d-2cf1-50f9-b530-a7b80b0e897e,e91c4eda-0443-5ed4-bff3-2ce94734a9d6,adbc96ac-0567-5b6b-9ca1-b7b285463f9c,Weak; revise regularly.,submitted,2026-03-27T15:00:00Z
711be0b0-a4db-5785-a90e-5da22b130d60,9341cf1e-f77b-5e4a-abbe-6a72f8c4a2fa,9054edb8-0369-52aa-b114-359dc868bcbb,8704dc9d-2cf1-50f9-b530-a7b80b0e897e,7ed4390c-44a7-528d-a267-298172283911,41b489ac-92f6-5fc0-8bce-c587a1d85417,Urgent improvement needed.,submitted,2026-03-27T15:00:00Z
a50cc5ab-a156-5267-8187-394d426d6e21,9341cf1e-f77b-5e4a-abbe-6a72f8c4a2fa,9054edb8-0369-52aa-b114-359dc868bcbb,8704dc9d-2cf1-50f9-b530-a7b80b0e897e,c10ec805-1ed0-52a3-bb3e-5fa546228355,9a7606a0-33db-5faa-9d93-a634e51b2733,Below expectation. Extra effort needed.,submitted,2026-03-27T15:00:00Z
13fd88db-5d5c-5d41-9441-b750b2182bc8,9341cf1e-f77b-5e4a-abbe-6a72f8c4a2fa,9054edb8-0369-52aa-b114-359dc868bcbb,88df413d-7da9-506c-9b59-3acb3280d64c,1baa8e7b-5b41-5b69-9a43-a65ffe5c4469,d0f5a97f-ad85-5433-8e7a-67a79da066d3,Quite good.,submitted,2026-03-27T15:00:00Z
6e86fd41-4634-5e61-a6fc-fdf5737ad89d,9341cf1e-f77b-5e4a-abbe-6a72f8c4a2fa,9054edb8-0369-52aa-b114-359dc868bcbb,88df413d-7da9-506c-9b59-3acb3280d64c,5546b08d-d0d0-57f2-9786-7d7c985e0245,0a9cf731-8101-5c94-8f1a-993db8f3bb9e,Pleasing performance.,submitted,2026-03-27T15:00:00Z
2b165e9b-e2a8-5084-accd-44a22f62dd18,9341cf1e-f77b-5e4a-abbe-6a72f8c4a2fa,9054edb8-0369-52aa-b114-359dc868bcbb,88df413d-7da9-506c-9b59-3acb3280d64c,ee5fe543-38fb-51ba-8b68-690f7c0a4954,ea1ece68-bc07-53fd-ab08-d1c2b4a4002c,Well done. Keep it up!,submitted,2026-03-27T15:00:00Z
5ccf62b7-7cfe-5384-a2c8-3fd59feff4cf,9341cf1e-f77b-5e4a-abbe-6a72f8c4a2fa,9054edb8-0369-52aa-b114-359dc868bcbb,88df413d-7da9-506c-9b59-3acb3280d64c,e91c4eda-0443-5ed4-bff3-2ce94734a9d6,adbc96ac-0567-5b6b-9ca1-b7b285463f9c,Quite good.,submitted,2026-03-27T15:00:00Z
04596191-4640-5169-8fec-33d53b07546f,9341cf1e-f77b-5e4a-abbe-6a72f8c4a2fa,9054edb8-0369-52aa-b114-359dc868bcbb,88df413d-7da9-506c-9b59-3acb3280d64c,393ea450-8583-5eb0-a331-eb2703165298,6ad65213-e90f-5f74-ae79-ce3505408a84,Very good performance.,submitted,2026-03-27T15:00:00Z
10b91f3d-97bf-51a9-8ca5-cdae2b58a2a7,9341cf1e-f77b-5e4a-abbe-6a72f8c4a2fa,9054edb8-0369-52aa-b114-359dc868bcbb,88df413d-7da9-506c-9b59-3acb3280d64c,ba8c2380-62e8-596a-b791-d4e904870630,cccdf135-6895-5e96-b2f4-e0c94b2971a0,Outstanding work this term.,submitted,2026-03-27T15:00:00Z
fda12614-59cb-5f52-83d1-0941df17c0fe,9341cf1e-f77b-5e4a-abbe-6a72f8c4a2fa,9054edb8-0369-52aa-b114-359dc868bcbb,88df413d-7da9-506c-9b59-3acb3280d64c,bd131888-4476-5f15-abb8-695db9306179,cccdf135-6895-5e96-b2f4-e0c94b2971a0,Good effort. Aim higher.,submitted,2026-03-27T15:00:00Z
3ca6866b-19b1-5a9f-a893-60114c0e67e2,9341cf1e-f77b-5e4a-abbe-6a72f8c4a2fa,9054edb8-0369-52aa-b114-359dc868bcbb,6856593e-c3bb-548a-a9be-6476d125ff2c,1baa8e7b-5b41-5b69-9a43-a65ffe5c4469,d0f5a97f-ad85-5433-8e7a-67a79da066d3,Urgent improvement needed.,submitted,2026-03-27T15:00:00Z
1b8b0881-bfbe-54a9-8e73-a2e6036c416d,9341cf1e-f77b-5e4a-abbe-6a72f8c4a2fa,9054edb8-0369-52aa-b114-359dc868bcbb,6856593e-c3bb-548a-a9be-6476d125ff2c,5546b08d-d0d0-57f2-9786-7d7c985e0245,0a9cf731-8101-5c94-8f1a-993db8f3bb9e,Good effort. Aim higher.,submitted,2026-03-27T15:00:00Z
6d2a431d-1b26-5052-b717-e1bef1c35593,9341cf1e-f77b-5e4a-abbe-6a72f8c4a2fa,9054edb8-0369-52aa-b114-359dc868bcbb,6856593e-c3bb-548a-a9be-6476d125ff2c,ee5fe543-38fb-51ba-8b68-690f7c0a4954,ea1ece68-bc07-53fd-ab08-d1c2b4a4002c,Fair performance; more practice needed.,submitted,2026-03-27T15:00:00Z
45ac4c7c-4bc9-55ab-8a65-8887ebfcaa56,9341cf1e-f77b-5e4a-abbe-6a72f8c4a2fa,9054edb8-0369-52aa-b114-359dc868bcbb,6856593e-c3bb-548a-a9be-6476d125ff2c,ba8c2380-62e8-596a-b791-d4e904870630,cccdf135-6895-5e96-b2f4-e0c94b2971a0,Should work harder.,submitted,2026-03-27T15:00:00Z
2d4c9c1b-aeda-5418-89d2-a504150bf885,9341cf1e-f77b-5e4a-abbe-6a72f8c4a2fa,9054edb8-0369-52aa-b114-359dc868bcbb,6856593e-c3bb-548a-a9be-6476d125ff2c,c10ec805-1ed0-52a3-bb3e-5fa546228355,9a7606a0-33db-5faa-9d93-a634e51b2733,Poor performance. Seek extra help.,submitted,2026-03-27T15:00:00Z
082fa12a-b072-5eed-b06e-9db9e75aed13,9341cf1e-f77b-5e4a-abbe-6a72f8c4a2fa,9054edb8-0369-52aa-b114-359dc868bcbb,6856593e-c3bb-548a-a9be-6476d125ff2c,393ea450-8583-5eb0-a331-eb2703165298,6ad65213-e90f-5f74-ae79-ce3505408a84,Very weak. Please see the teacher for support.,submitted,2026-03-27T15:00:00Z
ee0f6fe0-c314-54be-b841-6d922ad51676,9341cf1e-f77b-5e4a-abbe-6a72f8c4a2fa,9054edb8-0369-52aa-b114-359dc868bcbb,6856593e-c3bb-548a-a9be-6476d125ff2c,7ed4390c-44a7-528d-a267-298172283911,41b489ac-92f6-5fc0-8bce-c587a1d85417,Needs to work harder.,submitted,2026-03-27T15:00:00Z
c82575ff-2a0e-5bff-8d88-a2aa3904a7ed,9341cf1e-f77b-5e4a-abbe-6a72f8c4a2fa,9054edb8-0369-52aa-b114-359dc868bcbb,3b73e446-9377-51a3-b011-19d140691db7,1baa8e7b-5b41-5b69-9a43-a65ffe5c4469,d0f5a97f-ad85-5433-8e7a-67a79da066d3,Excellent performance. Keep it up!,submitted,2026-03-27T15:00:00Z
8544cce8-0f3b-5cc0-a678-dabdae7b82aa,9341cf1e-f77b-5e4a-abbe-6a72f8c4a2fa,9054edb8-0369-52aa-b114-359dc868bcbb,3b73e446-9377-51a3-b011-19d140691db7,5546b08d-d0d0-57f2-9786-7d7c985e0245,0a9cf731-8101-5c94-8f1a-993db8f3bb9e,Excellent performance. Keep it up!,submitted,2026-03-27T15:00:00Z
81aefebe-e8f2-5f8c-b620-4401834c72e9,9341cf1e-f77b-5e4a-abbe-6a72f8c4a2fa,9054edb8-0369-52aa-b114-359dc868bcbb,3b73e446-9377-51a3-b011-19d140691db7,ee5fe543-38fb-51ba-8b68-690f7c0a4954,ea1ece68-bc07-53fd-ab08-d1c2b4a4002c,Excellent performance. Keep it up!,submitted,2026-03-27T15:00:00Z
52505a7f-f119-514d-9701-f49e3513d53d,9341cf1e-f77b-5e4a-abbe-6a72f8c4a2fa,9054edb8-0369-52aa-b114-359dc868bcbb,3b73e446-9377-51a3-b011-19d140691db7,eb8cd119-1ee7-5755-9707-4a269052b613,6ad65213-e90f-5f74-ae79-ce3505408a84,Well done. Keep it up!,submitted,2026-03-27T15:00:00Z
3c8517a8-63a5-598a-ba11-cce1f43bf9ec,9341cf1e-f77b-5e4a-abbe-6a72f8c4a2fa,9054edb8-0369-52aa-b114-359dc868bcbb,3b73e446-9377-51a3-b011-19d140691db7,c10ec805-1ed0-52a3-bb3e-5fa546228355,9a7606a0-33db-5faa-9d93-a634e51b2733,Outstanding work this term.,submitted,2026-03-27T15:00:00Z
04e0b8f8-22a8-5f08-8f14-09983c3ad803,9341cf1e-f77b-5e4a-abbe-6a72f8c4a2fa,9054edb8-0369-52aa-b114-359dc868bcbb,3b73e446-9377-51a3-b011-19d140691db7,393ea450-8583-5eb0-a331-eb2703165298,6ad65213-e90f-5f74-ae79-ce3505408a84,Outstanding work this term.,submitted,2026-03-27T15:00:00Z
4f3349bf-cdb8-5af1-a2fc-09d70a5ecff4,9341cf1e-f77b-5e4a-abbe-6a72f8c4a2fa,9054edb8-0369-52aa-b114-359dc868bcbb,3b73e446-9377-51a3-b011-19d140691db7,e91c4eda-0443-5ed4-bff3-2ce94734a9d6,adbc96ac-0567-5b6b-9ca1-b7b285463f9c,Excellent performance. Keep it up!,submitted,2026-03-27T15:00:00Z
6071cae1-6747-5243-a370-312aac802cb6,9341cf1e-f77b-5e4a-abbe-6a72f8c4a2fa,9054edb8-0369-52aa-b114-359dc868bcbb,ff630e72-98b9-5a01-a187-c31fca487783,1baa8e7b-5b41-5b69-9a43-a65ffe5c4469,d0f5a97f-ad85-5433-8e7a-67a79da066d3,Satisfactory. You can do better.,submitted,2026-03-27T15:00:00Z
d69f1074-b153-551d-be8f-a6cad5b39668,9341cf1e-f77b-5e4a-abbe-6a72f8c4a2fa,9054edb8-0369-52aa-b114-359dc868bcbb,ff630e72-98b9-5a01-a187-c31fca487783,5546b08d-d0d0-57f2-9786-7d7c985e0245,0a9cf731-8101-5c94-8f1a-993db8f3bb9e,Pleasing performance.,submitted,2026-03-27T15:00:00Z
b8b7569e-6981-5bc6-bb38-f1de1a8cc57f,9341cf1e-f77b-5e4a-abbe-6a72f8c4a2fa,9054edb8-0369-52aa-b114-359dc868bcbb,ff630e72-98b9-5a01-a187-c31fca487783,ee5fe543-38fb-51ba-8b68-690f7c0a4954,ea1ece68-bc07-53fd-ab08-d1c2b4a4002c,Good effort. Aim higher.,submitted,2026-03-27T15:00:00Z
de2eaad5-7abb-5d48-9e21-de0c9427bfa7,9341cf1e-f77b-5e4a-abbe-6a72f8c4a2fa,9054edb8-0369-52aa-b114-359dc868bcbb,ff630e72-98b9-5a01-a187-c31fca487783,eb8cd119-1ee7-5755-9707-4a269052b613,6ad65213-e90f-5f74-ae79-ce3505408a84,Well done. Keep it up!,submitted,2026-03-27T15:00:00Z
b94c9217-fdd1-5565-a928-8f1b0604074f,9341cf1e-f77b-5e4a-abbe-6a72f8c4a2fa,9054edb8-0369-52aa-b114-359dc868bcbb,ff630e72-98b9-5a01-a187-c31fca487783,c10ec805-1ed0-52a3-bb3e-5fa546228355,9a7606a0-33db-5faa-9d93-a634e51b2733,Below expectation. Extra effort needed.,submitted,2026-03-27T15:00:00Z
edd7072a-ec4d-5e49-81f4-25ce70363a76,9341cf1e-f77b-5e4a-abbe-6a72f8c4a2fa,9054edb8-0369-52aa-b114-359dc868bcbb,ff630e72-98b9-5a01-a187-c31fca487783,393ea450-8583-5eb0-a331-eb2703165298,6ad65213-e90f-5f74-ae79-ce3505408a84,Satisfactory. You can do better.,submitted,2026-03-27T15:00:00Z
63dbba1a-0752-55d1-952f-040067da2962,9341cf1e-f77b-5e4a-abbe-6a72f8c4a2fa,9054edb8-0369-52aa-b114-359dc868bcbb,ff630e72-98b9-5a01-a187-c31fca487783,e91c4eda-0443-5ed4-bff3-2ce94734a9d6,adbc96ac-0567-5b6b-9ca1-b7b285463f9c,Needs to work harder.,submitted,2026-03-27T15:00:00Z
bc47ffc5-4060-5a86-be35-e4f388a7ee11,9341cf1e-f77b-5e4a-abbe-6a72f8c4a2fa,9054edb8-0369-52aa-b114-359dc868bcbb,460df2d7-9967-55f1-96e0-a2d06f86813a,07e9d181-9d35-545a-8df2-2047ca1f90eb,d0f5a97f-ad85-5433-8e7a-67a79da066d3,Good effort. Aim higher.,submitted,2026-03-27T15:00:00Z
624ba70c-2390-52d2-b296-8469f8995703,9341cf1e-f77b-5e4a-abbe-6a72f8c4a2fa,9054edb8-0369-52aa-b114-359dc868bcbb,460df2d7-9967-55f1-96e0-a2d06f86813a,76355eb7-c163-5d63-8142-64d301d235ca,0a9cf731-8101-5c94-8f1a-993db8f3bb9e,Good effort. Aim higher.,submitted,2026-03-27T15:00:00Z
807970a5-986a-5d8a-988f-d5b9d5408027,9341cf1e-f77b-5e4a-abbe-6a72f8c4a2fa,9054edb8-0369-52aa-b114-359dc868bcbb,460df2d7-9967-55f1-96e0-a2d06f86813a,5a6a062f-885e-59f0-a395-17203ad424a3,ea1ece68-bc07-53fd-ab08-d1c2b4a4002c,Should work harder.,submitted,2026-03-27T15:00:00Z
f37468b7-b7c1-57f2-90b4-31ec0f67aed9,9341cf1e-f77b-5e4a-abbe-6a72f8c4a2fa,9054edb8-0369-52aa-b114-359dc868bcbb,460df2d7-9967-55f1-96e0-a2d06f86813a,15fddcb2-1336-5b50-8608-c3a03af24328,6ad65213-e90f-5f74-ae79-ce3505408a84,Good effort. Aim higher.,submitted,2026-03-27T15:00:00Z
00f04661-ae79-5642-b007-70ff6acf39dd,9341cf1e-f77b-5e4a-abbe-6a72f8c4a2fa,9054edb8-0369-52aa-b114-359dc868bcbb,460df2d7-9967-55f1-96e0-a2d06f86813a,7eb183fc-f414-5f18-8326-f26e589aeb14,6ad65213-e90f-5f74-ae79-ce3505408a84,Should work harder.,submitted,2026-03-27T15:00:00Z
293949bf-44cf-5719-87c3-5ede29cccbb9,9341cf1e-f77b-5e4a-abbe-6a72f8c4a2fa,9054edb8-0369-52aa-b114-359dc868bcbb,460df2d7-9967-55f1-96e0-a2d06f86813a,59dcbdee-5272-5d6e-8be4-4d8a295049b1,9a7606a0-33db-5faa-9d93-a634e51b2733,Good effort. Aim higher.,submitted,2026-03-27T15:00:00Z
ae05204d-0143-5414-bae5-22f222710f27,9341cf1e-f77b-5e4a-abbe-6a72f8c4a2fa,9054edb8-0369-52aa-b114-359dc868bcbb,460df2d7-9967-55f1-96e0-a2d06f86813a,25610d87-3b94-58bd-9721-8bd3dc495675,cccdf135-6895-5e96-b2f4-e0c94b2971a0,Good effort. Aim higher.,submitted,2026-03-27T15:00:00Z
1a4c9cd5-25ff-5130-ae27-5f2538c78407,9341cf1e-f77b-5e4a-abbe-6a72f8c4a2fa,9054edb8-0369-52aa-b114-359dc868bcbb,5969c6ee-d493-58e9-b9ca-25bf42363259,07e9d181-9d35-545a-8df2-2047ca1f90eb,d0f5a97f-ad85-5433-8e7a-67a79da066d3,Well done. Keep it up!,submitted,2026-03-27T15:00:00Z
75a68e10-9ae6-5eaf-a0f3-5aa5bf9ea55b,9341cf1e-f77b-5e4a-abbe-6a72f8c4a2fa,9054edb8-0369-52aa-b114-359dc868bcbb,5969c6ee-d493-58e9-b9ca-25bf42363259,76355eb7-c163-5d63-8142-64d301d235ca,0a9cf731-8101-5c94-8f1a-993db8f3bb9e,Excellent performance. Keep it up!,submitted,2026-03-27T15:00:00Z
247eb138-c032-5137-94cf-bef1865b1c0b,9341cf1e-f77b-5e4a-abbe-6a72f8c4a2fa,9054edb8-0369-52aa-b114-359dc868bcbb,5969c6ee-d493-58e9-b9ca-25bf42363259,5a6a062f-885e-59f0-a395-17203ad424a3,ea1ece68-bc07-53fd-ab08-d1c2b4a4002c,Excellent performance. Keep it up!,submitted,2026-03-27T15:00:00Z
7e39c428-66bc-5b57-b555-4b18b9c0faa6,9341cf1e-f77b-5e4a-abbe-6a72f8c4a2fa,9054edb8-0369-52aa-b114-359dc868bcbb,5969c6ee-d493-58e9-b9ca-25bf42363259,59dcbdee-5272-5d6e-8be4-4d8a295049b1,9a7606a0-33db-5faa-9d93-a634e51b2733,Well done. Keep it up!,submitted,2026-03-27T15:00:00Z
f5fed5de-ea22-567d-b95a-05bb872820dc,9341cf1e-f77b-5e4a-abbe-6a72f8c4a2fa,9054edb8-0369-52aa-b114-359dc868bcbb,5969c6ee-d493-58e9-b9ca-25bf42363259,18efdf1e-3eaf-557e-acff-ae769ddbdaf9,adbc96ac-0567-5b6b-9ca1-b7b285463f9c,Well done. Keep it up!,submitted,2026-03-27T15:00:00Z
1a876ba0-b5df-510f-ace1-d1380a5d9e4c,9341cf1e-f77b-5e4a-abbe-6a72f8c4a2fa,9054edb8-0369-52aa-b114-359dc868bcbb,5969c6ee-d493-58e9-b9ca-25bf42363259,25610d87-3b94-58bd-9721-8bd3dc495675,cccdf135-6895-5e96-b2f4-e0c94b2971a0,Excellent performance. Keep it up!,submitted,2026-03-27T15:00:00Z
48af98f3-d6ca-5b2e-8f49-af1332a16be6,9341cf1e-f77b-5e4a-abbe-6a72f8c4a2fa,9054edb8-0369-52aa-b114-359dc868bcbb,5969c6ee-d493-58e9-b9ca-25bf42363259,15fddcb2-1336-5b50-8608-c3a03af24328,6ad65213-e90f-5f74-ae79-ce3505408a84,Excellent performance. Keep it up!,submitted,2026-03-27T15:00:00Z
292e015e-bb50-56fa-b714-c8c71015e501,9341cf1e-f77b-5e4a-abbe-6a72f8c4a2fa,9054edb8-0369-52aa-b114-359dc868bcbb,c5c86d43-44be-5cbe-91cc-60df439be2ab,07e9d181-9d35-545a-8df2-2047ca1f90eb,d0f5a97f-ad85-5433-8e7a-67a79da066d3,Quite good.,submitted,2026-03-27T15:00:00Z
b21e0c0d-0f3e-5dea-9419-2eb255a551a4,9341cf1e-f77b-5e4a-abbe-6a72f8c4a2fa,9054edb8-0369-52aa-b114-359dc868bcbb,c5c86d43-44be-5cbe-91cc-60df439be2ab,76355eb7-c163-5d63-8142-64d301d235ca,0a9cf731-8101-5c94-8f1a-993db8f3bb9e,Good effort. Aim higher.,submitted,2026-03-27T15:00:00Z
6e931ec0-1e99-5f37-a046-24af03a7fae2,9341cf1e-f77b-5e4a-abbe-6a72f8c4a2fa,9054edb8-0369-52aa-b114-359dc868bcbb,c5c86d43-44be-5cbe-91cc-60df439be2ab,5a6a062f-885e-59f0-a395-17203ad424a3,ea1ece68-bc07-53fd-ab08-d1c2b4a4002c,Poor performance. Seek extra help.,submitted,2026-03-27T15:00:00Z
5c5ab910-6302-5111-85a8-bbf5ae3302ce,9341cf1e-f77b-5e4a-abbe-6a72f8c4a2fa,9054edb8-0369-52aa-b114-359dc868bcbb,c5c86d43-44be-5cbe-91cc-60df439be2ab,756489f8-da49-5f2f-9c93-b81cb04a897f,cccdf135-6895-5e96-b2f4-e0c94b2971a0,Below expectation. Extra effort needed.,submitted,2026-03-27T15:00:00Z
1a85fae9-c3d4-50b4-bd41-5f95db6ae29b,9341cf1e-f77b-5e4a-abbe-6a72f8c4a2fa,9054edb8-0369-52aa-b114-359dc868bcbb,c5c86d43-44be-5cbe-91cc-60df439be2ab,59dcbdee-5272-5d6e-8be4-4d8a295049b1,9a7606a0-33db-5faa-9d93-a634e51b2733,Quite good.,submitted,2026-03-27T15:00:00Z
33d0b694-0f98-5a41-a4ae-45a2391aee31,9341cf1e-f77b-5e4a-abbe-6a72f8c4a2fa,9054edb8-0369-52aa-b114-359dc868bcbb,c5c86d43-44be-5cbe-91cc-60df439be2ab,7eb183fc-f414-5f18-8326-f26e589aeb14,6ad65213-e90f-5f74-ae79-ce3505408a84,Fair performance; more practice needed.,submitted,2026-03-27T15:00:00Z
057e322d-d13e-576b-aa9c-343a6db8b004,9341cf1e-f77b-5e4a-abbe-6a72f8c4a2fa,9054edb8-0369-52aa-b114-359dc868bcbb,c5c86d43-44be-5cbe-91cc-60df439be2ab,25610d87-3b94-58bd-9721-8bd3dc495675,cccdf135-6895-5e96-b2f4-e0c94b2971a0,Test 2 outstanding (absent). Result to be completed.,submitted,2026-03-27T15:00:00Z
2f331ae2-1193-51dc-ad47-f8afadc5a0b7,9341cf1e-f77b-5e4a-abbe-6a72f8c4a2fa,9054edb8-0369-52aa-b114-359dc868bcbb,b16a808e-74a4-50a3-8106-03904a53a1d7,07e9d181-9d35-545a-8df2-2047ca1f90eb,d0f5a97f-ad85-5433-8e7a-67a79da066d3,Very good performance.,submitted,2026-03-27T15:00:00Z
1448c83b-31d2-5cbc-8dba-cf30bb47d068,9341cf1e-f77b-5e4a-abbe-6a72f8c4a2fa,9054edb8-0369-52aa-b114-359dc868bcbb,b16a808e-74a4-50a3-8106-03904a53a1d7,76355eb7-c163-5d63-8142-64d301d235ca,0a9cf731-8101-5c94-8f1a-993db8f3bb9e,"Very pleasing, keep it up.",submitted,2026-03-27T15:00:00Z
89fda1ef-71c8-56b3-bd73-8a53d3afcb03,9341cf1e-f77b-5e4a-abbe-6a72f8c4a2fa,9054edb8-0369-52aa-b114-359dc868bcbb,b16a808e-74a4-50a3-8106-03904a53a1d7,5a6a062f-885e-59f0-a395-17203ad424a3,ea1ece68-bc07-53fd-ab08-d1c2b4a4002c,Excellent performance. Keep it up!,submitted,2026-03-27T15:00:00Z
af483daa-0433-5783-bbfa-c36ea275842f,9341cf1e-f77b-5e4a-abbe-6a72f8c4a2fa,9054edb8-0369-52aa-b114-359dc868bcbb,b16a808e-74a4-50a3-8106-03904a53a1d7,756489f8-da49-5f2f-9c93-b81cb04a897f,cccdf135-6895-5e96-b2f4-e0c94b2971a0,Good effort. Aim higher.,submitted,2026-03-27T15:00:00Z
81326048-1f47-581a-9dc6-59c8100645d1,9341cf1e-f77b-5e4a-abbe-6a72f8c4a2fa,9054edb8-0369-52aa-b114-359dc868bcbb,b16a808e-74a4-50a3-8106-03904a53a1d7,c2378224-19b1-580e-8f55-88d8eefe3377,41b489ac-92f6-5fc0-8bce-c587a1d85417,"Very pleasing, keep it up.",submitted,2026-03-27T15:00:00Z
49e66233-2106-5826-a64e-bb0313be9caf,9341cf1e-f77b-5e4a-abbe-6a72f8c4a2fa,9054edb8-0369-52aa-b114-359dc868bcbb,b16a808e-74a4-50a3-8106-03904a53a1d7,18efdf1e-3eaf-557e-acff-ae769ddbdaf9,adbc96ac-0567-5b6b-9ca1-b7b285463f9c,Pleasing performance.,submitted,2026-03-27T15:00:00Z
786b6d74-6cb9-5e15-8440-350de94680a1,9341cf1e-f77b-5e4a-abbe-6a72f8c4a2fa,9054edb8-0369-52aa-b114-359dc868bcbb,b16a808e-74a4-50a3-8106-03904a53a1d7,7eb183fc-f414-5f18-8326-f26e589aeb14,6ad65213-e90f-5f74-ae79-ce3505408a84,Well done. Keep it up!,submitted,2026-03-27T15:00:00Z
463f781e-70bb-59ca-aef8-8296bba2a929,9341cf1e-f77b-5e4a-abbe-6a72f8c4a2fa,9054edb8-0369-52aa-b114-359dc868bcbb,2ee6c4eb-efbc-5d00-b4fe-41a1dc870392,07e9d181-9d35-545a-8df2-2047ca1f90eb,d0f5a97f-ad85-5433-8e7a-67a79da066d3,Weak; revise regularly.,submitted,2026-03-27T15:00:00Z
55836215-2412-5e8a-aa82-d58d5887300a,9341cf1e-f77b-5e4a-abbe-6a72f8c4a2fa,9054edb8-0369-52aa-b114-359dc868bcbb,2ee6c4eb-efbc-5d00-b4fe-41a1dc870392,76355eb7-c163-5d63-8142-64d301d235ca,0a9cf731-8101-5c94-8f1a-993db8f3bb9e,Urgent improvement needed.,submitted,2026-03-27T15:00:00Z
9f34d038-be31-5c63-96f3-70c4a1fb968b,9341cf1e-f77b-5e4a-abbe-6a72f8c4a2fa,9054edb8-0369-52aa-b114-359dc868bcbb,2ee6c4eb-efbc-5d00-b4fe-41a1dc870392,5a6a062f-885e-59f0-a395-17203ad424a3,ea1ece68-bc07-53fd-ab08-d1c2b4a4002c,Satisfactory. You can do better.,submitted,2026-03-27T15:00:00Z
44fb730c-3a71-5699-be04-67ae905e9053,9341cf1e-f77b-5e4a-abbe-6a72f8c4a2fa,9054edb8-0369-52aa-b114-359dc868bcbb,2ee6c4eb-efbc-5d00-b4fe-41a1dc870392,c2378224-19b1-580e-8f55-88d8eefe3377,41b489ac-92f6-5fc0-8bce-c587a1d85417,Poor performance. Seek extra help.,submitted,2026-03-27T15:00:00Z
da4149e5-0450-569f-953a-798b31ee6245,9341cf1e-f77b-5e4a-abbe-6a72f8c4a2fa,9054edb8-0369-52aa-b114-359dc868bcbb,2ee6c4eb-efbc-5d00-b4fe-41a1dc870392,756489f8-da49-5f2f-9c93-b81cb04a897f,cccdf135-6895-5e96-b2f4-e0c94b2971a0,Poor performance. Seek extra help.,submitted,2026-03-27T15:00:00Z
d42ac56f-0405-58e3-b22d-4eca81459cd6,9341cf1e-f77b-5e4a-abbe-6a72f8c4a2fa,9054edb8-0369-52aa-b114-359dc868bcbb,2ee6c4eb-efbc-5d00-b4fe-41a1dc870392,7eb183fc-f414-5f18-8326-f26e589aeb14,6ad65213-e90f-5f74-ae79-ce3505408a84,Satisfactory. You can do better.,submitted,2026-03-27T15:00:00Z
18b47778-7c4c-5201-b437-4d45e37c106f,9341cf1e-f77b-5e4a-abbe-6a72f8c4a2fa,9054edb8-0369-52aa-b114-359dc868bcbb,2ee6c4eb-efbc-5d00-b4fe-41a1dc870392,59dcbdee-5272-5d6e-8be4-4d8a295049b1,9a7606a0-33db-5faa-9d93-a634e51b2733,Satisfactory. You can do better.,submitted,2026-03-27T15:00:00Z
5d5a5eb3-9a94-5d95-8444-806e04d0fcff,9341cf1e-f77b-5e4a-abbe-6a72f8c4a2fa,9054edb8-0369-52aa-b114-359dc868bcbb,42fda757-1176-5d68-bc01-7baef2c3de84,07e9d181-9d35-545a-8df2-2047ca1f90eb,d0f5a97f-ad85-5433-8e7a-67a79da066d3,Very good performance.,submitted,2026-03-27T15:00:00Z
6f96d49d-e68a-5953-8b24-d3e08e237cd8,9341cf1e-f77b-5e4a-abbe-6a72f8c4a2fa,9054edb8-0369-52aa-b114-359dc868bcbb,42fda757-1176-5d68-bc01-7baef2c3de84,76355eb7-c163-5d63-8142-64d301d235ca,0a9cf731-8101-5c94-8f1a-993db8f3bb9e,Well done. Keep it up!,submitted,2026-03-27T15:00:00Z
2f5d0141-3878-556c-ae38-780bf97a0743,9341cf1e-f77b-5e4a-abbe-6a72f8c4a2fa,9054edb8-0369-52aa-b114-359dc868bcbb,42fda757-1176-5d68-bc01-7baef2c3de84,5a6a062f-885e-59f0-a395-17203ad424a3,ea1ece68-bc07-53fd-ab08-d1c2b4a4002c,Well done. Keep it up!,submitted,2026-03-27T15:00:00Z
41a74c96-ebcc-5392-a85a-b80ad6820f8f,9341cf1e-f77b-5e4a-abbe-6a72f8c4a2fa,9054edb8-0369-52aa-b114-359dc868bcbb,42fda757-1176-5d68-bc01-7baef2c3de84,7eb183fc-f414-5f18-8326-f26e589aeb14,6ad65213-e90f-5f74-ae79-ce3505408a84,Quite good.,submitted,2026-03-27T15:00:00Z
a1b31d9e-3a4e-5efb-b035-4516a2d3668f,9341cf1e-f77b-5e4a-abbe-6a72f8c4a2fa,9054edb8-0369-52aa-b114-359dc868bcbb,42fda757-1176-5d68-bc01-7baef2c3de84,59dcbdee-5272-5d6e-8be4-4d8a295049b1,9a7606a0-33db-5faa-9d93-a634e51b2733,Well done. Keep it up!,submitted,2026-03-27T15:00:00Z
a9ca5d70-f452-50a2-8e19-d57712460ae5,9341cf1e-f77b-5e4a-abbe-6a72f8c4a2fa,9054edb8-0369-52aa-b114-359dc868bcbb,42fda757-1176-5d68-bc01-7baef2c3de84,15fddcb2-1336-5b50-8608-c3a03af24328,6ad65213-e90f-5f74-ae79-ce3505408a84,Well done. Keep it up!,submitted,2026-03-27T15:00:00Z
2a1c05f4-12e2-5dfe-85ae-eff4a7c407cd,9341cf1e-f77b-5e4a-abbe-6a72f8c4a2fa,9054edb8-0369-52aa-b114-359dc868bcbb,42fda757-1176-5d68-bc01-7baef2c3de84,756489f8-da49-5f2f-9c93-b81cb04a897f,cccdf135-6895-5e96-b2f4-e0c94b2971a0,Excellent performance. Keep it up!,submitted,2026-03-27T15:00:00Z
3fec77e8-9c3e-5f04-9751-db9f447a0538,9341cf1e-f77b-5e4a-abbe-6a72f8c4a2fa,9054edb8-0369-52aa-b114-359dc868bcbb,6fde58ec-7470-53da-a342-eb730b236399,07e9d181-9d35-545a-8df2-2047ca1f90eb,d0f5a97f-ad85-5433-8e7a-67a79da066d3,Urgent improvement needed.,submitted,2026-03-27T15:00:00Z
9942171c-4228-57fc-9d92-a5e353b23cf9,9341cf1e-f77b-5e4a-abbe-6a72f8c4a2fa,9054edb8-0369-52aa-b114-359dc868bcbb,6fde58ec-7470-53da-a342-eb730b236399,76355eb7-c163-5d63-8142-64d301d235ca,0a9cf731-8101-5c94-8f1a-993db8f3bb9e,Should work harder.,submitted,2026-03-27T15:00:00Z
4d718e91-5f09-5da1-9642-d8188cfb1984,9341cf1e-f77b-5e4a-abbe-6a72f8c4a2fa,9054edb8-0369-52aa-b114-359dc868bcbb,6fde58ec-7470-53da-a342-eb730b236399,5a6a062f-885e-59f0-a395-17203ad424a3,ea1ece68-bc07-53fd-ab08-d1c2b4a4002c,Satisfactory. You can do better.,submitted,2026-03-27T15:00:00Z
c63de1e8-4f57-5276-9bf8-a0aaed6967b0,9341cf1e-f77b-5e4a-abbe-6a72f8c4a2fa,9054edb8-0369-52aa-b114-359dc868bcbb,6fde58ec-7470-53da-a342-eb730b236399,25610d87-3b94-58bd-9721-8bd3dc495675,cccdf135-6895-5e96-b2f4-e0c94b2971a0,Satisfactory. You can do better.,submitted,2026-03-27T15:00:00Z
27055036-44cf-56e4-898e-5229b38f8567,9341cf1e-f77b-5e4a-abbe-6a72f8c4a2fa,9054edb8-0369-52aa-b114-359dc868bcbb,6fde58ec-7470-53da-a342-eb730b236399,7eb183fc-f414-5f18-8326-f26e589aeb14,6ad65213-e90f-5f74-ae79-ce3505408a84,Fair performance; more practice needed.,submitted,2026-03-27T15:00:00Z
d6ee6629-e9ca-57d1-b62f-2c37c8a82796,9341cf1e-f77b-5e4a-abbe-6a72f8c4a2fa,9054edb8-0369-52aa-b114-359dc868bcbb,6fde58ec-7470-53da-a342-eb730b236399,18efdf1e-3eaf-557e-acff-ae769ddbdaf9,adbc96ac-0567-5b6b-9ca1-b7b285463f9c,Good effort. Aim higher.,submitted,2026-03-27T15:00:00Z
af85f5c5-b8b6-59d2-9f57-034d1f7e71bb,9341cf1e-f77b-5e4a-abbe-6a72f8c4a2fa,9054edb8-0369-52aa-b114-359dc868bcbb,6fde58ec-7470-53da-a342-eb730b236399,15fddcb2-1336-5b50-8608-c3a03af24328,6ad65213-e90f-5f74-ae79-ce3505408a84,Should work harder.,submitted,2026-03-27T15:00:00Z
59a4f1a2-154f-5c78-8600-45eafeb4ed78,9341cf1e-f77b-5e4a-abbe-6a72f8c4a2fa,9054edb8-0369-52aa-b114-359dc868bcbb,4e3d30ab-b510-5b7d-bd38-b0df7dddfa57,07e9d181-9d35-545a-8df2-2047ca1f90eb,d0f5a97f-ad85-5433-8e7a-67a79da066d3,Satisfactory. You can do better.,submitted,2026-03-27T15:00:00Z
7ba0135d-16c4-5671-8649-49f21b4ddfec,9341cf1e-f77b-5e4a-abbe-6a72f8c4a2fa,9054edb8-0369-52aa-b114-359dc868bcbb,4e3d30ab-b510-5b7d-bd38-b0df7dddfa57,76355eb7-c163-5d63-8142-64d301d235ca,0a9cf731-8101-5c94-8f1a-993db8f3bb9e,Urgent improvement needed.,submitted,2026-03-27T15:00:00Z
ae9f80de-fe41-5b8a-b76f-3d9960c37817,9341cf1e-f77b-5e4a-abbe-6a72f8c4a2fa,9054edb8-0369-52aa-b114-359dc868bcbb,4e3d30ab-b510-5b7d-bd38-b0df7dddfa57,5a6a062f-885e-59f0-a395-17203ad424a3,ea1ece68-bc07-53fd-ab08-d1c2b4a4002c,Should work harder.,submitted,2026-03-27T15:00:00Z
35f27901-38a4-50aa-9a84-0f56c69cedcd,9341cf1e-f77b-5e4a-abbe-6a72f8c4a2fa,9054edb8-0369-52aa-b114-359dc868bcbb,4e3d30ab-b510-5b7d-bd38-b0df7dddfa57,15fddcb2-1336-5b50-8608-c3a03af24328,6ad65213-e90f-5f74-ae79-ce3505408a84,Good effort. Aim higher.,submitted,2026-03-27T15:00:00Z
114c9da7-16f5-57f0-92d7-554bd040cfd0,9341cf1e-f77b-5e4a-abbe-6a72f8c4a2fa,9054edb8-0369-52aa-b114-359dc868bcbb,4e3d30ab-b510-5b7d-bd38-b0df7dddfa57,25610d87-3b94-58bd-9721-8bd3dc495675,cccdf135-6895-5e96-b2f4-e0c94b2971a0,Good effort. Aim higher.,submitted,2026-03-27T15:00:00Z
ef522da8-4817-5367-83ce-d0082bea8ae7,9341cf1e-f77b-5e4a-abbe-6a72f8c4a2fa,9054edb8-0369-52aa-b114-359dc868bcbb,4e3d30ab-b510-5b7d-bd38-b0df7dddfa57,59dcbdee-5272-5d6e-8be4-4d8a295049b1,9a7606a0-33db-5faa-9d93-a634e51b2733,Below expectation. Extra effort needed.,submitted,2026-03-27T15:00:00Z
7297da58-7f65-516b-8345-8522758ddcb0,9341cf1e-f77b-5e4a-abbe-6a72f8c4a2fa,9054edb8-0369-52aa-b114-359dc868bcbb,4e3d30ab-b510-5b7d-bd38-b0df7dddfa57,756489f8-da49-5f2f-9c93-b81cb04a897f,cccdf135-6895-5e96-b2f4-e0c94b2971a0,Quite good.,submitted,2026-03-27T15:00:00Z
202e6926-0fcf-5128-8d41-2006b752acba,9341cf1e-f77b-5e4a-abbe-6a72f8c4a2fa,9054edb8-0369-52aa-b114-359dc868bcbb,0c6d3f5e-c77e-5a97-8610-eebdd3a78c3d,07e9d181-9d35-545a-8df2-2047ca1f90eb,d0f5a97f-ad85-5433-8e7a-67a79da066d3,Should work harder.,submitted,2026-03-27T15:00:00Z
d6c44ad2-8fe4-549f-a4d2-4cebfe700f4e,9341cf1e-f77b-5e4a-abbe-6a72f8c4a2fa,9054edb8-0369-52aa-b114-359dc868bcbb,0c6d3f5e-c77e-5a97-8610-eebdd3a78c3d,76355eb7-c163-5d63-8142-64d301d235ca,0a9cf731-8101-5c94-8f1a-993db8f3bb9e,Good effort. Aim higher.,submitted,2026-03-27T15:00:00Z
f76e4633-7fd4-5f05-94c0-6aab638d2dfc,9341cf1e-f77b-5e4a-abbe-6a72f8c4a2fa,9054edb8-0369-52aa-b114-359dc868bcbb,0c6d3f5e-c77e-5a97-8610-eebdd3a78c3d,5a6a062f-885e-59f0-a395-17203ad424a3,ea1ece68-bc07-53fd-ab08-d1c2b4a4002c,Good effort. Aim higher.,submitted,2026-03-27T15:00:00Z
4702ca1f-be54-5632-8a54-f3aa1699edac,9341cf1e-f77b-5e4a-abbe-6a72f8c4a2fa,9054edb8-0369-52aa-b114-359dc868bcbb,0c6d3f5e-c77e-5a97-8610-eebdd3a78c3d,756489f8-da49-5f2f-9c93-b81cb04a897f,cccdf135-6895-5e96-b2f4-e0c94b2971a0,Good effort. Aim higher.,submitted,2026-03-27T15:00:00Z
c9f459e1-e826-51eb-be08-f3252a070b1d,9341cf1e-f77b-5e4a-abbe-6a72f8c4a2fa,9054edb8-0369-52aa-b114-359dc868bcbb,0c6d3f5e-c77e-5a97-8610-eebdd3a78c3d,25610d87-3b94-58bd-9721-8bd3dc495675,cccdf135-6895-5e96-b2f4-e0c94b2971a0,Outstanding work this term.,submitted,2026-03-27T15:00:00Z
46b9a506-852b-5097-ba70-4047bbcde783,9341cf1e-f77b-5e4a-abbe-6a72f8c4a2fa,9054edb8-0369-52aa-b114-359dc868bcbb,0c6d3f5e-c77e-5a97-8610-eebdd3a78c3d,18efdf1e-3eaf-557e-acff-ae769ddbdaf9,adbc96ac-0567-5b6b-9ca1-b7b285463f9c,Satisfactory. You can do better.,submitted,2026-03-27T15:00:00Z
cff85325-d29e-57e0-8c3a-961a3ee8fb1d,9341cf1e-f77b-5e4a-abbe-6a72f8c4a2fa,9054edb8-0369-52aa-b114-359dc868bcbb,0c6d3f5e-c77e-5a97-8610-eebdd3a78c3d,7eb183fc-f414-5f18-8326-f26e589aeb14,6ad65213-e90f-5f74-ae79-ce3505408a84,Pleasing performance.,submitted,2026-03-27T15:00:00Z
dd7802e6-b9a7-53cc-b821-f209981e26ed,9341cf1e-f77b-5e4a-abbe-6a72f8c4a2fa,9054edb8-0369-52aa-b114-359dc868bcbb,cabc669f-b3f1-599e-84f7-7d11009c0ead,07e9d181-9d35-545a-8df2-2047ca1f90eb,d0f5a97f-ad85-5433-8e7a-67a79da066d3,Poor performance. Seek extra help.,submitted,2026-03-27T15:00:00Z
a61d4e3c-58b1-5d50-b8e6-176cbbdc1d02,9341cf1e-f77b-5e4a-abbe-6a72f8c4a2fa,9054edb8-0369-52aa-b114-359dc868bcbb,cabc669f-b3f1-599e-84f7-7d11009c0ead,76355eb7-c163-5d63-8142-64d301d235ca,0a9cf731-8101-5c94-8f1a-993db8f3bb9e,Poor performance. Seek extra help.,submitted,2026-03-27T15:00:00Z
4e9dbf55-a28a-5fa1-8888-e890372d09b6,9341cf1e-f77b-5e4a-abbe-6a72f8c4a2fa,9054edb8-0369-52aa-b114-359dc868bcbb,cabc669f-b3f1-599e-84f7-7d11009c0ead,5a6a062f-885e-59f0-a395-17203ad424a3,ea1ece68-bc07-53fd-ab08-d1c2b4a4002c,Very weak. Please see the teacher for support.,submitted,2026-03-27T15:00:00Z
5dfc52be-db5c-50c2-b541-fe57f23fc0c2,9341cf1e-f77b-5e4a-abbe-6a72f8c4a2fa,9054edb8-0369-52aa-b114-359dc868bcbb,cabc669f-b3f1-599e-84f7-7d11009c0ead,18efdf1e-3eaf-557e-acff-ae769ddbdaf9,adbc96ac-0567-5b6b-9ca1-b7b285463f9c,Very weak. Please see the teacher for support.,submitted,2026-03-27T15:00:00Z
c989d8ac-6ba6-5a18-86c5-72c22f5d76a7,9341cf1e-f77b-5e4a-abbe-6a72f8c4a2fa,9054edb8-0369-52aa-b114-359dc868bcbb,cabc669f-b3f1-599e-84f7-7d11009c0ead,59dcbdee-5272-5d6e-8be4-4d8a295049b1,9a7606a0-33db-5faa-9d93-a634e51b2733,Very weak. Please see the teacher for support.,submitted,2026-03-27T15:00:00Z
0039bb74-57f8-5c49-8670-61a64e03b35a,9341cf1e-f77b-5e4a-abbe-6a72f8c4a2fa,9054edb8-0369-52aa-b114-359dc868bcbb,cabc669f-b3f1-599e-84f7-7d11009c0ead,15fddcb2-1336-5b50-8608-c3a03af24328,6ad65213-e90f-5f74-ae79-ce3505408a84,Should work harder.,submitted,2026-03-27T15:00:00Z
d1560d5b-26fe-5e0b-9ce2-8592cec4e3e6,9341cf1e-f77b-5e4a-abbe-6a72f8c4a2fa,9054edb8-0369-52aa-b114-359dc868bcbb,cabc669f-b3f1-599e-84f7-7d11009c0ead,7eb183fc-f414-5f18-8326-f26e589aeb14,6ad65213-e90f-5f74-ae79-ce3505408a84,Poor performance. Seek extra help.,submitted,2026-03-27T15:00:00Z
d5cc9ac7-2a8d-58a8-8dbd-48195dee147c,9341cf1e-f77b-5e4a-abbe-6a72f8c4a2fa,d0ba1a71-d1a1-50d5-8e73-ec08991f1546,460df2d7-9967-55f1-96e0-a2d06f86813a,07e9d181-9d35-545a-8df2-2047ca1f90eb,d0f5a97f-ad85-5433-8e7a-67a79da066d3,"Very pleasing, keep it up.",submitted,2026-04-27T09:00:00Z
fde3d82d-625e-551a-8769-77c173731678,9341cf1e-f77b-5e4a-abbe-6a72f8c4a2fa,d0ba1a71-d1a1-50d5-8e73-ec08991f1546,5969c6ee-d493-58e9-b9ca-25bf42363259,07e9d181-9d35-545a-8df2-2047ca1f90eb,d0f5a97f-ad85-5433-8e7a-67a79da066d3,Excellent performance. Keep it up!,submitted,2026-04-27T09:00:00Z
36b3baec-348f-5447-9b13-1fa4e2ba0bf5,9341cf1e-f77b-5e4a-abbe-6a72f8c4a2fa,d0ba1a71-d1a1-50d5-8e73-ec08991f1546,c5c86d43-44be-5cbe-91cc-60df439be2ab,07e9d181-9d35-545a-8df2-2047ca1f90eb,d0f5a97f-ad85-5433-8e7a-67a79da066d3,Fair performance; more practice needed.,submitted,2026-04-27T09:00:00Z
cb237a29-524f-5e4c-bc34-02faa6f07947,9341cf1e-f77b-5e4a-abbe-6a72f8c4a2fa,d0ba1a71-d1a1-50d5-8e73-ec08991f1546,b16a808e-74a4-50a3-8106-03904a53a1d7,07e9d181-9d35-545a-8df2-2047ca1f90eb,d0f5a97f-ad85-5433-8e7a-67a79da066d3,"Very pleasing, keep it up.",submitted,2026-04-27T09:00:00Z
b55d2463-0ce1-5226-a60e-39e28fd56c1d,9341cf1e-f77b-5e4a-abbe-6a72f8c4a2fa,d0ba1a71-d1a1-50d5-8e73-ec08991f1546,2ee6c4eb-efbc-5d00-b4fe-41a1dc870392,07e9d181-9d35-545a-8df2-2047ca1f90eb,d0f5a97f-ad85-5433-8e7a-67a79da066d3,Needs to work harder.,submitted,2026-04-27T09:00:00Z
3720285e-09db-51dd-a975-624360dbe0ee,9341cf1e-f77b-5e4a-abbe-6a72f8c4a2fa,d0ba1a71-d1a1-50d5-8e73-ec08991f1546,42fda757-1176-5d68-bc01-7baef2c3de84,07e9d181-9d35-545a-8df2-2047ca1f90eb,d0f5a97f-ad85-5433-8e7a-67a79da066d3,Outstanding work this term.,submitted,2026-04-27T09:00:00Z
0653ce51-e707-5c56-8fc7-2757d6c3b435,9341cf1e-f77b-5e4a-abbe-6a72f8c4a2fa,d0ba1a71-d1a1-50d5-8e73-ec08991f1546,6fde58ec-7470-53da-a342-eb730b236399,07e9d181-9d35-545a-8df2-2047ca1f90eb,d0f5a97f-ad85-5433-8e7a-67a79da066d3,Urgent improvement needed.,submitted,2026-04-27T09:00:00Z
177d96ef-f43d-5099-8b93-838f41143d9a,9341cf1e-f77b-5e4a-abbe-6a72f8c4a2fa,d0ba1a71-d1a1-50d5-8e73-ec08991f1546,4e3d30ab-b510-5b7d-bd38-b0df7dddfa57,07e9d181-9d35-545a-8df2-2047ca1f90eb,d0f5a97f-ad85-5433-8e7a-67a79da066d3,Should work harder.,submitted,2026-04-27T09:00:00Z
5bfc8dc4-1100-531a-98ef-8c4541dc2ffb,9341cf1e-f77b-5e4a-abbe-6a72f8c4a2fa,d0ba1a71-d1a1-50d5-8e73-ec08991f1546,0c6d3f5e-c77e-5a97-8610-eebdd3a78c3d,07e9d181-9d35-545a-8df2-2047ca1f90eb,d0f5a97f-ad85-5433-8e7a-67a79da066d3,Pleasing performance.,submitted,2026-04-27T09:00:00Z
532b4db4-3219-5fcc-9f1c-4097bfe25767,9341cf1e-f77b-5e4a-abbe-6a72f8c4a2fa,d0ba1a71-d1a1-50d5-8e73-ec08991f1546,cabc669f-b3f1-599e-84f7-7d11009c0ead,07e9d181-9d35-545a-8df2-2047ca1f90eb,d0f5a97f-ad85-5433-8e7a-67a79da066d3,Very weak. Please see the teacher for support.,submitted,2026-04-27T09:00:00Z
68dcc9c7-dbbf-5178-9d30-5cee73043b0d,9341cf1e-f77b-5e4a-abbe-6a72f8c4a2fa,d0ba1a71-d1a1-50d5-8e73-ec08991f1546,460df2d7-9967-55f1-96e0-a2d06f86813a,76355eb7-c163-5d63-8142-64d301d235ca,0a9cf731-8101-5c94-8f1a-993db8f3bb9e,Should work harder.,submitted,2026-04-27T09:00:00Z
d9f2ceb1-9cd2-5c6f-8922-5888be290fb6,9341cf1e-f77b-5e4a-abbe-6a72f8c4a2fa,d0ba1a71-d1a1-50d5-8e73-ec08991f1546,5969c6ee-d493-58e9-b9ca-25bf42363259,76355eb7-c163-5d63-8142-64d301d235ca,0a9cf731-8101-5c94-8f1a-993db8f3bb9e,Very good performance.,submitted,2026-04-27T09:00:00Z
560cfe86-ad1d-5043-a20f-7dfba8dae5f3,9341cf1e-f77b-5e4a-abbe-6a72f8c4a2fa,d0ba1a71-d1a1-50d5-8e73-ec08991f1546,c5c86d43-44be-5cbe-91cc-60df439be2ab,76355eb7-c163-5d63-8142-64d301d235ca,0a9cf731-8101-5c94-8f1a-993db8f3bb9e,Satisfactory. You can do better.,submitted,2026-04-27T09:00:00Z
9dbef9dc-fd41-52f6-af91-ad2712f10773,9341cf1e-f77b-5e4a-abbe-6a72f8c4a2fa,d0ba1a71-d1a1-50d5-8e73-ec08991f1546,b16a808e-74a4-50a3-8106-03904a53a1d7,76355eb7-c163-5d63-8142-64d301d235ca,0a9cf731-8101-5c94-8f1a-993db8f3bb9e,Outstanding work this term.,submitted,2026-04-27T09:00:00Z
b1d8ebdf-b375-5538-ac8b-ddee291f88f1,9341cf1e-f77b-5e4a-abbe-6a72f8c4a2fa,d0ba1a71-d1a1-50d5-8e73-ec08991f1546,2ee6c4eb-efbc-5d00-b4fe-41a1dc870392,76355eb7-c163-5d63-8142-64d301d235ca,0a9cf731-8101-5c94-8f1a-993db8f3bb9e,Weak; revise regularly.,submitted,2026-04-27T09:00:00Z
14ece843-484f-5110-8a1b-be8fc27c9f28,9341cf1e-f77b-5e4a-abbe-6a72f8c4a2fa,d0ba1a71-d1a1-50d5-8e73-ec08991f1546,42fda757-1176-5d68-bc01-7baef2c3de84,76355eb7-c163-5d63-8142-64d301d235ca,0a9cf731-8101-5c94-8f1a-993db8f3bb9e,Excellent performance. Keep it up!,submitted,2026-04-27T09:00:00Z
86e86497-2620-58b5-a411-43301ae4d1be,9341cf1e-f77b-5e4a-abbe-6a72f8c4a2fa,d0ba1a71-d1a1-50d5-8e73-ec08991f1546,6fde58ec-7470-53da-a342-eb730b236399,76355eb7-c163-5d63-8142-64d301d235ca,0a9cf731-8101-5c94-8f1a-993db8f3bb9e,Very weak. Please see the teacher for support.,submitted,2026-04-27T09:00:00Z
f7d970d1-cf08-57df-bfea-e5657573a66b,9341cf1e-f77b-5e4a-abbe-6a72f8c4a2fa,d0ba1a71-d1a1-50d5-8e73-ec08991f1546,4e3d30ab-b510-5b7d-bd38-b0df7dddfa57,76355eb7-c163-5d63-8142-64d301d235ca,0a9cf731-8101-5c94-8f1a-993db8f3bb9e,"Very pleasing, keep it up.",submitted,2026-04-27T09:00:00Z
440ccc2c-57c2-5c4c-9468-c9850e468dd1,9341cf1e-f77b-5e4a-abbe-6a72f8c4a2fa,d0ba1a71-d1a1-50d5-8e73-ec08991f1546,0c6d3f5e-c77e-5a97-8610-eebdd3a78c3d,76355eb7-c163-5d63-8142-64d301d235ca,0a9cf731-8101-5c94-8f1a-993db8f3bb9e,Excellent performance. Keep it up!,submitted,2026-04-27T09:00:00Z
806d7479-9f9d-544b-9bce-4c5eae73237d,9341cf1e-f77b-5e4a-abbe-6a72f8c4a2fa,d0ba1a71-d1a1-50d5-8e73-ec08991f1546,cabc669f-b3f1-599e-84f7-7d11009c0ead,76355eb7-c163-5d63-8142-64d301d235ca,0a9cf731-8101-5c94-8f1a-993db8f3bb9e,Urgent improvement needed.,submitted,2026-04-27T09:00:00Z
41831b85-0bc1-5b4f-8275-d5eba0e8f7ae,9341cf1e-f77b-5e4a-abbe-6a72f8c4a2fa,d0ba1a71-d1a1-50d5-8e73-ec08991f1546,460df2d7-9967-55f1-96e0-a2d06f86813a,5a6a062f-885e-59f0-a395-17203ad424a3,ea1ece68-bc07-53fd-ab08-d1c2b4a4002c,Fair performance; more practice needed.,submitted,2026-04-27T09:00:00Z
58f280d7-b47d-56a7-a5ad-1f6a95fc92c3,9341cf1e-f77b-5e4a-abbe-6a72f8c4a2fa,d0ba1a71-d1a1-50d5-8e73-ec08991f1546,5969c6ee-d493-58e9-b9ca-25bf42363259,5a6a062f-885e-59f0-a395-17203ad424a3,ea1ece68-bc07-53fd-ab08-d1c2b4a4002c,Well done. Keep it up!,submitted,2026-04-27T09:00:00Z
bd6365ed-e552-5bfb-aea4-b6a82024e829,9341cf1e-f77b-5e4a-abbe-6a72f8c4a2fa,d0ba1a71-d1a1-50d5-8e73-ec08991f1546,c5c86d43-44be-5cbe-91cc-60df439be2ab,5a6a062f-885e-59f0-a395-17203ad424a3,ea1ece68-bc07-53fd-ab08-d1c2b4a4002c,Pleasing performance.,submitted,2026-04-27T09:00:00Z
ad7db656-dd8d-5330-84e4-7e427c8fdf96,9341cf1e-f77b-5e4a-abbe-6a72f8c4a2fa,d0ba1a71-d1a1-50d5-8e73-ec08991f1546,b16a808e-74a4-50a3-8106-03904a53a1d7,5a6a062f-885e-59f0-a395-17203ad424a3,ea1ece68-bc07-53fd-ab08-d1c2b4a4002c,Well done. Keep it up!,submitted,2026-04-27T09:00:00Z
35da1bc7-745c-52ef-aa19-869625339aa7,9341cf1e-f77b-5e4a-abbe-6a72f8c4a2fa,d0ba1a71-d1a1-50d5-8e73-ec08991f1546,2ee6c4eb-efbc-5d00-b4fe-41a1dc870392,5a6a062f-885e-59f0-a395-17203ad424a3,ea1ece68-bc07-53fd-ab08-d1c2b4a4002c,Should work harder.,submitted,2026-04-27T09:00:00Z
0f6c88c0-32cb-5267-a433-eced901c3f0a,9341cf1e-f77b-5e4a-abbe-6a72f8c4a2fa,d0ba1a71-d1a1-50d5-8e73-ec08991f1546,42fda757-1176-5d68-bc01-7baef2c3de84,5a6a062f-885e-59f0-a395-17203ad424a3,ea1ece68-bc07-53fd-ab08-d1c2b4a4002c,Very good performance.,submitted,2026-04-27T09:00:00Z
3a781c59-9d4e-5bfc-a642-c5d1bd4b5d1c,9341cf1e-f77b-5e4a-abbe-6a72f8c4a2fa,d0ba1a71-d1a1-50d5-8e73-ec08991f1546,6fde58ec-7470-53da-a342-eb730b236399,5a6a062f-885e-59f0-a395-17203ad424a3,ea1ece68-bc07-53fd-ab08-d1c2b4a4002c,Quite good.,submitted,2026-04-27T09:00:00Z
3c90f0a4-b324-50f7-9d48-90907f67fbf7,9341cf1e-f77b-5e4a-abbe-6a72f8c4a2fa,d0ba1a71-d1a1-50d5-8e73-ec08991f1546,4e3d30ab-b510-5b7d-bd38-b0df7dddfa57,5a6a062f-885e-59f0-a395-17203ad424a3,ea1ece68-bc07-53fd-ab08-d1c2b4a4002c,Satisfactory. You can do better.,submitted,2026-04-27T09:00:00Z
b875782e-75dc-5d05-8470-0ebe20c22400,9341cf1e-f77b-5e4a-abbe-6a72f8c4a2fa,d0ba1a71-d1a1-50d5-8e73-ec08991f1546,0c6d3f5e-c77e-5a97-8610-eebdd3a78c3d,5a6a062f-885e-59f0-a395-17203ad424a3,ea1ece68-bc07-53fd-ab08-d1c2b4a4002c,Pleasing performance.,submitted,2026-04-27T09:00:00Z
2e09c72e-3549-5c29-a24f-e905835ff7c1,9341cf1e-f77b-5e4a-abbe-6a72f8c4a2fa,d0ba1a71-d1a1-50d5-8e73-ec08991f1546,cabc669f-b3f1-599e-84f7-7d11009c0ead,5a6a062f-885e-59f0-a395-17203ad424a3,ea1ece68-bc07-53fd-ab08-d1c2b4a4002c,Fair performance; more practice needed.,submitted,2026-04-27T09:00:00Z
fb992019-629d-541c-bbb8-3651d9b9fced,9341cf1e-f77b-5e4a-abbe-6a72f8c4a2fa,d0ba1a71-d1a1-50d5-8e73-ec08991f1546,460df2d7-9967-55f1-96e0-a2d06f86813a,15fddcb2-1336-5b50-8608-c3a03af24328,6ad65213-e90f-5f74-ae79-ce3505408a84,Very good performance.,submitted,2026-04-27T09:00:00Z
80d2f342-417e-5520-8bc8-7fc80febb4f8,9341cf1e-f77b-5e4a-abbe-6a72f8c4a2fa,d0ba1a71-d1a1-50d5-8e73-ec08991f1546,5969c6ee-d493-58e9-b9ca-25bf42363259,15fddcb2-1336-5b50-8608-c3a03af24328,6ad65213-e90f-5f74-ae79-ce3505408a84,Outstanding work this term.,submitted,2026-04-27T09:00:00Z
a9d657ab-5bc3-58cc-b41a-3474c075bcf5,9341cf1e-f77b-5e4a-abbe-6a72f8c4a2fa,d0ba1a71-d1a1-50d5-8e73-ec08991f1546,42fda757-1176-5d68-bc01-7baef2c3de84,15fddcb2-1336-5b50-8608-c3a03af24328,6ad65213-e90f-5f74-ae79-ce3505408a84,Outstanding work this term.,submitted,2026-04-27T09:00:00Z
ae481e07-0be3-5f6a-8ca7-1a4b4c179585,9341cf1e-f77b-5e4a-abbe-6a72f8c4a2fa,d0ba1a71-d1a1-50d5-8e73-ec08991f1546,6fde58ec-7470-53da-a342-eb730b236399,15fddcb2-1336-5b50-8608-c3a03af24328,6ad65213-e90f-5f74-ae79-ce3505408a84,Quite good.,submitted,2026-04-27T09:00:00Z
e5e6ed7e-9be1-5cf1-920a-02ea2ace142d,9341cf1e-f77b-5e4a-abbe-6a72f8c4a2fa,d0ba1a71-d1a1-50d5-8e73-ec08991f1546,4e3d30ab-b510-5b7d-bd38-b0df7dddfa57,15fddcb2-1336-5b50-8608-c3a03af24328,6ad65213-e90f-5f74-ae79-ce3505408a84,Satisfactory. You can do better.,submitted,2026-04-27T09:00:00Z
5cbba10f-e3d6-5ca8-a184-848c3764ccc3,9341cf1e-f77b-5e4a-abbe-6a72f8c4a2fa,d0ba1a71-d1a1-50d5-8e73-ec08991f1546,cabc669f-b3f1-599e-84f7-7d11009c0ead,15fddcb2-1336-5b50-8608-c3a03af24328,6ad65213-e90f-5f74-ae79-ce3505408a84,Very weak. Please see the teacher for support.,submitted,2026-04-27T09:00:00Z
e1f2c62a-619e-5160-921d-fc01161185ad,f2856ae5-c561-5f69-8db8-0495481bb2b0,15c9e979-0994-5a30-a16c-9632f1665825,233bc279-6b5f-5823-bddf-02223bce6298,7a136281-e1ee-5169-82fe-e6acde848da6,dfb065b7-3d6a-5b09-a264-a62ac71acb6b,Needs to work harder.,submitted,2026-03-27T15:00:00Z
edb6b62e-b8d3-54ef-b4a7-19fc823e2778,f2856ae5-c561-5f69-8db8-0495481bb2b0,15c9e979-0994-5a30-a16c-9632f1665825,233bc279-6b5f-5823-bddf-02223bce6298,75036bc5-a828-580e-b2f7-7691bc06b540,dfb065b7-3d6a-5b09-a264-a62ac71acb6b,Poor performance. Seek extra help.,submitted,2026-03-27T15:00:00Z
4b48a372-1b99-5f9e-b7ef-698f6f9ed3cb,f2856ae5-c561-5f69-8db8-0495481bb2b0,15c9e979-0994-5a30-a16c-9632f1665825,233bc279-6b5f-5823-bddf-02223bce6298,c24f0173-5a2c-56ea-a5f9-b8b3177a21e6,dfb065b7-3d6a-5b09-a264-a62ac71acb6b,Fair performance; more practice needed.,submitted,2026-03-27T15:00:00Z
3e79f47f-fd68-5ad9-9dc7-c6a46c1fcd55,f2856ae5-c561-5f69-8db8-0495481bb2b0,15c9e979-0994-5a30-a16c-9632f1665825,233bc279-6b5f-5823-bddf-02223bce6298,ab6464fa-239b-5c73-af30-936494dc0f74,dfb065b7-3d6a-5b09-a264-a62ac71acb6b,Needs to work harder.,submitted,2026-03-27T15:00:00Z
7d69eaa0-ec5a-5396-93a9-f930841992d1,f2856ae5-c561-5f69-8db8-0495481bb2b0,15c9e979-0994-5a30-a16c-9632f1665825,233bc279-6b5f-5823-bddf-02223bce6298,6eb66697-1bc1-568b-b98c-116eac072caf,dfb065b7-3d6a-5b09-a264-a62ac71acb6b,Fair performance; more practice needed.,submitted,2026-03-27T15:00:00Z
cdd11b4b-06d9-5152-ba0d-994e084ecf24,f2856ae5-c561-5f69-8db8-0495481bb2b0,15c9e979-0994-5a30-a16c-9632f1665825,233bc279-6b5f-5823-bddf-02223bce6298,5678205e-191c-5829-80a7-8f43d185fbe2,dfb065b7-3d6a-5b09-a264-a62ac71acb6b,Needs to work harder.,submitted,2026-03-27T15:00:00Z
66c8cdc6-b3ca-51c4-a968-3bd0a4e4a9ac,f2856ae5-c561-5f69-8db8-0495481bb2b0,15c9e979-0994-5a30-a16c-9632f1665825,233bc279-6b5f-5823-bddf-02223bce6298,a6ddaec7-e728-582d-8971-d9b76e83e286,72fa82de-09c5-522c-bbba-f0a09021a696,Fair performance; more practice needed.,submitted,2026-03-27T15:00:00Z
2922f95b-4723-5306-81e4-48812a0d9290,f2856ae5-c561-5f69-8db8-0495481bb2b0,15c9e979-0994-5a30-a16c-9632f1665825,233bc279-6b5f-5823-bddf-02223bce6298,fec656f4-befe-5fae-8a08-46237f6bf647,dfb065b7-3d6a-5b09-a264-a62ac71acb6b,Needs to work harder.,submitted,2026-03-27T15:00:00Z
55a55109-f387-5630-b22d-463ac1af77fa,f2856ae5-c561-5f69-8db8-0495481bb2b0,15c9e979-0994-5a30-a16c-9632f1665825,9352427c-e83c-5011-9b5f-52af4da0416c,7a136281-e1ee-5169-82fe-e6acde848da6,dfb065b7-3d6a-5b09-a264-a62ac71acb6b,Satisfactory. You can do better.,submitted,2026-03-27T15:00:00Z
7696d1c4-0baf-5a78-8d45-128ab203253e,f2856ae5-c561-5f69-8db8-0495481bb2b0,15c9e979-0994-5a30-a16c-9632f1665825,9352427c-e83c-5011-9b5f-52af4da0416c,75036bc5-a828-580e-b2f7-7691bc06b540,dfb065b7-3d6a-5b09-a264-a62ac71acb6b,Weak; revise regularly.,submitted,2026-03-27T15:00:00Z
6448e05a-ce12-513a-bac0-2467ef5dd999,f2856ae5-c561-5f69-8db8-0495481bb2b0,15c9e979-0994-5a30-a16c-9632f1665825,9352427c-e83c-5011-9b5f-52af4da0416c,c24f0173-5a2c-56ea-a5f9-b8b3177a21e6,dfb065b7-3d6a-5b09-a264-a62ac71acb6b,Below expectation. Extra effort needed.,submitted,2026-03-27T15:00:00Z
6de0262b-b3cb-5fef-b563-89fa6d0abb20,f2856ae5-c561-5f69-8db8-0495481bb2b0,15c9e979-0994-5a30-a16c-9632f1665825,9352427c-e83c-5011-9b5f-52af4da0416c,ab6464fa-239b-5c73-af30-936494dc0f74,dfb065b7-3d6a-5b09-a264-a62ac71acb6b,Below expectation. Extra effort needed.,submitted,2026-03-27T15:00:00Z
93175902-5293-5a76-865a-87a9c386fda1,f2856ae5-c561-5f69-8db8-0495481bb2b0,15c9e979-0994-5a30-a16c-9632f1665825,9352427c-e83c-5011-9b5f-52af4da0416c,6eb66697-1bc1-568b-b98c-116eac072caf,dfb065b7-3d6a-5b09-a264-a62ac71acb6b,Poor performance. Seek extra help.,submitted,2026-03-27T15:00:00Z
69f7f0b8-108e-5667-89e3-643c34fceb5d,f2856ae5-c561-5f69-8db8-0495481bb2b0,15c9e979-0994-5a30-a16c-9632f1665825,9352427c-e83c-5011-9b5f-52af4da0416c,5678205e-191c-5829-80a7-8f43d185fbe2,dfb065b7-3d6a-5b09-a264-a62ac71acb6b,Should work harder.,submitted,2026-03-27T15:00:00Z
bd1ba75d-1ef8-5a37-9172-fb49aaaa7376,f2856ae5-c561-5f69-8db8-0495481bb2b0,15c9e979-0994-5a30-a16c-9632f1665825,9352427c-e83c-5011-9b5f-52af4da0416c,a6ddaec7-e728-582d-8971-d9b76e83e286,72fa82de-09c5-522c-bbba-f0a09021a696,Satisfactory. You can do better.,submitted,2026-03-27T15:00:00Z
c199c76b-773d-5a74-8aa8-af664f9857f2,f2856ae5-c561-5f69-8db8-0495481bb2b0,15c9e979-0994-5a30-a16c-9632f1665825,9352427c-e83c-5011-9b5f-52af4da0416c,fec656f4-befe-5fae-8a08-46237f6bf647,dfb065b7-3d6a-5b09-a264-a62ac71acb6b,Satisfactory. You can do better.,submitted,2026-03-27T15:00:00Z
9ba6e246-0be4-571f-898f-0a4a48dd3c76,f2856ae5-c561-5f69-8db8-0495481bb2b0,15c9e979-0994-5a30-a16c-9632f1665825,0264d51d-ab9e-52b5-a9f8-3fd454c7d914,7a136281-e1ee-5169-82fe-e6acde848da6,dfb065b7-3d6a-5b09-a264-a62ac71acb6b,Urgent improvement needed.,submitted,2026-03-27T15:00:00Z
b1c435c8-f275-591f-b8b8-128eae2da4b2,f2856ae5-c561-5f69-8db8-0495481bb2b0,15c9e979-0994-5a30-a16c-9632f1665825,0264d51d-ab9e-52b5-a9f8-3fd454c7d914,75036bc5-a828-580e-b2f7-7691bc06b540,dfb065b7-3d6a-5b09-a264-a62ac71acb6b,Very weak. Please see the teacher for support.,submitted,2026-03-27T15:00:00Z
0a56bace-ba57-50a1-97a4-8e322fc08374,f2856ae5-c561-5f69-8db8-0495481bb2b0,15c9e979-0994-5a30-a16c-9632f1665825,0264d51d-ab9e-52b5-a9f8-3fd454c7d914,c24f0173-5a2c-56ea-a5f9-b8b3177a21e6,dfb065b7-3d6a-5b09-a264-a62ac71acb6b,Urgent improvement needed.,submitted,2026-03-27T15:00:00Z
b763ab3b-8b04-5a08-a117-02489ef33a3b,f2856ae5-c561-5f69-8db8-0495481bb2b0,15c9e979-0994-5a30-a16c-9632f1665825,0264d51d-ab9e-52b5-a9f8-3fd454c7d914,ab6464fa-239b-5c73-af30-936494dc0f74,dfb065b7-3d6a-5b09-a264-a62ac71acb6b,Very weak. Please see the teacher for support.,submitted,2026-03-27T15:00:00Z
62a79e5e-31bb-5669-976b-7bbc2a6ecdea,f2856ae5-c561-5f69-8db8-0495481bb2b0,15c9e979-0994-5a30-a16c-9632f1665825,0264d51d-ab9e-52b5-a9f8-3fd454c7d914,6eb66697-1bc1-568b-b98c-116eac072caf,dfb065b7-3d6a-5b09-a264-a62ac71acb6b,Test 2 outstanding (absent). Result to be completed.,submitted,2026-03-27T15:00:00Z
cc0943bd-5e7f-5a93-8a89-a96f4d43bb86,f2856ae5-c561-5f69-8db8-0495481bb2b0,15c9e979-0994-5a30-a16c-9632f1665825,0264d51d-ab9e-52b5-a9f8-3fd454c7d914,5678205e-191c-5829-80a7-8f43d185fbe2,dfb065b7-3d6a-5b09-a264-a62ac71acb6b,Urgent improvement needed.,submitted,2026-03-27T15:00:00Z
5dfa9668-caae-5442-a2a5-3d2edc9cc996,f2856ae5-c561-5f69-8db8-0495481bb2b0,15c9e979-0994-5a30-a16c-9632f1665825,0264d51d-ab9e-52b5-a9f8-3fd454c7d914,a6ddaec7-e728-582d-8971-d9b76e83e286,72fa82de-09c5-522c-bbba-f0a09021a696,Poor performance. Seek extra help.,submitted,2026-03-27T15:00:00Z
43e58df0-6562-516b-97d7-a404a0077bcf,f2856ae5-c561-5f69-8db8-0495481bb2b0,15c9e979-0994-5a30-a16c-9632f1665825,0264d51d-ab9e-52b5-a9f8-3fd454c7d914,fec656f4-befe-5fae-8a08-46237f6bf647,dfb065b7-3d6a-5b09-a264-a62ac71acb6b,Urgent improvement needed.,submitted,2026-03-27T15:00:00Z
1d15bf68-4342-5443-8096-d641930de5a1,f2856ae5-c561-5f69-8db8-0495481bb2b0,15c9e979-0994-5a30-a16c-9632f1665825,71e540b8-4344-5659-8984-1e9044bdb230,7a136281-e1ee-5169-82fe-e6acde848da6,dfb065b7-3d6a-5b09-a264-a62ac71acb6b,Satisfactory. You can do better.,submitted,2026-03-27T15:00:00Z
00f8abaa-a1f4-5a6d-9936-06a120b13242,f2856ae5-c561-5f69-8db8-0495481bb2b0,15c9e979-0994-5a30-a16c-9632f1665825,71e540b8-4344-5659-8984-1e9044bdb230,75036bc5-a828-580e-b2f7-7691bc06b540,dfb065b7-3d6a-5b09-a264-a62ac71acb6b,Should work harder.,submitted,2026-03-27T15:00:00Z
933306bd-5562-5245-9b98-bce5b956f092,f2856ae5-c561-5f69-8db8-0495481bb2b0,15c9e979-0994-5a30-a16c-9632f1665825,71e540b8-4344-5659-8984-1e9044bdb230,c24f0173-5a2c-56ea-a5f9-b8b3177a21e6,dfb065b7-3d6a-5b09-a264-a62ac71acb6b,Poor performance. Seek extra help.,submitted,2026-03-27T15:00:00Z
4c0377c6-dd9e-55db-9b33-2ba984631993,f2856ae5-c561-5f69-8db8-0495481bb2b0,15c9e979-0994-5a30-a16c-9632f1665825,71e540b8-4344-5659-8984-1e9044bdb230,ab6464fa-239b-5c73-af30-936494dc0f74,dfb065b7-3d6a-5b09-a264-a62ac71acb6b,Weak; revise regularly.,submitted,2026-03-27T15:00:00Z
8318aa62-94b6-509a-9a31-eb872fc39fd7,f2856ae5-c561-5f69-8db8-0495481bb2b0,15c9e979-0994-5a30-a16c-9632f1665825,71e540b8-4344-5659-8984-1e9044bdb230,6eb66697-1bc1-568b-b98c-116eac072caf,dfb065b7-3d6a-5b09-a264-a62ac71acb6b,Needs to work harder.,submitted,2026-03-27T15:00:00Z
af3c2575-6983-559a-9da7-f207d26964ee,f2856ae5-c561-5f69-8db8-0495481bb2b0,15c9e979-0994-5a30-a16c-9632f1665825,71e540b8-4344-5659-8984-1e9044bdb230,5678205e-191c-5829-80a7-8f43d185fbe2,dfb065b7-3d6a-5b09-a264-a62ac71acb6b,"Very pleasing, keep it up.",submitted,2026-03-27T15:00:00Z
bd63dd4e-1a93-5061-8820-10cbe1107561,f2856ae5-c561-5f69-8db8-0495481bb2b0,15c9e979-0994-5a30-a16c-9632f1665825,71e540b8-4344-5659-8984-1e9044bdb230,a6ddaec7-e728-582d-8971-d9b76e83e286,72fa82de-09c5-522c-bbba-f0a09021a696,Satisfactory. You can do better.,submitted,2026-03-27T15:00:00Z
5627b9c2-a1fa-5859-b8df-eb8e3a80b5bb,f2856ae5-c561-5f69-8db8-0495481bb2b0,15c9e979-0994-5a30-a16c-9632f1665825,71e540b8-4344-5659-8984-1e9044bdb230,fec656f4-befe-5fae-8a08-46237f6bf647,dfb065b7-3d6a-5b09-a264-a62ac71acb6b,Weak; revise regularly.,submitted,2026-03-27T15:00:00Z
f878773c-d192-5770-90ce-48559e1d6485,f2856ae5-c561-5f69-8db8-0495481bb2b0,15c9e979-0994-5a30-a16c-9632f1665825,4c37db26-a0df-549d-94f3-78bc7eb20055,7a136281-e1ee-5169-82fe-e6acde848da6,dfb065b7-3d6a-5b09-a264-a62ac71acb6b,Below expectation. Extra effort needed.,submitted,2026-03-27T15:00:00Z
5d252bff-1733-5fd5-a98a-64c66835b86d,f2856ae5-c561-5f69-8db8-0495481bb2b0,15c9e979-0994-5a30-a16c-9632f1665825,4c37db26-a0df-549d-94f3-78bc7eb20055,75036bc5-a828-580e-b2f7-7691bc06b540,dfb065b7-3d6a-5b09-a264-a62ac71acb6b,Good effort. Aim higher.,submitted,2026-03-27T15:00:00Z
29b5c087-8978-5d1c-8310-ddb2f548bcad,f2856ae5-c561-5f69-8db8-0495481bb2b0,15c9e979-0994-5a30-a16c-9632f1665825,4c37db26-a0df-549d-94f3-78bc7eb20055,c24f0173-5a2c-56ea-a5f9-b8b3177a21e6,dfb065b7-3d6a-5b09-a264-a62ac71acb6b,Weak; revise regularly.,submitted,2026-03-27T15:00:00Z
40be66cb-4085-5a6d-b829-93cb655ec330,f2856ae5-c561-5f69-8db8-0495481bb2b0,15c9e979-0994-5a30-a16c-9632f1665825,4c37db26-a0df-549d-94f3-78bc7eb20055,ab6464fa-239b-5c73-af30-936494dc0f74,dfb065b7-3d6a-5b09-a264-a62ac71acb6b,"Very pleasing, keep it up.",submitted,2026-03-27T15:00:00Z
51d524bb-a4d0-57d8-aea5-0701f82f50e7,f2856ae5-c561-5f69-8db8-0495481bb2b0,15c9e979-0994-5a30-a16c-9632f1665825,4c37db26-a0df-549d-94f3-78bc7eb20055,6eb66697-1bc1-568b-b98c-116eac072caf,dfb065b7-3d6a-5b09-a264-a62ac71acb6b,Satisfactory. You can do better.,submitted,2026-03-27T15:00:00Z
6dbf9858-f13d-5670-880e-2919d84cd801,f2856ae5-c561-5f69-8db8-0495481bb2b0,15c9e979-0994-5a30-a16c-9632f1665825,4c37db26-a0df-549d-94f3-78bc7eb20055,5678205e-191c-5829-80a7-8f43d185fbe2,dfb065b7-3d6a-5b09-a264-a62ac71acb6b,Excellent performance. Keep it up!,submitted,2026-03-27T15:00:00Z
d06bfaff-80d9-502d-b52c-5836f7069fef,f2856ae5-c561-5f69-8db8-0495481bb2b0,15c9e979-0994-5a30-a16c-9632f1665825,4c37db26-a0df-549d-94f3-78bc7eb20055,a6ddaec7-e728-582d-8971-d9b76e83e286,72fa82de-09c5-522c-bbba-f0a09021a696,Weak; revise regularly.,submitted,2026-03-27T15:00:00Z
996611d3-712b-54d1-9bf9-b40e3923e8ca,f2856ae5-c561-5f69-8db8-0495481bb2b0,15c9e979-0994-5a30-a16c-9632f1665825,4c37db26-a0df-549d-94f3-78bc7eb20055,fec656f4-befe-5fae-8a08-46237f6bf647,dfb065b7-3d6a-5b09-a264-a62ac71acb6b,Satisfactory. You can do better.,submitted,2026-03-27T15:00:00Z
da2e645f-0cb8-5c75-b0be-1d6fb8feff24,f2856ae5-c561-5f69-8db8-0495481bb2b0,15c9e979-0994-5a30-a16c-9632f1665825,661583d3-ba45-54fd-9621-11547d7da0ca,7a136281-e1ee-5169-82fe-e6acde848da6,dfb065b7-3d6a-5b09-a264-a62ac71acb6b,Urgent improvement needed.,submitted,2026-03-27T15:00:00Z
083883a1-0593-5362-ab9a-55c5c261f8f4,f2856ae5-c561-5f69-8db8-0495481bb2b0,15c9e979-0994-5a30-a16c-9632f1665825,661583d3-ba45-54fd-9621-11547d7da0ca,75036bc5-a828-580e-b2f7-7691bc06b540,dfb065b7-3d6a-5b09-a264-a62ac71acb6b,Weak; revise regularly.,submitted,2026-03-27T15:00:00Z
731f6a19-f058-5cb0-804d-f7718ecf5c29,f2856ae5-c561-5f69-8db8-0495481bb2b0,15c9e979-0994-5a30-a16c-9632f1665825,661583d3-ba45-54fd-9621-11547d7da0ca,c24f0173-5a2c-56ea-a5f9-b8b3177a21e6,dfb065b7-3d6a-5b09-a264-a62ac71acb6b,Needs to work harder.,submitted,2026-03-27T15:00:00Z
a800b440-b837-5ba2-9c9b-ee6ac389f2a4,f2856ae5-c561-5f69-8db8-0495481bb2b0,15c9e979-0994-5a30-a16c-9632f1665825,661583d3-ba45-54fd-9621-11547d7da0ca,ab6464fa-239b-5c73-af30-936494dc0f74,dfb065b7-3d6a-5b09-a264-a62ac71acb6b,Weak; revise regularly.,submitted,2026-03-27T15:00:00Z
f7b48058-e242-56d5-84a3-9afd53c2d06d,f2856ae5-c561-5f69-8db8-0495481bb2b0,15c9e979-0994-5a30-a16c-9632f1665825,661583d3-ba45-54fd-9621-11547d7da0ca,6eb66697-1bc1-568b-b98c-116eac072caf,dfb065b7-3d6a-5b09-a264-a62ac71acb6b,Poor performance. Seek extra help.,submitted,2026-03-27T15:00:00Z
fcd69cc0-5c7a-526e-8381-3cb27cbd0804,f2856ae5-c561-5f69-8db8-0495481bb2b0,15c9e979-0994-5a30-a16c-9632f1665825,661583d3-ba45-54fd-9621-11547d7da0ca,5678205e-191c-5829-80a7-8f43d185fbe2,dfb065b7-3d6a-5b09-a264-a62ac71acb6b,Weak; revise regularly.,submitted,2026-03-27T15:00:00Z
82b36816-1dca-5b5e-a275-5c5bb547f20f,f2856ae5-c561-5f69-8db8-0495481bb2b0,15c9e979-0994-5a30-a16c-9632f1665825,661583d3-ba45-54fd-9621-11547d7da0ca,a6ddaec7-e728-582d-8971-d9b76e83e286,72fa82de-09c5-522c-bbba-f0a09021a696,Good effort. Aim higher.,submitted,2026-03-27T15:00:00Z
48c00413-0beb-5ebc-bc80-9ff0e3ff4c0a,f2856ae5-c561-5f69-8db8-0495481bb2b0,15c9e979-0994-5a30-a16c-9632f1665825,661583d3-ba45-54fd-9621-11547d7da0ca,fec656f4-befe-5fae-8a08-46237f6bf647,dfb065b7-3d6a-5b09-a264-a62ac71acb6b,Urgent improvement needed.,submitted,2026-03-27T15:00:00Z
ff92713b-137e-52ea-a753-2501534e323d,f2856ae5-c561-5f69-8db8-0495481bb2b0,15c9e979-0994-5a30-a16c-9632f1665825,a391c26b-04b3-50c9-9f1a-803fa67fce98,7a136281-e1ee-5169-82fe-e6acde848da6,dfb065b7-3d6a-5b09-a264-a62ac71acb6b,Urgent improvement needed.,submitted,2026-03-27T15:00:00Z
7980212a-5fee-5ff1-96f8-c22ff0606d47,f2856ae5-c561-5f69-8db8-0495481bb2b0,15c9e979-0994-5a30-a16c-9632f1665825,a391c26b-04b3-50c9-9f1a-803fa67fce98,75036bc5-a828-580e-b2f7-7691bc06b540,dfb065b7-3d6a-5b09-a264-a62ac71acb6b,Poor performance. Seek extra help.,submitted,2026-03-27T15:00:00Z
0fb24f8d-f299-5e4a-bea8-c137c7c81887,f2856ae5-c561-5f69-8db8-0495481bb2b0,15c9e979-0994-5a30-a16c-9632f1665825,a391c26b-04b3-50c9-9f1a-803fa67fce98,c24f0173-5a2c-56ea-a5f9-b8b3177a21e6,dfb065b7-3d6a-5b09-a264-a62ac71acb6b,Urgent improvement needed.,submitted,2026-03-27T15:00:00Z
715df415-80c3-52ac-8986-e8d7e66fe241,f2856ae5-c561-5f69-8db8-0495481bb2b0,15c9e979-0994-5a30-a16c-9632f1665825,a391c26b-04b3-50c9-9f1a-803fa67fce98,ab6464fa-239b-5c73-af30-936494dc0f74,dfb065b7-3d6a-5b09-a264-a62ac71acb6b,Urgent improvement needed.,submitted,2026-03-27T15:00:00Z
fa342529-80ad-5088-9560-8281b3804398,f2856ae5-c561-5f69-8db8-0495481bb2b0,15c9e979-0994-5a30-a16c-9632f1665825,a391c26b-04b3-50c9-9f1a-803fa67fce98,6eb66697-1bc1-568b-b98c-116eac072caf,dfb065b7-3d6a-5b09-a264-a62ac71acb6b,Poor performance. Seek extra help.,submitted,2026-03-27T15:00:00Z
0b00aa95-30e1-5117-a02d-35c1fadf56e9,f2856ae5-c561-5f69-8db8-0495481bb2b0,15c9e979-0994-5a30-a16c-9632f1665825,a391c26b-04b3-50c9-9f1a-803fa67fce98,5678205e-191c-5829-80a7-8f43d185fbe2,dfb065b7-3d6a-5b09-a264-a62ac71acb6b,Very weak. Please see the teacher for support.,submitted,2026-03-27T15:00:00Z
ed5edcbe-abd4-5001-9c6f-13dd8c7362ae,f2856ae5-c561-5f69-8db8-0495481bb2b0,15c9e979-0994-5a30-a16c-9632f1665825,a391c26b-04b3-50c9-9f1a-803fa67fce98,a6ddaec7-e728-582d-8971-d9b76e83e286,72fa82de-09c5-522c-bbba-f0a09021a696,Urgent improvement needed.,submitted,2026-03-27T15:00:00Z
2decfa0e-c0de-50e3-9310-596407aeebad,f2856ae5-c561-5f69-8db8-0495481bb2b0,15c9e979-0994-5a30-a16c-9632f1665825,a391c26b-04b3-50c9-9f1a-803fa67fce98,fec656f4-befe-5fae-8a08-46237f6bf647,dfb065b7-3d6a-5b09-a264-a62ac71acb6b,Urgent improvement needed.,submitted,2026-03-27T15:00:00Z
091f1ea5-ca8c-5f99-9872-9091cab6c705,f2856ae5-c561-5f69-8db8-0495481bb2b0,15c9e979-0994-5a30-a16c-9632f1665825,f256f11a-5c3c-5831-aeb6-65296da6c74c,7a136281-e1ee-5169-82fe-e6acde848da6,dfb065b7-3d6a-5b09-a264-a62ac71acb6b,Well done. Keep it up!,submitted,2026-03-27T15:00:00Z
4b9908e0-52d7-5c9f-bd95-290e5de4dcba,f2856ae5-c561-5f69-8db8-0495481bb2b0,15c9e979-0994-5a30-a16c-9632f1665825,f256f11a-5c3c-5831-aeb6-65296da6c74c,75036bc5-a828-580e-b2f7-7691bc06b540,dfb065b7-3d6a-5b09-a264-a62ac71acb6b,Excellent performance. Keep it up!,submitted,2026-03-27T15:00:00Z
e372a65c-fe2f-556e-a273-f90a4aae9fa0,f2856ae5-c561-5f69-8db8-0495481bb2b0,15c9e979-0994-5a30-a16c-9632f1665825,f256f11a-5c3c-5831-aeb6-65296da6c74c,c24f0173-5a2c-56ea-a5f9-b8b3177a21e6,dfb065b7-3d6a-5b09-a264-a62ac71acb6b,"Very pleasing, keep it up.",submitted,2026-03-27T15:00:00Z
86e0d1b3-11cc-5320-a0d5-2ee825ac8055,f2856ae5-c561-5f69-8db8-0495481bb2b0,15c9e979-0994-5a30-a16c-9632f1665825,f256f11a-5c3c-5831-aeb6-65296da6c74c,ab6464fa-239b-5c73-af30-936494dc0f74,dfb065b7-3d6a-5b09-a264-a62ac71acb6b,Outstanding work this term.,submitted,2026-03-27T15:00:00Z
b6b161a3-04a2-52b7-a9f3-20415b8727a3,f2856ae5-c561-5f69-8db8-0495481bb2b0,15c9e979-0994-5a30-a16c-9632f1665825,f256f11a-5c3c-5831-aeb6-65296da6c74c,6eb66697-1bc1-568b-b98c-116eac072caf,dfb065b7-3d6a-5b09-a264-a62ac71acb6b,"Very pleasing, keep it up.",submitted,2026-03-27T15:00:00Z
1d8261ed-b9ce-5f49-b123-f426d5029423,f2856ae5-c561-5f69-8db8-0495481bb2b0,15c9e979-0994-5a30-a16c-9632f1665825,f256f11a-5c3c-5831-aeb6-65296da6c74c,5678205e-191c-5829-80a7-8f43d185fbe2,dfb065b7-3d6a-5b09-a264-a62ac71acb6b,Well done. Keep it up!,submitted,2026-03-27T15:00:00Z
9167fe06-6af4-5e8f-aa73-17e1fdc13c0f,f2856ae5-c561-5f69-8db8-0495481bb2b0,15c9e979-0994-5a30-a16c-9632f1665825,f256f11a-5c3c-5831-aeb6-65296da6c74c,a6ddaec7-e728-582d-8971-d9b76e83e286,72fa82de-09c5-522c-bbba-f0a09021a696,Quite good.,submitted,2026-03-27T15:00:00Z
bedf662a-4f80-592e-a6f8-00a471838ebc,f2856ae5-c561-5f69-8db8-0495481bb2b0,15c9e979-0994-5a30-a16c-9632f1665825,f256f11a-5c3c-5831-aeb6-65296da6c74c,fec656f4-befe-5fae-8a08-46237f6bf647,dfb065b7-3d6a-5b09-a264-a62ac71acb6b,Quite good.,submitted,2026-03-27T15:00:00Z
da01184d-8d5f-5dad-927e-f27a53d7c05d,f2856ae5-c561-5f69-8db8-0495481bb2b0,15c9e979-0994-5a30-a16c-9632f1665825,7e85c9cb-6d82-5446-975b-03413d4d6799,7a136281-e1ee-5169-82fe-e6acde848da6,dfb065b7-3d6a-5b09-a264-a62ac71acb6b,Below expectation. Extra effort needed.,submitted,2026-03-27T15:00:00Z
3b6f9f09-9d8c-53d6-8abb-47c7195612e9,f2856ae5-c561-5f69-8db8-0495481bb2b0,15c9e979-0994-5a30-a16c-9632f1665825,7e85c9cb-6d82-5446-975b-03413d4d6799,75036bc5-a828-580e-b2f7-7691bc06b540,dfb065b7-3d6a-5b09-a264-a62ac71acb6b,Should work harder.,submitted,2026-03-27T15:00:00Z
b528022f-ee8e-5163-8537-1a1240064c08,f2856ae5-c561-5f69-8db8-0495481bb2b0,15c9e979-0994-5a30-a16c-9632f1665825,7e85c9cb-6d82-5446-975b-03413d4d6799,c24f0173-5a2c-56ea-a5f9-b8b3177a21e6,dfb065b7-3d6a-5b09-a264-a62ac71acb6b,Fair performance; more practice needed.,submitted,2026-03-27T15:00:00Z
56e99aa6-98ca-5a82-a46b-f9365ff3e410,f2856ae5-c561-5f69-8db8-0495481bb2b0,15c9e979-0994-5a30-a16c-9632f1665825,7e85c9cb-6d82-5446-975b-03413d4d6799,ab6464fa-239b-5c73-af30-936494dc0f74,dfb065b7-3d6a-5b09-a264-a62ac71acb6b,Should work harder.,submitted,2026-03-27T15:00:00Z
5bd5f762-989b-5ffe-bfc2-cafb9e3c22ec,f2856ae5-c561-5f69-8db8-0495481bb2b0,15c9e979-0994-5a30-a16c-9632f1665825,7e85c9cb-6d82-5446-975b-03413d4d6799,6eb66697-1bc1-568b-b98c-116eac072caf,dfb065b7-3d6a-5b09-a264-a62ac71acb6b,Should work harder.,submitted,2026-03-27T15:00:00Z
a72039be-478a-58b3-be1e-a9d7e57b693e,f2856ae5-c561-5f69-8db8-0495481bb2b0,15c9e979-0994-5a30-a16c-9632f1665825,7e85c9cb-6d82-5446-975b-03413d4d6799,5678205e-191c-5829-80a7-8f43d185fbe2,dfb065b7-3d6a-5b09-a264-a62ac71acb6b,Urgent improvement needed.,submitted,2026-03-27T15:00:00Z
e92d88f3-193d-5615-b518-b36ce9006e1d,f2856ae5-c561-5f69-8db8-0495481bb2b0,15c9e979-0994-5a30-a16c-9632f1665825,7e85c9cb-6d82-5446-975b-03413d4d6799,a6ddaec7-e728-582d-8971-d9b76e83e286,72fa82de-09c5-522c-bbba-f0a09021a696,Weak; revise regularly.,submitted,2026-03-27T15:00:00Z
0da90b39-19f3-54de-a7f8-f71653766116,f2856ae5-c561-5f69-8db8-0495481bb2b0,15c9e979-0994-5a30-a16c-9632f1665825,7e85c9cb-6d82-5446-975b-03413d4d6799,fec656f4-befe-5fae-8a08-46237f6bf647,dfb065b7-3d6a-5b09-a264-a62ac71acb6b,Needs to work harder.,submitted,2026-03-27T15:00:00Z
0efa37a5-0378-55d2-8cf5-032c29f33c2a,f2856ae5-c561-5f69-8db8-0495481bb2b0,15c9e979-0994-5a30-a16c-9632f1665825,c6f197b8-e3e4-5f8d-a71e-af7b137b88a2,7a136281-e1ee-5169-82fe-e6acde848da6,dfb065b7-3d6a-5b09-a264-a62ac71acb6b,Satisfactory. You can do better.,submitted,2026-03-27T15:00:00Z
6db64ccb-f0ad-5e56-abc0-f7d5787af2d9,f2856ae5-c561-5f69-8db8-0495481bb2b0,15c9e979-0994-5a30-a16c-9632f1665825,c6f197b8-e3e4-5f8d-a71e-af7b137b88a2,75036bc5-a828-580e-b2f7-7691bc06b540,dfb065b7-3d6a-5b09-a264-a62ac71acb6b,Needs to work harder.,submitted,2026-03-27T15:00:00Z
7221dc62-1551-575d-97ff-33bcaa4be6da,f2856ae5-c561-5f69-8db8-0495481bb2b0,15c9e979-0994-5a30-a16c-9632f1665825,c6f197b8-e3e4-5f8d-a71e-af7b137b88a2,c24f0173-5a2c-56ea-a5f9-b8b3177a21e6,dfb065b7-3d6a-5b09-a264-a62ac71acb6b,Weak; revise regularly.,submitted,2026-03-27T15:00:00Z
91705fae-498d-53ef-91ab-218979c66604,f2856ae5-c561-5f69-8db8-0495481bb2b0,15c9e979-0994-5a30-a16c-9632f1665825,c6f197b8-e3e4-5f8d-a71e-af7b137b88a2,ab6464fa-239b-5c73-af30-936494dc0f74,dfb065b7-3d6a-5b09-a264-a62ac71acb6b,Should work harder.,submitted,2026-03-27T15:00:00Z
04abc155-889a-5554-b2e2-78487906fd90,f2856ae5-c561-5f69-8db8-0495481bb2b0,15c9e979-0994-5a30-a16c-9632f1665825,c6f197b8-e3e4-5f8d-a71e-af7b137b88a2,6eb66697-1bc1-568b-b98c-116eac072caf,dfb065b7-3d6a-5b09-a264-a62ac71acb6b,Fair performance; more practice needed.,submitted,2026-03-27T15:00:00Z
20012b14-010e-5baa-96c3-1009e607599b,f2856ae5-c561-5f69-8db8-0495481bb2b0,15c9e979-0994-5a30-a16c-9632f1665825,c6f197b8-e3e4-5f8d-a71e-af7b137b88a2,5678205e-191c-5829-80a7-8f43d185fbe2,dfb065b7-3d6a-5b09-a264-a62ac71acb6b,Should work harder.,submitted,2026-03-27T15:00:00Z
9242d8aa-1742-5cc8-9ad0-531c04936277,f2856ae5-c561-5f69-8db8-0495481bb2b0,15c9e979-0994-5a30-a16c-9632f1665825,c6f197b8-e3e4-5f8d-a71e-af7b137b88a2,a6ddaec7-e728-582d-8971-d9b76e83e286,72fa82de-09c5-522c-bbba-f0a09021a696,Weak; revise regularly.,submitted,2026-03-27T15:00:00Z
927d6888-1e7d-58d4-b3ca-9ba2deb0194f,f2856ae5-c561-5f69-8db8-0495481bb2b0,15c9e979-0994-5a30-a16c-9632f1665825,c6f197b8-e3e4-5f8d-a71e-af7b137b88a2,fec656f4-befe-5fae-8a08-46237f6bf647,dfb065b7-3d6a-5b09-a264-a62ac71acb6b,Satisfactory. You can do better.,submitted,2026-03-27T15:00:00Z
0fb9bea1-4799-53dc-bbbe-20792343ebbf,f2856ae5-c561-5f69-8db8-0495481bb2b0,15c9e979-0994-5a30-a16c-9632f1665825,36b4d88e-d13c-56ce-8167-2bcfd9b7fdeb,fa39a5ce-8d74-50ab-b051-c55c54293f53,2fcc7551-8195-5661-abb4-00763cf1253e,Needs to work harder.,submitted,2026-03-27T15:00:00Z
6ffe9284-b234-5348-bba1-70de549e299e,f2856ae5-c561-5f69-8db8-0495481bb2b0,15c9e979-0994-5a30-a16c-9632f1665825,36b4d88e-d13c-56ce-8167-2bcfd9b7fdeb,8787fb2c-3aab-595f-bae2-94c171200a2a,2fcc7551-8195-5661-abb4-00763cf1253e,Fair performance; more practice needed.,submitted,2026-03-27T15:00:00Z
47f42c86-3348-5f12-a80f-b1f9b443c434,f2856ae5-c561-5f69-8db8-0495481bb2b0,15c9e979-0994-5a30-a16c-9632f1665825,36b4d88e-d13c-56ce-8167-2bcfd9b7fdeb,90a139c0-d617-5f8d-85fb-3200edf40e5b,2fcc7551-8195-5661-abb4-00763cf1253e,Poor performance. Seek extra help.,submitted,2026-03-27T15:00:00Z
90f8977c-148a-5b5d-89a6-dd4bcecfe72f,f2856ae5-c561-5f69-8db8-0495481bb2b0,15c9e979-0994-5a30-a16c-9632f1665825,36b4d88e-d13c-56ce-8167-2bcfd9b7fdeb,a262b708-3da5-51e0-bbdb-8c22497ad608,2fcc7551-8195-5661-abb4-00763cf1253e,Below expectation. Extra effort needed.,submitted,2026-03-27T15:00:00Z
4bab4627-d415-5c69-a75b-0c245fb7baa5,f2856ae5-c561-5f69-8db8-0495481bb2b0,15c9e979-0994-5a30-a16c-9632f1665825,36b4d88e-d13c-56ce-8167-2bcfd9b7fdeb,566601fc-351e-5eae-aa2b-f7d3f8d1873e,2fcc7551-8195-5661-abb4-00763cf1253e,Quite good.,submitted,2026-03-27T15:00:00Z
db3f30ad-17d5-5328-b6dd-d0318c40aa32,f2856ae5-c561-5f69-8db8-0495481bb2b0,15c9e979-0994-5a30-a16c-9632f1665825,36b4d88e-d13c-56ce-8167-2bcfd9b7fdeb,f39a477a-be4c-50f4-b259-cdf650a2af6d,2fcc7551-8195-5661-abb4-00763cf1253e,Satisfactory. You can do better.,submitted,2026-03-27T15:00:00Z
cdbb6d10-a6d8-5897-9c66-b5d3e1b4cb4e,f2856ae5-c561-5f69-8db8-0495481bb2b0,15c9e979-0994-5a30-a16c-9632f1665825,36b4d88e-d13c-56ce-8167-2bcfd9b7fdeb,558e743d-5448-5d14-80fd-478ff53a3176,72fa82de-09c5-522c-bbba-f0a09021a696,Needs to work harder.,submitted,2026-03-27T15:00:00Z
881190e9-5504-524a-8d76-fa0571db4271,f2856ae5-c561-5f69-8db8-0495481bb2b0,15c9e979-0994-5a30-a16c-9632f1665825,36b4d88e-d13c-56ce-8167-2bcfd9b7fdeb,5795804f-1e50-5da4-bb51-1dcddfa1b3a3,2fcc7551-8195-5661-abb4-00763cf1253e,Should work harder.,submitted,2026-03-27T15:00:00Z
ccfadfee-4ef9-5a9f-bcc4-9e40cb8ff82b,f2856ae5-c561-5f69-8db8-0495481bb2b0,15c9e979-0994-5a30-a16c-9632f1665825,9d9c681e-943e-5556-a1f8-4285cf626553,fa39a5ce-8d74-50ab-b051-c55c54293f53,2fcc7551-8195-5661-abb4-00763cf1253e,Poor performance. Seek extra help.,submitted,2026-03-27T15:00:00Z
4766a045-b80b-58c2-80b8-26167d06a238,f2856ae5-c561-5f69-8db8-0495481bb2b0,15c9e979-0994-5a30-a16c-9632f1665825,9d9c681e-943e-5556-a1f8-4285cf626553,8787fb2c-3aab-595f-bae2-94c171200a2a,2fcc7551-8195-5661-abb4-00763cf1253e,Urgent improvement needed.,submitted,2026-03-27T15:00:00Z
eaa67c10-0974-5999-9d8f-f632e340e1fd,f2856ae5-c561-5f69-8db8-0495481bb2b0,15c9e979-0994-5a30-a16c-9632f1665825,9d9c681e-943e-5556-a1f8-4285cf626553,90a139c0-d617-5f8d-85fb-3200edf40e5b,2fcc7551-8195-5661-abb4-00763cf1253e,Test 2 outstanding (absent). Result to be completed.,submitted,2026-03-27T15:00:00Z
32a07dbd-033f-5e98-8ac6-f616cb55ad7c,f2856ae5-c561-5f69-8db8-0495481bb2b0,15c9e979-0994-5a30-a16c-9632f1665825,9d9c681e-943e-5556-a1f8-4285cf626553,a262b708-3da5-51e0-bbdb-8c22497ad608,2fcc7551-8195-5661-abb4-00763cf1253e,Needs to work harder.,submitted,2026-03-27T15:00:00Z
501798d9-1c58-570a-bec6-f67ba68d4805,f2856ae5-c561-5f69-8db8-0495481bb2b0,15c9e979-0994-5a30-a16c-9632f1665825,9d9c681e-943e-5556-a1f8-4285cf626553,566601fc-351e-5eae-aa2b-f7d3f8d1873e,2fcc7551-8195-5661-abb4-00763cf1253e,Poor performance. Seek extra help.,submitted,2026-03-27T15:00:00Z
bcf9ddea-4df0-5195-b015-70eff05e7d6d,f2856ae5-c561-5f69-8db8-0495481bb2b0,15c9e979-0994-5a30-a16c-9632f1665825,9d9c681e-943e-5556-a1f8-4285cf626553,f39a477a-be4c-50f4-b259-cdf650a2af6d,2fcc7551-8195-5661-abb4-00763cf1253e,Weak; revise regularly.,submitted,2026-03-27T15:00:00Z
977dfa97-b457-590f-8061-d36ffb0ba979,f2856ae5-c561-5f69-8db8-0495481bb2b0,15c9e979-0994-5a30-a16c-9632f1665825,9d9c681e-943e-5556-a1f8-4285cf626553,558e743d-5448-5d14-80fd-478ff53a3176,72fa82de-09c5-522c-bbba-f0a09021a696,Urgent improvement needed.,submitted,2026-03-27T15:00:00Z
3c9ae053-a4a9-5b4b-bb68-eddf12625d3e,f2856ae5-c561-5f69-8db8-0495481bb2b0,15c9e979-0994-5a30-a16c-9632f1665825,9d9c681e-943e-5556-a1f8-4285cf626553,5795804f-1e50-5da4-bb51-1dcddfa1b3a3,2fcc7551-8195-5661-abb4-00763cf1253e,Poor performance. Seek extra help.,submitted,2026-03-27T15:00:00Z
7ad003db-8a44-5f3a-9f83-28d035a2fd13,f2856ae5-c561-5f69-8db8-0495481bb2b0,15c9e979-0994-5a30-a16c-9632f1665825,c763c069-467d-50db-afbd-6af8e6ee81f2,fa39a5ce-8d74-50ab-b051-c55c54293f53,2fcc7551-8195-5661-abb4-00763cf1253e,Urgent improvement needed.,submitted,2026-03-27T15:00:00Z
851d445c-faca-5b12-90e0-8180741618b2,f2856ae5-c561-5f69-8db8-0495481bb2b0,15c9e979-0994-5a30-a16c-9632f1665825,c763c069-467d-50db-afbd-6af8e6ee81f2,8787fb2c-3aab-595f-bae2-94c171200a2a,2fcc7551-8195-5661-abb4-00763cf1253e,Test 2 outstanding (absent). Result to be completed.,submitted,2026-03-27T15:00:00Z
3dd41350-7d4e-5e98-add7-5f70c748360e,f2856ae5-c561-5f69-8db8-0495481bb2b0,15c9e979-0994-5a30-a16c-9632f1665825,c763c069-467d-50db-afbd-6af8e6ee81f2,90a139c0-d617-5f8d-85fb-3200edf40e5b,2fcc7551-8195-5661-abb4-00763cf1253e,Needs to work harder.,submitted,2026-03-27T15:00:00Z
52e7c87e-4cdb-54ca-ab04-75b520f8cdf5,f2856ae5-c561-5f69-8db8-0495481bb2b0,15c9e979-0994-5a30-a16c-9632f1665825,c763c069-467d-50db-afbd-6af8e6ee81f2,a262b708-3da5-51e0-bbdb-8c22497ad608,2fcc7551-8195-5661-abb4-00763cf1253e,Needs to work harder.,submitted,2026-03-27T15:00:00Z
9306cc5d-c25e-5116-b1db-cc85b612198a,f2856ae5-c561-5f69-8db8-0495481bb2b0,15c9e979-0994-5a30-a16c-9632f1665825,c763c069-467d-50db-afbd-6af8e6ee81f2,566601fc-351e-5eae-aa2b-f7d3f8d1873e,2fcc7551-8195-5661-abb4-00763cf1253e,Weak; revise regularly.,submitted,2026-03-27T15:00:00Z
a6ecbe39-b8e1-5673-8160-d60abb76e372,f2856ae5-c561-5f69-8db8-0495481bb2b0,15c9e979-0994-5a30-a16c-9632f1665825,c763c069-467d-50db-afbd-6af8e6ee81f2,f39a477a-be4c-50f4-b259-cdf650a2af6d,2fcc7551-8195-5661-abb4-00763cf1253e,Below expectation. Extra effort needed.,submitted,2026-03-27T15:00:00Z
a96da664-187c-53e1-b099-e3b8eb4ca324,f2856ae5-c561-5f69-8db8-0495481bb2b0,15c9e979-0994-5a30-a16c-9632f1665825,c763c069-467d-50db-afbd-6af8e6ee81f2,558e743d-5448-5d14-80fd-478ff53a3176,72fa82de-09c5-522c-bbba-f0a09021a696,Satisfactory. You can do better.,submitted,2026-03-27T15:00:00Z
7cd1d373-3d90-59c3-ae93-e98d31c0efeb,f2856ae5-c561-5f69-8db8-0495481bb2b0,15c9e979-0994-5a30-a16c-9632f1665825,c763c069-467d-50db-afbd-6af8e6ee81f2,5795804f-1e50-5da4-bb51-1dcddfa1b3a3,2fcc7551-8195-5661-abb4-00763cf1253e,Fair performance; more practice needed.,submitted,2026-03-27T15:00:00Z
0a805972-1590-5e54-8fc3-9e1ed7db3550,f2856ae5-c561-5f69-8db8-0495481bb2b0,15c9e979-0994-5a30-a16c-9632f1665825,3278e9eb-6c70-56a6-a5e0-439c4a8d04f5,fa39a5ce-8d74-50ab-b051-c55c54293f53,2fcc7551-8195-5661-abb4-00763cf1253e,Test 2 outstanding (absent). Result to be completed.,submitted,2026-03-27T15:00:00Z
806ec7a6-f2ff-5210-8d62-128baee5ee5f,f2856ae5-c561-5f69-8db8-0495481bb2b0,15c9e979-0994-5a30-a16c-9632f1665825,3278e9eb-6c70-56a6-a5e0-439c4a8d04f5,8787fb2c-3aab-595f-bae2-94c171200a2a,2fcc7551-8195-5661-abb4-00763cf1253e,Pleasing performance.,submitted,2026-03-27T15:00:00Z
891c741f-4a52-5d1a-a6ec-7835add483ba,f2856ae5-c561-5f69-8db8-0495481bb2b0,15c9e979-0994-5a30-a16c-9632f1665825,3278e9eb-6c70-56a6-a5e0-439c4a8d04f5,90a139c0-d617-5f8d-85fb-3200edf40e5b,2fcc7551-8195-5661-abb4-00763cf1253e,Excellent performance. Keep it up!,submitted,2026-03-27T15:00:00Z
05575c9d-788a-5527-8ce8-bffa77f5b126,f2856ae5-c561-5f69-8db8-0495481bb2b0,15c9e979-0994-5a30-a16c-9632f1665825,3278e9eb-6c70-56a6-a5e0-439c4a8d04f5,a262b708-3da5-51e0-bbdb-8c22497ad608,2fcc7551-8195-5661-abb4-00763cf1253e,Fair performance; more practice needed.,submitted,2026-03-27T15:00:00Z
5af11942-6d03-547c-b437-3c11a3ffe50a,f2856ae5-c561-5f69-8db8-0495481bb2b0,15c9e979-0994-5a30-a16c-9632f1665825,3278e9eb-6c70-56a6-a5e0-439c4a8d04f5,566601fc-351e-5eae-aa2b-f7d3f8d1873e,2fcc7551-8195-5661-abb4-00763cf1253e,Pleasing performance.,submitted,2026-03-27T15:00:00Z
81f7d68f-7de6-57e6-aead-3dc10254f978,f2856ae5-c561-5f69-8db8-0495481bb2b0,15c9e979-0994-5a30-a16c-9632f1665825,3278e9eb-6c70-56a6-a5e0-439c4a8d04f5,f39a477a-be4c-50f4-b259-cdf650a2af6d,2fcc7551-8195-5661-abb4-00763cf1253e,"Very pleasing, keep it up.",submitted,2026-03-27T15:00:00Z
894ee22e-e40b-5370-89bd-f6f365f9b7e1,f2856ae5-c561-5f69-8db8-0495481bb2b0,15c9e979-0994-5a30-a16c-9632f1665825,3278e9eb-6c70-56a6-a5e0-439c4a8d04f5,558e743d-5448-5d14-80fd-478ff53a3176,72fa82de-09c5-522c-bbba-f0a09021a696,Should work harder.,submitted,2026-03-27T15:00:00Z
c52f6754-3b2d-5373-8200-5354557c7d82,f2856ae5-c561-5f69-8db8-0495481bb2b0,15c9e979-0994-5a30-a16c-9632f1665825,3278e9eb-6c70-56a6-a5e0-439c4a8d04f5,5795804f-1e50-5da4-bb51-1dcddfa1b3a3,2fcc7551-8195-5661-abb4-00763cf1253e,Very good performance.,submitted,2026-03-27T15:00:00Z
08f29b1e-818b-5f63-99e5-8e6f6ae16b44,f2856ae5-c561-5f69-8db8-0495481bb2b0,15c9e979-0994-5a30-a16c-9632f1665825,2e2dbb36-0c9c-5295-8376-28b4dff31e8e,fa39a5ce-8d74-50ab-b051-c55c54293f53,2fcc7551-8195-5661-abb4-00763cf1253e,Poor performance. Seek extra help.,submitted,2026-03-27T15:00:00Z
e12c2ad8-2e8e-56d6-9cc5-da5e80657ca3,f2856ae5-c561-5f69-8db8-0495481bb2b0,15c9e979-0994-5a30-a16c-9632f1665825,2e2dbb36-0c9c-5295-8376-28b4dff31e8e,8787fb2c-3aab-595f-bae2-94c171200a2a,2fcc7551-8195-5661-abb4-00763cf1253e,Satisfactory. You can do better.,submitted,2026-03-27T15:00:00Z
6de7c1df-cd64-5db5-ac95-f163fe832c6e,f2856ae5-c561-5f69-8db8-0495481bb2b0,15c9e979-0994-5a30-a16c-9632f1665825,2e2dbb36-0c9c-5295-8376-28b4dff31e8e,90a139c0-d617-5f8d-85fb-3200edf40e5b,2fcc7551-8195-5661-abb4-00763cf1253e,Quite good.,submitted,2026-03-27T15:00:00Z
60643765-b21f-58ee-849b-24269516aad2,f2856ae5-c561-5f69-8db8-0495481bb2b0,15c9e979-0994-5a30-a16c-9632f1665825,2e2dbb36-0c9c-5295-8376-28b4dff31e8e,a262b708-3da5-51e0-bbdb-8c22497ad608,2fcc7551-8195-5661-abb4-00763cf1253e,Weak; revise regularly.,submitted,2026-03-27T15:00:00Z
d69eed2d-2e25-58fe-98eb-e2dd4ff1ba3e,f2856ae5-c561-5f69-8db8-0495481bb2b0,15c9e979-0994-5a30-a16c-9632f1665825,2e2dbb36-0c9c-5295-8376-28b4dff31e8e,566601fc-351e-5eae-aa2b-f7d3f8d1873e,2fcc7551-8195-5661-abb4-00763cf1253e,Satisfactory. You can do better.,submitted,2026-03-27T15:00:00Z
ec43db88-bfb2-514c-8b70-031d3563888c,f2856ae5-c561-5f69-8db8-0495481bb2b0,15c9e979-0994-5a30-a16c-9632f1665825,2e2dbb36-0c9c-5295-8376-28b4dff31e8e,f39a477a-be4c-50f4-b259-cdf650a2af6d,2fcc7551-8195-5661-abb4-00763cf1253e,Fair performance; more practice needed.,submitted,2026-03-27T15:00:00Z
654b6306-c00d-53e4-ba83-c24dfa7757ca,f2856ae5-c561-5f69-8db8-0495481bb2b0,15c9e979-0994-5a30-a16c-9632f1665825,2e2dbb36-0c9c-5295-8376-28b4dff31e8e,558e743d-5448-5d14-80fd-478ff53a3176,72fa82de-09c5-522c-bbba-f0a09021a696,Fair performance; more practice needed.,submitted,2026-03-27T15:00:00Z
8ce932a6-2e9a-5ccb-a3db-1591dfffe4e8,f2856ae5-c561-5f69-8db8-0495481bb2b0,15c9e979-0994-5a30-a16c-9632f1665825,2e2dbb36-0c9c-5295-8376-28b4dff31e8e,5795804f-1e50-5da4-bb51-1dcddfa1b3a3,2fcc7551-8195-5661-abb4-00763cf1253e,Weak; revise regularly.,submitted,2026-03-27T15:00:00Z
b03f705f-8b29-540a-b059-2db8144a3faf,f2856ae5-c561-5f69-8db8-0495481bb2b0,15c9e979-0994-5a30-a16c-9632f1665825,c5ff99af-dddb-5e24-8141-91483e0394f5,fa39a5ce-8d74-50ab-b051-c55c54293f53,2fcc7551-8195-5661-abb4-00763cf1253e,Needs to work harder.,submitted,2026-03-27T15:00:00Z
08c0666a-fc8d-50fc-b07b-b2f2ce12452d,f2856ae5-c561-5f69-8db8-0495481bb2b0,15c9e979-0994-5a30-a16c-9632f1665825,c5ff99af-dddb-5e24-8141-91483e0394f5,8787fb2c-3aab-595f-bae2-94c171200a2a,2fcc7551-8195-5661-abb4-00763cf1253e,Urgent improvement needed.,submitted,2026-03-27T15:00:00Z
f3da6b12-080b-5067-be21-ac7b4f7388f9,f2856ae5-c561-5f69-8db8-0495481bb2b0,15c9e979-0994-5a30-a16c-9632f1665825,c5ff99af-dddb-5e24-8141-91483e0394f5,90a139c0-d617-5f8d-85fb-3200edf40e5b,2fcc7551-8195-5661-abb4-00763cf1253e,Needs to work harder.,submitted,2026-03-27T15:00:00Z
f3b1353d-227d-5160-92f4-cfa01520669d,f2856ae5-c561-5f69-8db8-0495481bb2b0,15c9e979-0994-5a30-a16c-9632f1665825,c5ff99af-dddb-5e24-8141-91483e0394f5,a262b708-3da5-51e0-bbdb-8c22497ad608,2fcc7551-8195-5661-abb4-00763cf1253e,Weak; revise regularly.,submitted,2026-03-27T15:00:00Z
bff3a05b-056d-5d12-8991-32b8a53cddd1,f2856ae5-c561-5f69-8db8-0495481bb2b0,15c9e979-0994-5a30-a16c-9632f1665825,c5ff99af-dddb-5e24-8141-91483e0394f5,566601fc-351e-5eae-aa2b-f7d3f8d1873e,2fcc7551-8195-5661-abb4-00763cf1253e,Weak; revise regularly.,submitted,2026-03-27T15:00:00Z
09293160-5c97-51e8-a005-606c37a60529,f2856ae5-c561-5f69-8db8-0495481bb2b0,15c9e979-0994-5a30-a16c-9632f1665825,c5ff99af-dddb-5e24-8141-91483e0394f5,f39a477a-be4c-50f4-b259-cdf650a2af6d,2fcc7551-8195-5661-abb4-00763cf1253e,Weak; revise regularly.,submitted,2026-03-27T15:00:00Z
cc371c06-bf77-5cac-a371-99ec14376e1b,f2856ae5-c561-5f69-8db8-0495481bb2b0,15c9e979-0994-5a30-a16c-9632f1665825,c5ff99af-dddb-5e24-8141-91483e0394f5,558e743d-5448-5d14-80fd-478ff53a3176,72fa82de-09c5-522c-bbba-f0a09021a696,Weak; revise regularly.,submitted,2026-03-27T15:00:00Z
cf8e276f-43a5-50ec-adeb-ae8578ef75f3,f2856ae5-c561-5f69-8db8-0495481bb2b0,15c9e979-0994-5a30-a16c-9632f1665825,c5ff99af-dddb-5e24-8141-91483e0394f5,5795804f-1e50-5da4-bb51-1dcddfa1b3a3,2fcc7551-8195-5661-abb4-00763cf1253e,Poor performance. Seek extra help.,submitted,2026-03-27T15:00:00Z
581e2af6-dff7-5e05-985f-174d038fe4f7,f2856ae5-c561-5f69-8db8-0495481bb2b0,15c9e979-0994-5a30-a16c-9632f1665825,7df76894-e273-5d9d-9ace-65e144085d4a,fa39a5ce-8d74-50ab-b051-c55c54293f53,2fcc7551-8195-5661-abb4-00763cf1253e,Satisfactory. You can do better.,submitted,2026-03-27T15:00:00Z
30fcf9d9-3f12-589c-96d0-8a28e7e318ff,f2856ae5-c561-5f69-8db8-0495481bb2b0,15c9e979-0994-5a30-a16c-9632f1665825,7df76894-e273-5d9d-9ace-65e144085d4a,8787fb2c-3aab-595f-bae2-94c171200a2a,2fcc7551-8195-5661-abb4-00763cf1253e,Weak; revise regularly.,submitted,2026-03-27T15:00:00Z
395d8afc-6517-54ed-91b1-b68fd5d2f0f0,f2856ae5-c561-5f69-8db8-0495481bb2b0,15c9e979-0994-5a30-a16c-9632f1665825,7df76894-e273-5d9d-9ace-65e144085d4a,90a139c0-d617-5f8d-85fb-3200edf40e5b,2fcc7551-8195-5661-abb4-00763cf1253e,Fair performance; more practice needed.,submitted,2026-03-27T15:00:00Z
98b4e7d7-d5ce-5ca3-a261-e9993d92878d,f2856ae5-c561-5f69-8db8-0495481bb2b0,15c9e979-0994-5a30-a16c-9632f1665825,7df76894-e273-5d9d-9ace-65e144085d4a,a262b708-3da5-51e0-bbdb-8c22497ad608,2fcc7551-8195-5661-abb4-00763cf1253e,Weak; revise regularly.,submitted,2026-03-27T15:00:00Z
fcd75a59-360e-532e-8d94-738377fc51c1,f2856ae5-c561-5f69-8db8-0495481bb2b0,15c9e979-0994-5a30-a16c-9632f1665825,7df76894-e273-5d9d-9ace-65e144085d4a,566601fc-351e-5eae-aa2b-f7d3f8d1873e,2fcc7551-8195-5661-abb4-00763cf1253e,Weak; revise regularly.,submitted,2026-03-27T15:00:00Z
b17fdc65-54da-50d2-9a43-c6fe3127e673,f2856ae5-c561-5f69-8db8-0495481bb2b0,15c9e979-0994-5a30-a16c-9632f1665825,7df76894-e273-5d9d-9ace-65e144085d4a,f39a477a-be4c-50f4-b259-cdf650a2af6d,2fcc7551-8195-5661-abb4-00763cf1253e,Quite good.,submitted,2026-03-27T15:00:00Z
8b7b9050-efcb-5e47-b48c-92269a666e43,f2856ae5-c561-5f69-8db8-0495481bb2b0,15c9e979-0994-5a30-a16c-9632f1665825,7df76894-e273-5d9d-9ace-65e144085d4a,558e743d-5448-5d14-80fd-478ff53a3176,72fa82de-09c5-522c-bbba-f0a09021a696,Fair performance; more practice needed.,submitted,2026-03-27T15:00:00Z
8a4a714f-d778-53b9-a387-a4c61880034c,f2856ae5-c561-5f69-8db8-0495481bb2b0,15c9e979-0994-5a30-a16c-9632f1665825,7df76894-e273-5d9d-9ace-65e144085d4a,5795804f-1e50-5da4-bb51-1dcddfa1b3a3,2fcc7551-8195-5661-abb4-00763cf1253e,Satisfactory. You can do better.,submitted,2026-03-27T15:00:00Z
d2a93e9a-531a-5de2-949c-a69af231478a,f2856ae5-c561-5f69-8db8-0495481bb2b0,15c9e979-0994-5a30-a16c-9632f1665825,11e2a464-6f07-5a4e-a03f-bb717288111a,fa39a5ce-8d74-50ab-b051-c55c54293f53,2fcc7551-8195-5661-abb4-00763cf1253e,Urgent improvement needed.,submitted,2026-03-27T15:00:00Z
4c2f43f7-0b56-5414-bb8f-d2965bbda4a4,f2856ae5-c561-5f69-8db8-0495481bb2b0,15c9e979-0994-5a30-a16c-9632f1665825,11e2a464-6f07-5a4e-a03f-bb717288111a,8787fb2c-3aab-595f-bae2-94c171200a2a,2fcc7551-8195-5661-abb4-00763cf1253e,Urgent improvement needed.,submitted,2026-03-27T15:00:00Z
93f8d1a2-544c-5924-8103-54131c70b30f,f2856ae5-c561-5f69-8db8-0495481bb2b0,15c9e979-0994-5a30-a16c-9632f1665825,11e2a464-6f07-5a4e-a03f-bb717288111a,90a139c0-d617-5f8d-85fb-3200edf40e5b,2fcc7551-8195-5661-abb4-00763cf1253e,Urgent improvement needed.,submitted,2026-03-27T15:00:00Z
ee95f730-fc5a-5ff8-9403-819ef1a14d04,f2856ae5-c561-5f69-8db8-0495481bb2b0,15c9e979-0994-5a30-a16c-9632f1665825,11e2a464-6f07-5a4e-a03f-bb717288111a,a262b708-3da5-51e0-bbdb-8c22497ad608,2fcc7551-8195-5661-abb4-00763cf1253e,Very weak. Please see the teacher for support.,submitted,2026-03-27T15:00:00Z
ef9bdbaa-6950-5cfb-ab72-415fef68595f,f2856ae5-c561-5f69-8db8-0495481bb2b0,15c9e979-0994-5a30-a16c-9632f1665825,11e2a464-6f07-5a4e-a03f-bb717288111a,566601fc-351e-5eae-aa2b-f7d3f8d1873e,2fcc7551-8195-5661-abb4-00763cf1253e,Urgent improvement needed.,submitted,2026-03-27T15:00:00Z
8cc73fc3-bace-558f-9059-1adc799c211e,f2856ae5-c561-5f69-8db8-0495481bb2b0,15c9e979-0994-5a30-a16c-9632f1665825,11e2a464-6f07-5a4e-a03f-bb717288111a,f39a477a-be4c-50f4-b259-cdf650a2af6d,2fcc7551-8195-5661-abb4-00763cf1253e,Very weak. Please see the teacher for support.,submitted,2026-03-27T15:00:00Z
effe74a0-1d4b-5bba-9602-66a65ee72fdc,f2856ae5-c561-5f69-8db8-0495481bb2b0,15c9e979-0994-5a30-a16c-9632f1665825,11e2a464-6f07-5a4e-a03f-bb717288111a,558e743d-5448-5d14-80fd-478ff53a3176,72fa82de-09c5-522c-bbba-f0a09021a696,Urgent improvement needed.,submitted,2026-03-27T15:00:00Z
dcb949a5-23a7-5983-b3ee-31df66e9d898,f2856ae5-c561-5f69-8db8-0495481bb2b0,15c9e979-0994-5a30-a16c-9632f1665825,11e2a464-6f07-5a4e-a03f-bb717288111a,5795804f-1e50-5da4-bb51-1dcddfa1b3a3,2fcc7551-8195-5661-abb4-00763cf1253e,Urgent improvement needed.,submitted,2026-03-27T15:00:00Z
27ca376d-52d7-517e-a84c-33a02fc979fd,f2856ae5-c561-5f69-8db8-0495481bb2b0,15c9e979-0994-5a30-a16c-9632f1665825,70e65636-5347-5d9d-bfcb-bfd229d62a05,fa39a5ce-8d74-50ab-b051-c55c54293f53,2fcc7551-8195-5661-abb4-00763cf1253e,Weak; revise regularly.,submitted,2026-03-27T15:00:00Z
2c23ff64-5b54-5c93-a878-df593634e544,f2856ae5-c561-5f69-8db8-0495481bb2b0,15c9e979-0994-5a30-a16c-9632f1665825,70e65636-5347-5d9d-bfcb-bfd229d62a05,8787fb2c-3aab-595f-bae2-94c171200a2a,2fcc7551-8195-5661-abb4-00763cf1253e,Needs to work harder.,submitted,2026-03-27T15:00:00Z
4b46aae0-fc05-5c68-967b-3cc5b62e8420,f2856ae5-c561-5f69-8db8-0495481bb2b0,15c9e979-0994-5a30-a16c-9632f1665825,70e65636-5347-5d9d-bfcb-bfd229d62a05,90a139c0-d617-5f8d-85fb-3200edf40e5b,2fcc7551-8195-5661-abb4-00763cf1253e,Fair performance; more practice needed.,submitted,2026-03-27T15:00:00Z
780010d6-f667-5abf-a785-ffc5d0a0962a,f2856ae5-c561-5f69-8db8-0495481bb2b0,15c9e979-0994-5a30-a16c-9632f1665825,70e65636-5347-5d9d-bfcb-bfd229d62a05,a262b708-3da5-51e0-bbdb-8c22497ad608,2fcc7551-8195-5661-abb4-00763cf1253e,Poor performance. Seek extra help.,submitted,2026-03-27T15:00:00Z
2bd56449-5a67-580f-ae7b-5382671712f3,f2856ae5-c561-5f69-8db8-0495481bb2b0,15c9e979-0994-5a30-a16c-9632f1665825,70e65636-5347-5d9d-bfcb-bfd229d62a05,566601fc-351e-5eae-aa2b-f7d3f8d1873e,2fcc7551-8195-5661-abb4-00763cf1253e,Urgent improvement needed.,submitted,2026-03-27T15:00:00Z
a27bf465-0468-5070-94c8-4da5160852d3,f2856ae5-c561-5f69-8db8-0495481bb2b0,15c9e979-0994-5a30-a16c-9632f1665825,70e65636-5347-5d9d-bfcb-bfd229d62a05,f39a477a-be4c-50f4-b259-cdf650a2af6d,2fcc7551-8195-5661-abb4-00763cf1253e,Satisfactory. You can do better.,submitted,2026-03-27T15:00:00Z
8e063027-0b96-5741-b052-11894f13a17b,f2856ae5-c561-5f69-8db8-0495481bb2b0,15c9e979-0994-5a30-a16c-9632f1665825,70e65636-5347-5d9d-bfcb-bfd229d62a05,558e743d-5448-5d14-80fd-478ff53a3176,72fa82de-09c5-522c-bbba-f0a09021a696,Fair performance; more practice needed.,submitted,2026-03-27T15:00:00Z
6f2109ea-1e7b-5cbd-b721-3057903434d9,f2856ae5-c561-5f69-8db8-0495481bb2b0,15c9e979-0994-5a30-a16c-9632f1665825,70e65636-5347-5d9d-bfcb-bfd229d62a05,5795804f-1e50-5da4-bb51-1dcddfa1b3a3,2fcc7551-8195-5661-abb4-00763cf1253e,Weak; revise regularly.,submitted,2026-03-27T15:00:00Z
fc198445-4f17-5ebc-bad6-d7c390b10dc1,f2856ae5-c561-5f69-8db8-0495481bb2b0,15c9e979-0994-5a30-a16c-9632f1665825,4548863c-08be-52e9-9722-e77e9efd1a95,fa39a5ce-8d74-50ab-b051-c55c54293f53,2fcc7551-8195-5661-abb4-00763cf1253e,Weak; revise regularly.,submitted,2026-03-27T15:00:00Z
483ad378-209e-5351-ab89-344f9117e26a,f2856ae5-c561-5f69-8db8-0495481bb2b0,15c9e979-0994-5a30-a16c-9632f1665825,4548863c-08be-52e9-9722-e77e9efd1a95,8787fb2c-3aab-595f-bae2-94c171200a2a,2fcc7551-8195-5661-abb4-00763cf1253e,Below expectation. Extra effort needed.,submitted,2026-03-27T15:00:00Z
ca2916d5-9194-5570-a6e0-3578d8b1171c,f2856ae5-c561-5f69-8db8-0495481bb2b0,15c9e979-0994-5a30-a16c-9632f1665825,4548863c-08be-52e9-9722-e77e9efd1a95,90a139c0-d617-5f8d-85fb-3200edf40e5b,2fcc7551-8195-5661-abb4-00763cf1253e,Needs to work harder.,submitted,2026-03-27T15:00:00Z
4900eced-ffb3-5967-9d83-a93ebdaf048c,f2856ae5-c561-5f69-8db8-0495481bb2b0,15c9e979-0994-5a30-a16c-9632f1665825,4548863c-08be-52e9-9722-e77e9efd1a95,a262b708-3da5-51e0-bbdb-8c22497ad608,2fcc7551-8195-5661-abb4-00763cf1253e,Urgent improvement needed.,submitted,2026-03-27T15:00:00Z
acb111a6-aa4e-567b-b513-ac07139b03fa,f2856ae5-c561-5f69-8db8-0495481bb2b0,15c9e979-0994-5a30-a16c-9632f1665825,4548863c-08be-52e9-9722-e77e9efd1a95,566601fc-351e-5eae-aa2b-f7d3f8d1873e,2fcc7551-8195-5661-abb4-00763cf1253e,Urgent improvement needed.,submitted,2026-03-27T15:00:00Z
8ad96c70-6e02-58ac-864c-30a3baf9b6ed,f2856ae5-c561-5f69-8db8-0495481bb2b0,15c9e979-0994-5a30-a16c-9632f1665825,4548863c-08be-52e9-9722-e77e9efd1a95,f39a477a-be4c-50f4-b259-cdf650a2af6d,2fcc7551-8195-5661-abb4-00763cf1253e,Satisfactory. You can do better.,submitted,2026-03-27T15:00:00Z
6a9fb3c3-e30f-5234-a4ad-b3e0013ffde7,f2856ae5-c561-5f69-8db8-0495481bb2b0,15c9e979-0994-5a30-a16c-9632f1665825,4548863c-08be-52e9-9722-e77e9efd1a95,558e743d-5448-5d14-80fd-478ff53a3176,72fa82de-09c5-522c-bbba-f0a09021a696,Should work harder.,submitted,2026-03-27T15:00:00Z
ecd5d0df-6001-560b-a2ba-4cbd69dd758e,f2856ae5-c561-5f69-8db8-0495481bb2b0,15c9e979-0994-5a30-a16c-9632f1665825,4548863c-08be-52e9-9722-e77e9efd1a95,5795804f-1e50-5da4-bb51-1dcddfa1b3a3,2fcc7551-8195-5661-abb4-00763cf1253e,Pleasing performance.,submitted,2026-03-27T15:00:00Z
c23bae4f-1728-5d98-b734-66e5a8599989,f2856ae5-c561-5f69-8db8-0495481bb2b0,15c9e979-0994-5a30-a16c-9632f1665825,4039fe24-0627-5ba4-a42f-6a9953a9795f,99038a6a-9e85-5c68-829f-98814dad8b77,cdc27f92-2037-5191-bdf4-6c262b1949de,Very weak. Please see the teacher for support.,submitted,2026-03-27T15:00:00Z
5477112b-f402-5cd0-bf7e-2843b461c307,f2856ae5-c561-5f69-8db8-0495481bb2b0,15c9e979-0994-5a30-a16c-9632f1665825,4039fe24-0627-5ba4-a42f-6a9953a9795f,101b0203-b079-5ee3-95e7-25da006a3491,cdc27f92-2037-5191-bdf4-6c262b1949de,Urgent improvement needed.,submitted,2026-03-27T15:00:00Z
758f89f5-2e19-5532-923d-3341337457b6,f2856ae5-c561-5f69-8db8-0495481bb2b0,15c9e979-0994-5a30-a16c-9632f1665825,4039fe24-0627-5ba4-a42f-6a9953a9795f,1d420eab-2eec-5e74-91cb-ad930f72a00f,cdc27f92-2037-5191-bdf4-6c262b1949de,Urgent improvement needed.,submitted,2026-03-27T15:00:00Z
172445e2-96b4-5fd7-a1af-14ab3e30773a,f2856ae5-c561-5f69-8db8-0495481bb2b0,15c9e979-0994-5a30-a16c-9632f1665825,4039fe24-0627-5ba4-a42f-6a9953a9795f,c386056b-325c-5d42-8020-fefeb12d171f,cdc27f92-2037-5191-bdf4-6c262b1949de,Fair performance; more practice needed.,submitted,2026-03-27T15:00:00Z
ac73240e-4055-5520-bdf1-2fcd1cede8e3,f2856ae5-c561-5f69-8db8-0495481bb2b0,15c9e979-0994-5a30-a16c-9632f1665825,4039fe24-0627-5ba4-a42f-6a9953a9795f,2921ed77-fb18-5175-acb6-fa1ed8c43fd3,cdc27f92-2037-5191-bdf4-6c262b1949de,Weak; revise regularly.,submitted,2026-03-27T15:00:00Z
0382c3c9-dc22-5834-8d4e-442f9f16d46d,f2856ae5-c561-5f69-8db8-0495481bb2b0,15c9e979-0994-5a30-a16c-9632f1665825,4039fe24-0627-5ba4-a42f-6a9953a9795f,b2c36b14-f823-5052-8a49-d8c5f0af5b35,cdc27f92-2037-5191-bdf4-6c262b1949de,Satisfactory. You can do better.,submitted,2026-03-27T15:00:00Z
dafa092e-aa23-521d-be72-8144e22e38b8,f2856ae5-c561-5f69-8db8-0495481bb2b0,15c9e979-0994-5a30-a16c-9632f1665825,4039fe24-0627-5ba4-a42f-6a9953a9795f,9699d79f-db80-5ee0-ad13-858a163057f1,72fa82de-09c5-522c-bbba-f0a09021a696,Below expectation. Extra effort needed.,submitted,2026-03-27T15:00:00Z
0f8198b2-38d0-5306-bd12-03a3af8dcc73,f2856ae5-c561-5f69-8db8-0495481bb2b0,15c9e979-0994-5a30-a16c-9632f1665825,4039fe24-0627-5ba4-a42f-6a9953a9795f,86ec4194-a816-5cb4-9869-a10b54d1c75d,cdc27f92-2037-5191-bdf4-6c262b1949de,Poor performance. Seek extra help.,submitted,2026-03-27T15:00:00Z
e23d5e9b-93c9-53c6-9f4b-e56c45f548fc,f2856ae5-c561-5f69-8db8-0495481bb2b0,15c9e979-0994-5a30-a16c-9632f1665825,456c9418-8ef7-5122-b7d5-3a0578e77948,99038a6a-9e85-5c68-829f-98814dad8b77,cdc27f92-2037-5191-bdf4-6c262b1949de,Should work harder.,submitted,2026-03-27T15:00:00Z
749d0678-d111-5d26-9180-61638c966a3b,f2856ae5-c561-5f69-8db8-0495481bb2b0,15c9e979-0994-5a30-a16c-9632f1665825,456c9418-8ef7-5122-b7d5-3a0578e77948,101b0203-b079-5ee3-95e7-25da006a3491,cdc27f92-2037-5191-bdf4-6c262b1949de,Quite good.,submitted,2026-03-27T15:00:00Z
61928561-80e8-5d84-b3da-7f2f32eba9e6,f2856ae5-c561-5f69-8db8-0495481bb2b0,15c9e979-0994-5a30-a16c-9632f1665825,456c9418-8ef7-5122-b7d5-3a0578e77948,1d420eab-2eec-5e74-91cb-ad930f72a00f,cdc27f92-2037-5191-bdf4-6c262b1949de,Below expectation. Extra effort needed.,submitted,2026-03-27T15:00:00Z
eef62e35-4ad9-53a9-9e08-5f5552d640bf,f2856ae5-c561-5f69-8db8-0495481bb2b0,15c9e979-0994-5a30-a16c-9632f1665825,456c9418-8ef7-5122-b7d5-3a0578e77948,c386056b-325c-5d42-8020-fefeb12d171f,cdc27f92-2037-5191-bdf4-6c262b1949de,Below expectation. Extra effort needed.,submitted,2026-03-27T15:00:00Z
4981b0de-c8ae-5459-be08-59f587b23675,f2856ae5-c561-5f69-8db8-0495481bb2b0,15c9e979-0994-5a30-a16c-9632f1665825,456c9418-8ef7-5122-b7d5-3a0578e77948,2921ed77-fb18-5175-acb6-fa1ed8c43fd3,cdc27f92-2037-5191-bdf4-6c262b1949de,Satisfactory. You can do better.,submitted,2026-03-27T15:00:00Z
2c3ea9c6-0a79-5d40-97ce-7e1a5cf42a6e,f2856ae5-c561-5f69-8db8-0495481bb2b0,15c9e979-0994-5a30-a16c-9632f1665825,456c9418-8ef7-5122-b7d5-3a0578e77948,b2c36b14-f823-5052-8a49-d8c5f0af5b35,cdc27f92-2037-5191-bdf4-6c262b1949de,Urgent improvement needed.,submitted,2026-03-27T15:00:00Z
7d92d59a-d008-5b8c-95af-238e92388a2e,f2856ae5-c561-5f69-8db8-0495481bb2b0,15c9e979-0994-5a30-a16c-9632f1665825,456c9418-8ef7-5122-b7d5-3a0578e77948,9699d79f-db80-5ee0-ad13-858a163057f1,72fa82de-09c5-522c-bbba-f0a09021a696,Satisfactory. You can do better.,submitted,2026-03-27T15:00:00Z
88b241c9-bb7d-5e4e-b1c6-2400237677ce,f2856ae5-c561-5f69-8db8-0495481bb2b0,15c9e979-0994-5a30-a16c-9632f1665825,456c9418-8ef7-5122-b7d5-3a0578e77948,86ec4194-a816-5cb4-9869-a10b54d1c75d,cdc27f92-2037-5191-bdf4-6c262b1949de,Pleasing performance.,submitted,2026-03-27T15:00:00Z
eaa2ae65-aed5-5881-8169-a5e00b494f95,f2856ae5-c561-5f69-8db8-0495481bb2b0,15c9e979-0994-5a30-a16c-9632f1665825,51555871-ebcd-50a0-bc8d-78efff56c195,99038a6a-9e85-5c68-829f-98814dad8b77,cdc27f92-2037-5191-bdf4-6c262b1949de,Needs to work harder.,submitted,2026-03-27T15:00:00Z
ab34a673-5b20-5247-813c-213f22fdc302,f2856ae5-c561-5f69-8db8-0495481bb2b0,15c9e979-0994-5a30-a16c-9632f1665825,51555871-ebcd-50a0-bc8d-78efff56c195,101b0203-b079-5ee3-95e7-25da006a3491,cdc27f92-2037-5191-bdf4-6c262b1949de,Satisfactory. You can do better.,submitted,2026-03-27T15:00:00Z
5a6ddf9b-8229-5915-b065-ff1ae1d054b5,f2856ae5-c561-5f69-8db8-0495481bb2b0,15c9e979-0994-5a30-a16c-9632f1665825,51555871-ebcd-50a0-bc8d-78efff56c195,1d420eab-2eec-5e74-91cb-ad930f72a00f,cdc27f92-2037-5191-bdf4-6c262b1949de,Satisfactory. You can do better.,submitted,2026-03-27T15:00:00Z
d27a12e2-52c9-5a8c-be6a-dc265491ce8e,f2856ae5-c561-5f69-8db8-0495481bb2b0,15c9e979-0994-5a30-a16c-9632f1665825,51555871-ebcd-50a0-bc8d-78efff56c195,c386056b-325c-5d42-8020-fefeb12d171f,cdc27f92-2037-5191-bdf4-6c262b1949de,Fair performance; more practice needed.,submitted,2026-03-27T15:00:00Z
b53aae44-8b18-51dc-a29b-748fe02b6678,f2856ae5-c561-5f69-8db8-0495481bb2b0,15c9e979-0994-5a30-a16c-9632f1665825,51555871-ebcd-50a0-bc8d-78efff56c195,2921ed77-fb18-5175-acb6-fa1ed8c43fd3,cdc27f92-2037-5191-bdf4-6c262b1949de,Quite good.,submitted,2026-03-27T15:00:00Z
a4b41631-dfa6-53f7-a790-54973f42d448,f2856ae5-c561-5f69-8db8-0495481bb2b0,15c9e979-0994-5a30-a16c-9632f1665825,51555871-ebcd-50a0-bc8d-78efff56c195,b2c36b14-f823-5052-8a49-d8c5f0af5b35,cdc27f92-2037-5191-bdf4-6c262b1949de,"Very pleasing, keep it up.",submitted,2026-03-27T15:00:00Z
bbc8b0ef-aa0d-547b-9581-8832c6800bd6,f2856ae5-c561-5f69-8db8-0495481bb2b0,15c9e979-0994-5a30-a16c-9632f1665825,51555871-ebcd-50a0-bc8d-78efff56c195,9699d79f-db80-5ee0-ad13-858a163057f1,72fa82de-09c5-522c-bbba-f0a09021a696,Satisfactory. You can do better.,submitted,2026-03-27T15:00:00Z
ce9458ba-7c41-5875-a0c2-c6599e35f760,f2856ae5-c561-5f69-8db8-0495481bb2b0,15c9e979-0994-5a30-a16c-9632f1665825,51555871-ebcd-50a0-bc8d-78efff56c195,86ec4194-a816-5cb4-9869-a10b54d1c75d,cdc27f92-2037-5191-bdf4-6c262b1949de,Good effort. Aim higher.,submitted,2026-03-27T15:00:00Z
f34ee64b-12cb-5994-97db-fb2dddc7c58f,f2856ae5-c561-5f69-8db8-0495481bb2b0,15c9e979-0994-5a30-a16c-9632f1665825,aac782a0-2cca-5aa4-8336-9783140f5163,99038a6a-9e85-5c68-829f-98814dad8b77,cdc27f92-2037-5191-bdf4-6c262b1949de,Needs to work harder.,submitted,2026-03-27T15:00:00Z
85129c1c-f2a7-5a20-ada5-6dbb8748a0a7,f2856ae5-c561-5f69-8db8-0495481bb2b0,15c9e979-0994-5a30-a16c-9632f1665825,aac782a0-2cca-5aa4-8336-9783140f5163,101b0203-b079-5ee3-95e7-25da006a3491,cdc27f92-2037-5191-bdf4-6c262b1949de,Below expectation. Extra effort needed.,submitted,2026-03-27T15:00:00Z
ab7b49a6-c712-5c25-b63b-5c49aaca3a23,f2856ae5-c561-5f69-8db8-0495481bb2b0,15c9e979-0994-5a30-a16c-9632f1665825,aac782a0-2cca-5aa4-8336-9783140f5163,1d420eab-2eec-5e74-91cb-ad930f72a00f,cdc27f92-2037-5191-bdf4-6c262b1949de,Urgent improvement needed.,submitted,2026-03-27T15:00:00Z
ec030ee6-1377-5e19-a83b-5b923a6d39c0,f2856ae5-c561-5f69-8db8-0495481bb2b0,15c9e979-0994-5a30-a16c-9632f1665825,aac782a0-2cca-5aa4-8336-9783140f5163,c386056b-325c-5d42-8020-fefeb12d171f,cdc27f92-2037-5191-bdf4-6c262b1949de,Weak; revise regularly.,submitted,2026-03-27T15:00:00Z
d4d4e13a-e5eb-52fe-b047-a4dfd9dbcee4,f2856ae5-c561-5f69-8db8-0495481bb2b0,15c9e979-0994-5a30-a16c-9632f1665825,aac782a0-2cca-5aa4-8336-9783140f5163,2921ed77-fb18-5175-acb6-fa1ed8c43fd3,cdc27f92-2037-5191-bdf4-6c262b1949de,Satisfactory. You can do better.,submitted,2026-03-27T15:00:00Z
2093ef89-3e76-50d1-bd9b-267677009ca7,f2856ae5-c561-5f69-8db8-0495481bb2b0,15c9e979-0994-5a30-a16c-9632f1665825,aac782a0-2cca-5aa4-8336-9783140f5163,b2c36b14-f823-5052-8a49-d8c5f0af5b35,cdc27f92-2037-5191-bdf4-6c262b1949de,Needs to work harder.,submitted,2026-03-27T15:00:00Z
01c040f3-d8e7-55d0-828b-97b37d6fea87,f2856ae5-c561-5f69-8db8-0495481bb2b0,15c9e979-0994-5a30-a16c-9632f1665825,aac782a0-2cca-5aa4-8336-9783140f5163,9699d79f-db80-5ee0-ad13-858a163057f1,72fa82de-09c5-522c-bbba-f0a09021a696,Weak; revise regularly.,submitted,2026-03-27T15:00:00Z
a4c542b4-1738-5f6e-8c71-2c8e30c045b1,f2856ae5-c561-5f69-8db8-0495481bb2b0,15c9e979-0994-5a30-a16c-9632f1665825,aac782a0-2cca-5aa4-8336-9783140f5163,86ec4194-a816-5cb4-9869-a10b54d1c75d,cdc27f92-2037-5191-bdf4-6c262b1949de,Weak; revise regularly.,submitted,2026-03-27T15:00:00Z
6141b85c-12e2-5a6c-9d04-48f7c52d99f8,f2856ae5-c561-5f69-8db8-0495481bb2b0,15c9e979-0994-5a30-a16c-9632f1665825,33d875fd-1aaa-565b-8be3-7f887fe292da,99038a6a-9e85-5c68-829f-98814dad8b77,cdc27f92-2037-5191-bdf4-6c262b1949de,Very weak. Please see the teacher for support.,submitted,2026-03-27T15:00:00Z
ae90877f-73c4-5e24-b1ca-47668a5897d4,f2856ae5-c561-5f69-8db8-0495481bb2b0,15c9e979-0994-5a30-a16c-9632f1665825,33d875fd-1aaa-565b-8be3-7f887fe292da,101b0203-b079-5ee3-95e7-25da006a3491,cdc27f92-2037-5191-bdf4-6c262b1949de,Very weak. Please see the teacher for support.,submitted,2026-03-27T15:00:00Z
83965b29-fbac-5028-be0a-5190a7ff12c9,f2856ae5-c561-5f69-8db8-0495481bb2b0,15c9e979-0994-5a30-a16c-9632f1665825,33d875fd-1aaa-565b-8be3-7f887fe292da,1d420eab-2eec-5e74-91cb-ad930f72a00f,cdc27f92-2037-5191-bdf4-6c262b1949de,Urgent improvement needed.,submitted,2026-03-27T15:00:00Z
07ef0257-38ea-5260-ad7a-fbee31e2c87a,f2856ae5-c561-5f69-8db8-0495481bb2b0,15c9e979-0994-5a30-a16c-9632f1665825,33d875fd-1aaa-565b-8be3-7f887fe292da,c386056b-325c-5d42-8020-fefeb12d171f,cdc27f92-2037-5191-bdf4-6c262b1949de,Very weak. Please see the teacher for support.,submitted,2026-03-27T15:00:00Z
7e920b1e-c7d1-5422-a178-e353a95d73ed,f2856ae5-c561-5f69-8db8-0495481bb2b0,15c9e979-0994-5a30-a16c-9632f1665825,33d875fd-1aaa-565b-8be3-7f887fe292da,2921ed77-fb18-5175-acb6-fa1ed8c43fd3,cdc27f92-2037-5191-bdf4-6c262b1949de,Very weak. Please see the teacher for support.,submitted,2026-03-27T15:00:00Z
9d196e47-4822-5992-8f3f-78970defdf09,f2856ae5-c561-5f69-8db8-0495481bb2b0,15c9e979-0994-5a30-a16c-9632f1665825,33d875fd-1aaa-565b-8be3-7f887fe292da,b2c36b14-f823-5052-8a49-d8c5f0af5b35,cdc27f92-2037-5191-bdf4-6c262b1949de,Very weak. Please see the teacher for support.,submitted,2026-03-27T15:00:00Z
219500e2-90a0-5a63-823d-1bf49ed667f9,f2856ae5-c561-5f69-8db8-0495481bb2b0,15c9e979-0994-5a30-a16c-9632f1665825,33d875fd-1aaa-565b-8be3-7f887fe292da,9699d79f-db80-5ee0-ad13-858a163057f1,72fa82de-09c5-522c-bbba-f0a09021a696,Very weak. Please see the teacher for support.,submitted,2026-03-27T15:00:00Z
8401c9b8-153a-5648-a1dd-d94c5ab91542,f2856ae5-c561-5f69-8db8-0495481bb2b0,15c9e979-0994-5a30-a16c-9632f1665825,33d875fd-1aaa-565b-8be3-7f887fe292da,86ec4194-a816-5cb4-9869-a10b54d1c75d,cdc27f92-2037-5191-bdf4-6c262b1949de,Very weak. Please see the teacher for support.,submitted,2026-03-27T15:00:00Z
c80af01a-d46f-5751-bc12-5ff009a1284c,f2856ae5-c561-5f69-8db8-0495481bb2b0,15c9e979-0994-5a30-a16c-9632f1665825,28df7936-e738-5065-ae0d-8b2607b2a935,99038a6a-9e85-5c68-829f-98814dad8b77,cdc27f92-2037-5191-bdf4-6c262b1949de,Good effort. Aim higher.,submitted,2026-03-27T15:00:00Z
5a86545a-e4e6-5459-9faf-09e2b29a7355,f2856ae5-c561-5f69-8db8-0495481bb2b0,15c9e979-0994-5a30-a16c-9632f1665825,28df7936-e738-5065-ae0d-8b2607b2a935,101b0203-b079-5ee3-95e7-25da006a3491,cdc27f92-2037-5191-bdf4-6c262b1949de,Very good performance.,submitted,2026-03-27T15:00:00Z
c118c1b2-7ded-5514-8a6b-378bf36e7eb9,f2856ae5-c561-5f69-8db8-0495481bb2b0,15c9e979-0994-5a30-a16c-9632f1665825,28df7936-e738-5065-ae0d-8b2607b2a935,1d420eab-2eec-5e74-91cb-ad930f72a00f,cdc27f92-2037-5191-bdf4-6c262b1949de,Pleasing performance.,submitted,2026-03-27T15:00:00Z
a08b7738-f89f-5928-91b9-68395d8daa41,f2856ae5-c561-5f69-8db8-0495481bb2b0,15c9e979-0994-5a30-a16c-9632f1665825,28df7936-e738-5065-ae0d-8b2607b2a935,c386056b-325c-5d42-8020-fefeb12d171f,cdc27f92-2037-5191-bdf4-6c262b1949de,Outstanding work this term.,submitted,2026-03-27T15:00:00Z
d9eac265-97d4-590c-9ffe-3c487112a8f0,f2856ae5-c561-5f69-8db8-0495481bb2b0,15c9e979-0994-5a30-a16c-9632f1665825,28df7936-e738-5065-ae0d-8b2607b2a935,2921ed77-fb18-5175-acb6-fa1ed8c43fd3,cdc27f92-2037-5191-bdf4-6c262b1949de,Well done. Keep it up!,submitted,2026-03-27T15:00:00Z
3f469133-fb7e-5039-843b-713c6287e5ce,f2856ae5-c561-5f69-8db8-0495481bb2b0,15c9e979-0994-5a30-a16c-9632f1665825,28df7936-e738-5065-ae0d-8b2607b2a935,b2c36b14-f823-5052-8a49-d8c5f0af5b35,cdc27f92-2037-5191-bdf4-6c262b1949de,Satisfactory. You can do better.,submitted,2026-03-27T15:00:00Z
200c6b32-5ee6-5019-b2cb-29b8b531c337,f2856ae5-c561-5f69-8db8-0495481bb2b0,15c9e979-0994-5a30-a16c-9632f1665825,28df7936-e738-5065-ae0d-8b2607b2a935,9699d79f-db80-5ee0-ad13-858a163057f1,72fa82de-09c5-522c-bbba-f0a09021a696,Good effort. Aim higher.,submitted,2026-03-27T15:00:00Z
119e70d8-9e28-5cec-a0e9-d40bcb720da8,f2856ae5-c561-5f69-8db8-0495481bb2b0,15c9e979-0994-5a30-a16c-9632f1665825,28df7936-e738-5065-ae0d-8b2607b2a935,86ec4194-a816-5cb4-9869-a10b54d1c75d,cdc27f92-2037-5191-bdf4-6c262b1949de,Very good performance.,submitted,2026-03-27T15:00:00Z
554a0db6-3a35-5fc6-8345-63f66ea4c5d7,f2856ae5-c561-5f69-8db8-0495481bb2b0,15c9e979-0994-5a30-a16c-9632f1665825,37400182-0950-59ab-9b16-a86cef2a6731,99038a6a-9e85-5c68-829f-98814dad8b77,cdc27f92-2037-5191-bdf4-6c262b1949de,Very good performance.,submitted,2026-03-27T15:00:00Z
b1a9f5a4-2dfe-55b3-9fb4-26fd9a26f55a,f2856ae5-c561-5f69-8db8-0495481bb2b0,15c9e979-0994-5a30-a16c-9632f1665825,37400182-0950-59ab-9b16-a86cef2a6731,101b0203-b079-5ee3-95e7-25da006a3491,cdc27f92-2037-5191-bdf4-6c262b1949de,Weak; revise regularly.,submitted,2026-03-27T15:00:00Z
04d4bd6f-a0d9-5b78-a7cc-499132fab346,f2856ae5-c561-5f69-8db8-0495481bb2b0,15c9e979-0994-5a30-a16c-9632f1665825,37400182-0950-59ab-9b16-a86cef2a6731,1d420eab-2eec-5e74-91cb-ad930f72a00f,cdc27f92-2037-5191-bdf4-6c262b1949de,Good effort. Aim higher.,submitted,2026-03-27T15:00:00Z
39dc3b89-c503-5288-a2cb-52d10f9eda15,f2856ae5-c561-5f69-8db8-0495481bb2b0,15c9e979-0994-5a30-a16c-9632f1665825,37400182-0950-59ab-9b16-a86cef2a6731,c386056b-325c-5d42-8020-fefeb12d171f,cdc27f92-2037-5191-bdf4-6c262b1949de,Satisfactory. You can do better.,submitted,2026-03-27T15:00:00Z
3d02c635-cb07-5f3b-b6c7-9e86c6782684,f2856ae5-c561-5f69-8db8-0495481bb2b0,15c9e979-0994-5a30-a16c-9632f1665825,37400182-0950-59ab-9b16-a86cef2a6731,2921ed77-fb18-5175-acb6-fa1ed8c43fd3,cdc27f92-2037-5191-bdf4-6c262b1949de,Good effort. Aim higher.,submitted,2026-03-27T15:00:00Z
35bab6ea-2bba-5f10-9d39-aec2d7a777fe,f2856ae5-c561-5f69-8db8-0495481bb2b0,15c9e979-0994-5a30-a16c-9632f1665825,37400182-0950-59ab-9b16-a86cef2a6731,b2c36b14-f823-5052-8a49-d8c5f0af5b35,cdc27f92-2037-5191-bdf4-6c262b1949de,Excellent performance. Keep it up!,submitted,2026-03-27T15:00:00Z
97287ce8-3b5f-5026-bf4d-c46fdb05bf29,f2856ae5-c561-5f69-8db8-0495481bb2b0,15c9e979-0994-5a30-a16c-9632f1665825,37400182-0950-59ab-9b16-a86cef2a6731,9699d79f-db80-5ee0-ad13-858a163057f1,72fa82de-09c5-522c-bbba-f0a09021a696,Should work harder.,submitted,2026-03-27T15:00:00Z
9cdb63b5-9de4-51fb-8641-b3cec1424f20,f2856ae5-c561-5f69-8db8-0495481bb2b0,15c9e979-0994-5a30-a16c-9632f1665825,37400182-0950-59ab-9b16-a86cef2a6731,86ec4194-a816-5cb4-9869-a10b54d1c75d,cdc27f92-2037-5191-bdf4-6c262b1949de,Good effort. Aim higher.,submitted,2026-03-27T15:00:00Z
6d63599d-3333-56f4-84e8-5d0f60be78ad,f2856ae5-c561-5f69-8db8-0495481bb2b0,15c9e979-0994-5a30-a16c-9632f1665825,6f72004b-8250-5e3a-9466-d8552a1dab2e,99038a6a-9e85-5c68-829f-98814dad8b77,cdc27f92-2037-5191-bdf4-6c262b1949de,Satisfactory. You can do better.,submitted,2026-03-27T15:00:00Z
6d794f3b-e42c-5a4e-b0fe-9b802e6c60cc,f2856ae5-c561-5f69-8db8-0495481bb2b0,15c9e979-0994-5a30-a16c-9632f1665825,6f72004b-8250-5e3a-9466-d8552a1dab2e,101b0203-b079-5ee3-95e7-25da006a3491,cdc27f92-2037-5191-bdf4-6c262b1949de,Below expectation. Extra effort needed.,submitted,2026-03-27T15:00:00Z
b4567745-76bf-52cc-a4ca-bdb97087e3ff,f2856ae5-c561-5f69-8db8-0495481bb2b0,15c9e979-0994-5a30-a16c-9632f1665825,6f72004b-8250-5e3a-9466-d8552a1dab2e,1d420eab-2eec-5e74-91cb-ad930f72a00f,cdc27f92-2037-5191-bdf4-6c262b1949de,Weak; revise regularly.,submitted,2026-03-27T15:00:00Z
3b1a813e-59e2-52a5-9937-f9a2a7a13a24,f2856ae5-c561-5f69-8db8-0495481bb2b0,15c9e979-0994-5a30-a16c-9632f1665825,6f72004b-8250-5e3a-9466-d8552a1dab2e,c386056b-325c-5d42-8020-fefeb12d171f,cdc27f92-2037-5191-bdf4-6c262b1949de,Weak; revise regularly.,submitted,2026-03-27T15:00:00Z
b001fbe3-cd8a-58ea-84dc-bace83b8519c,f2856ae5-c561-5f69-8db8-0495481bb2b0,15c9e979-0994-5a30-a16c-9632f1665825,6f72004b-8250-5e3a-9466-d8552a1dab2e,2921ed77-fb18-5175-acb6-fa1ed8c43fd3,cdc27f92-2037-5191-bdf4-6c262b1949de,Fair performance; more practice needed.,submitted,2026-03-27T15:00:00Z
e7ac89d7-7146-5f98-8b55-db9ef4d16ab2,f2856ae5-c561-5f69-8db8-0495481bb2b0,15c9e979-0994-5a30-a16c-9632f1665825,6f72004b-8250-5e3a-9466-d8552a1dab2e,b2c36b14-f823-5052-8a49-d8c5f0af5b35,cdc27f92-2037-5191-bdf4-6c262b1949de,Weak; revise regularly.,submitted,2026-03-27T15:00:00Z
71a9175a-d434-5d26-a379-149c58aacd29,f2856ae5-c561-5f69-8db8-0495481bb2b0,15c9e979-0994-5a30-a16c-9632f1665825,6f72004b-8250-5e3a-9466-d8552a1dab2e,9699d79f-db80-5ee0-ad13-858a163057f1,72fa82de-09c5-522c-bbba-f0a09021a696,Below expectation. Extra effort needed.,submitted,2026-03-27T15:00:00Z
490c3b43-4593-5faa-9fd2-7e5abd216324,f2856ae5-c561-5f69-8db8-0495481bb2b0,15c9e979-0994-5a30-a16c-9632f1665825,6f72004b-8250-5e3a-9466-d8552a1dab2e,86ec4194-a816-5cb4-9869-a10b54d1c75d,cdc27f92-2037-5191-bdf4-6c262b1949de,Below expectation. Extra effort needed.,submitted,2026-03-27T15:00:00Z
3e6221bd-bab0-5e02-9d18-3cafe4a8a78d,f2856ae5-c561-5f69-8db8-0495481bb2b0,15c9e979-0994-5a30-a16c-9632f1665825,0dfe39a1-a303-5151-a1cc-3dcb4d78052b,99038a6a-9e85-5c68-829f-98814dad8b77,cdc27f92-2037-5191-bdf4-6c262b1949de,Needs to work harder.,submitted,2026-03-27T15:00:00Z
adc6a872-22e1-5746-b525-c224992f7a31,f2856ae5-c561-5f69-8db8-0495481bb2b0,15c9e979-0994-5a30-a16c-9632f1665825,0dfe39a1-a303-5151-a1cc-3dcb4d78052b,101b0203-b079-5ee3-95e7-25da006a3491,cdc27f92-2037-5191-bdf4-6c262b1949de,Urgent improvement needed.,submitted,2026-03-27T15:00:00Z
19f32c86-3cac-5a23-8b04-803b75c59c88,f2856ae5-c561-5f69-8db8-0495481bb2b0,15c9e979-0994-5a30-a16c-9632f1665825,0dfe39a1-a303-5151-a1cc-3dcb4d78052b,1d420eab-2eec-5e74-91cb-ad930f72a00f,cdc27f92-2037-5191-bdf4-6c262b1949de,Very weak. Please see the teacher for support.,submitted,2026-03-27T15:00:00Z
4fcb2f6b-821f-540a-bc43-b0ea6fda259b,f2856ae5-c561-5f69-8db8-0495481bb2b0,15c9e979-0994-5a30-a16c-9632f1665825,0dfe39a1-a303-5151-a1cc-3dcb4d78052b,c386056b-325c-5d42-8020-fefeb12d171f,cdc27f92-2037-5191-bdf4-6c262b1949de,Poor performance. Seek extra help.,submitted,2026-03-27T15:00:00Z
a7b7e446-114b-5f98-956d-a9788c4ba596,f2856ae5-c561-5f69-8db8-0495481bb2b0,15c9e979-0994-5a30-a16c-9632f1665825,0dfe39a1-a303-5151-a1cc-3dcb4d78052b,2921ed77-fb18-5175-acb6-fa1ed8c43fd3,cdc27f92-2037-5191-bdf4-6c262b1949de,Weak; revise regularly.,submitted,2026-03-27T15:00:00Z
ec607e05-f3e7-56b0-b412-1832fa349ead,f2856ae5-c561-5f69-8db8-0495481bb2b0,15c9e979-0994-5a30-a16c-9632f1665825,0dfe39a1-a303-5151-a1cc-3dcb4d78052b,b2c36b14-f823-5052-8a49-d8c5f0af5b35,cdc27f92-2037-5191-bdf4-6c262b1949de,Very weak. Please see the teacher for support.,submitted,2026-03-27T15:00:00Z
2ecf9250-2980-582e-8340-e8b9da6f0a2e,f2856ae5-c561-5f69-8db8-0495481bb2b0,15c9e979-0994-5a30-a16c-9632f1665825,0dfe39a1-a303-5151-a1cc-3dcb4d78052b,9699d79f-db80-5ee0-ad13-858a163057f1,72fa82de-09c5-522c-bbba-f0a09021a696,Poor performance. Seek extra help.,submitted,2026-03-27T15:00:00Z
2519cefc-0197-5439-823b-67a26b5e87a8,f2856ae5-c561-5f69-8db8-0495481bb2b0,15c9e979-0994-5a30-a16c-9632f1665825,0dfe39a1-a303-5151-a1cc-3dcb4d78052b,86ec4194-a816-5cb4-9869-a10b54d1c75d,cdc27f92-2037-5191-bdf4-6c262b1949de,Weak; revise regularly.,submitted,2026-03-27T15:00:00Z
aa2fe54f-8aa3-5201-8072-df50e433193a,f2856ae5-c561-5f69-8db8-0495481bb2b0,15c9e979-0994-5a30-a16c-9632f1665825,9f4d81af-740a-5a3e-895c-cfa5007043cd,99038a6a-9e85-5c68-829f-98814dad8b77,cdc27f92-2037-5191-bdf4-6c262b1949de,Pleasing performance.,submitted,2026-03-27T15:00:00Z
fea90c08-ee5c-5858-b75d-964f54618f66,f2856ae5-c561-5f69-8db8-0495481bb2b0,15c9e979-0994-5a30-a16c-9632f1665825,9f4d81af-740a-5a3e-895c-cfa5007043cd,101b0203-b079-5ee3-95e7-25da006a3491,cdc27f92-2037-5191-bdf4-6c262b1949de,Needs to work harder.,submitted,2026-03-27T15:00:00Z
d092b2aa-80b1-5a07-839d-d285df326acd,f2856ae5-c561-5f69-8db8-0495481bb2b0,15c9e979-0994-5a30-a16c-9632f1665825,9f4d81af-740a-5a3e-895c-cfa5007043cd,1d420eab-2eec-5e74-91cb-ad930f72a00f,cdc27f92-2037-5191-bdf4-6c262b1949de,Quite good.,submitted,2026-03-27T15:00:00Z
70e4888d-9fb7-520d-98aa-6c14dd4765a6,f2856ae5-c561-5f69-8db8-0495481bb2b0,15c9e979-0994-5a30-a16c-9632f1665825,9f4d81af-740a-5a3e-895c-cfa5007043cd,c386056b-325c-5d42-8020-fefeb12d171f,cdc27f92-2037-5191-bdf4-6c262b1949de,Below expectation. Extra effort needed.,submitted,2026-03-27T15:00:00Z
e2d0f85a-172c-5b5f-9eae-660f088b8f19,f2856ae5-c561-5f69-8db8-0495481bb2b0,15c9e979-0994-5a30-a16c-9632f1665825,9f4d81af-740a-5a3e-895c-cfa5007043cd,2921ed77-fb18-5175-acb6-fa1ed8c43fd3,cdc27f92-2037-5191-bdf4-6c262b1949de,Weak; revise regularly.,submitted,2026-03-27T15:00:00Z
89e1058c-6aea-56ea-b40f-20466c1a8fbe,f2856ae5-c561-5f69-8db8-0495481bb2b0,15c9e979-0994-5a30-a16c-9632f1665825,9f4d81af-740a-5a3e-895c-cfa5007043cd,b2c36b14-f823-5052-8a49-d8c5f0af5b35,cdc27f92-2037-5191-bdf4-6c262b1949de,Quite good.,submitted,2026-03-27T15:00:00Z
bbd3715f-3a89-577f-94e4-38a3370be5fd,f2856ae5-c561-5f69-8db8-0495481bb2b0,15c9e979-0994-5a30-a16c-9632f1665825,9f4d81af-740a-5a3e-895c-cfa5007043cd,9699d79f-db80-5ee0-ad13-858a163057f1,72fa82de-09c5-522c-bbba-f0a09021a696,Outstanding work this term.,submitted,2026-03-27T15:00:00Z
2366adf2-4f5c-5612-8248-03c74df66fac,f2856ae5-c561-5f69-8db8-0495481bb2b0,15c9e979-0994-5a30-a16c-9632f1665825,9f4d81af-740a-5a3e-895c-cfa5007043cd,86ec4194-a816-5cb4-9869-a10b54d1c75d,cdc27f92-2037-5191-bdf4-6c262b1949de,Satisfactory. You can do better.,submitted,2026-03-27T15:00:00Z
